#,Date-Time (EDT),"Temperature , øC","Light , lux"
1,06/21/2026 09:01:45,20.68,131.32
2,06/21/2026 09:16:45,20.25,356.96
3,06/21/2026 09:31:45,18.14,1087.04
4,06/21/2026 09:46:45,12.82,0.42
5,06/21/2026 10:01:45,12.40,0.21
6,06/21/2026 10:16:45,18.96,62013.44
7,06/21/2026 10:31:45,18.57,48619.52
8,06/21/2026 10:46:45,20.98,49192.96
9,06/21/2026 11:01:45,22.99,26951.68
10,06/21/2026 11:16:45,21.58,89047.04
11,06/21/2026 11:31:45,16.56,20229.12
12,06/21/2026 11:46:45,19.73,23429.12
13,06/21/2026 12:01:45,20.46,22722.56
14,06/21/2026 12:16:45,21.62,47820.80
15,06/21/2026 12:31:45,22.69,58204.16
16,06/21/2026 12:46:45,20.55,73318.40
17,06/21/2026 13:01:45,20.29,78868.48
18,06/21/2026 13:16:45,22.73,87244.80
19,06/21/2026 13:31:45,23.94,89415.68
20,06/21/2026 13:46:45,22.95,83415.04
21,06/21/2026 14:01:45,26.21,72540.16
22,06/21/2026 14:16:45,22.56,78479.36
23,06/21/2026 14:31:45,13.43,28139.52
24,06/21/2026 14:46:45,11.79,28805.12
25,06/21/2026 15:01:45,11.58,18641.92
26,06/21/2026 15:16:45,11.15,19537.92
27,06/21/2026 15:31:45,11.02,18032.64
28,06/21/2026 15:46:45,10.85,21381.12
29,06/21/2026 16:01:45,10.68,18042.88
30,06/21/2026 16:16:45,10.51,20720.64
31,06/21/2026 16:31:45,10.55,14935.04
32,06/21/2026 16:46:45,10.64,15047.68
33,06/21/2026 17:01:45,10.77,14397.44
34,06/21/2026 17:16:45,10.68,12257.28
35,06/21/2026 17:31:45,10.59,12625.92
36,06/21/2026 17:46:45,10.68,11095.04
37,06/21/2026 18:01:45,10.81,4771.84
38,06/21/2026 18:16:45,11.15,9720.32
39,06/21/2026 18:31:45,11.37,7116.80
40,06/21/2026 18:46:45,11.45,5836.80
41,06/21/2026 19:01:45,10.42,6256.64
42,06/21/2026 19:16:45,8.06,7498.24
43,06/21/2026 19:31:45,6.22,4212.48
44,06/21/2026 19:46:45,5.70,3365.12
45,06/21/2026 20:01:45,5.70,1540.48
46,06/21/2026 20:16:45,5.79,2183.04
47,06/21/2026 20:31:45,5.92,713.92
48,06/21/2026 20:46:45,6.30,554.24
49,06/21/2026 21:01:45,6.56,608.80
50,06/21/2026 21:16:45,6.48,399.52
51,06/21/2026 21:31:45,6.69,246.96
52,06/21/2026 21:46:45,7.25,96.28
53,06/21/2026 22:01:45,8.23,32.73
54,06/21/2026 22:16:45,8.23,7.41
55,06/21/2026 22:31:45,8.53,1.27
56,06/21/2026 22:46:45,8.83,0.00
57,06/21/2026 23:01:45,8.83,0.00
58,06/21/2026 23:16:45,8.75,0.00
59,06/21/2026 23:31:45,8.66,0.00
60,06/21/2026 23:46:45,8.79,0.00
61,06/22/2026 00:01:45,8.83,0.00
62,06/22/2026 00:16:45,8.79,0.00
63,06/22/2026 00:31:45,8.32,0.00
64,06/22/2026 00:46:45,8.06,0.00
65,06/22/2026 01:01:45,7.98,0.00
66,06/22/2026 01:16:45,7.81,0.00
67,06/22/2026 01:31:45,7.50,0.00
68,06/22/2026 01:46:45,7.89,0.00
69,06/22/2026 02:01:45,8.28,0.00
70,06/22/2026 02:16:45,8.28,0.00
71,06/22/2026 02:31:45,8.28,0.21
72,06/22/2026 02:46:45,8.96,0.00
73,06/22/2026 03:01:45,9.18,0.00
74,06/22/2026 03:16:45,9.18,0.00
75,06/22/2026 03:31:45,9.18,0.00
76,06/22/2026 03:46:45,9.18,0.00
77,06/22/2026 04:01:45,9.22,0.84
78,06/22/2026 04:16:45,9.18,5.08
79,06/22/2026 04:31:45,9.14,24.68
80,06/22/2026 04:46:45,9.05,104.76
81,06/22/2026 05:01:45,8.96,304.16
82,06/22/2026 05:16:45,8.92,581.76
83,06/22/2026 05:31:45,8.88,963.52
84,06/22/2026 05:46:45,8.83,1583.36
85,06/22/2026 06:01:45,8.92,2265.60
86,06/22/2026 06:16:45,8.96,3165.44
87,06/22/2026 06:31:45,8.96,4253.44
88,06/22/2026 06:46:45,8.96,3877.12
89,06/22/2026 07:01:45,9.05,4751.36
90,06/22/2026 07:16:45,9.14,6041.60
91,06/22/2026 07:31:45,9.18,6548.48
92,06/22/2026 07:46:45,9.22,6894.08
93,06/22/2026 08:01:45,9.39,10741.76
94,06/22/2026 08:16:45,9.44,18334.72
95,06/22/2026 08:31:45,9.69,22169.60
96,06/22/2026 08:46:45,9.78,16005.12
97,06/22/2026 09:01:45,9.91,19932.16
98,06/22/2026 09:16:45,10.08,19230.72
99,06/22/2026 09:31:45,10.55,18099.20
100,06/22/2026 09:46:45,11.84,15569.92
101,06/22/2026 10:01:45,12.01,26173.44
102,06/22/2026 10:16:45,12.31,22589.44
103,06/22/2026 10:31:45,12.48,25937.92
104,06/22/2026 10:46:45,12.65,25671.68
105,06/22/2026 11:01:45,12.87,33239.04
106,06/22/2026 11:16:45,12.95,33658.88
107,06/22/2026 11:31:45,12.82,41256.96
108,06/22/2026 11:46:45,13.08,35532.80
109,06/22/2026 12:01:45,13.21,35942.40
110,06/22/2026 12:16:45,13.47,40222.72
111,06/22/2026 12:31:45,13.85,43458.56
112,06/22/2026 12:46:45,14.11,36812.80
113,06/22/2026 13:01:45,13.85,31549.44
114,06/22/2026 13:16:45,14.28,39495.68
115,06/22/2026 13:31:45,14.20,36352.00
116,06/22/2026 13:46:45,14.07,25016.32
117,06/22/2026 14:01:45,14.41,30341.12
118,06/22/2026 14:16:45,15.23,24094.72
119,06/22/2026 14:31:45,14.54,26337.28
120,06/22/2026 14:46:45,14.33,26040.32
121,06/22/2026 15:01:45,14.03,8296.96
122,06/22/2026 15:16:45,13.51,13219.84
123,06/22/2026 15:31:45,12.40,12221.44
124,06/22/2026 15:46:45,11.88,9896.96
125,06/22/2026 16:01:45,11.84,15631.36
126,06/22/2026 16:16:45,11.71,24453.12
127,06/22/2026 16:31:45,11.24,15042.56
128,06/22/2026 16:46:45,11.28,16199.68
129,06/22/2026 17:01:45,11.24,13040.64
130,06/22/2026 17:16:45,11.15,9789.44
131,06/22/2026 17:31:45,10.94,6914.56
132,06/22/2026 17:46:45,10.94,11776.00
133,06/22/2026 18:01:45,10.68,5683.20
134,06/22/2026 18:16:45,10.59,5192.96
135,06/22/2026 18:31:45,10.77,11212.80
136,06/22/2026 18:46:45,10.85,9497.60
137,06/22/2026 19:01:45,10.68,4257.28
138,06/22/2026 19:16:45,10.64,2782.72
139,06/22/2026 19:31:45,10.81,1914.88
140,06/22/2026 19:46:45,11.15,1614.08
141,06/22/2026 20:01:45,10.98,1815.04
142,06/22/2026 20:16:45,8.66,1735.04
143,06/22/2026 20:31:45,5.62,911.68
144,06/22/2026 20:46:45,4.93,618.56
145,06/22/2026 21:01:45,4.76,484.64
146,06/22/2026 21:16:45,4.59,333.12
147,06/22/2026 21:31:45,4.59,111.64
148,06/22/2026 21:46:45,4.67,67.26
149,06/22/2026 22:01:45,4.80,20.44
150,06/22/2026 22:16:45,4.84,3.17
151,06/22/2026 22:31:45,4.89,0.42
152,06/22/2026 22:46:45,4.97,0.00
153,06/22/2026 23:01:45,5.02,0.00
154,06/22/2026 23:16:45,5.06,0.00
155,06/22/2026 23:31:45,5.23,0.00
156,06/22/2026 23:46:45,5.40,0.00
157,06/23/2026 00:01:45,5.36,0.00
158,06/23/2026 00:16:45,5.40,0.00
159,06/23/2026 00:31:45,5.45,0.00
160,06/23/2026 00:46:45,5.45,0.00
161,06/23/2026 01:01:45,5.45,0.00
162,06/23/2026 01:16:45,5.23,0.00
163,06/23/2026 01:31:45,5.23,0.00
164,06/23/2026 01:46:45,5.32,0.00
165,06/23/2026 02:01:45,5.45,0.00
166,06/23/2026 02:16:45,7.63,0.00
167,06/23/2026 02:31:45,7.81,0.00
168,06/23/2026 02:46:45,8.06,0.00
169,06/23/2026 03:01:45,8.02,0.00
170,06/23/2026 03:16:45,7.89,0.00
171,06/23/2026 03:31:45,8.11,0.00
172,06/23/2026 03:46:45,8.28,0.00
173,06/23/2026 04:01:45,8.49,0.84
174,06/23/2026 04:16:45,8.66,5.50
175,06/23/2026 04:31:45,8.66,24.02
176,06/23/2026 04:46:45,8.71,92.76
177,06/23/2026 05:01:45,8.71,234.08
178,06/23/2026 05:16:45,8.66,372.00
179,06/23/2026 05:31:45,8.62,862.40
180,06/23/2026 05:46:45,8.71,1129.60
181,06/23/2026 06:01:45,8.71,1801.60
182,06/23/2026 06:16:45,8.71,1729.92
183,06/23/2026 06:31:45,8.75,3075.84
184,06/23/2026 06:46:45,8.75,3243.52
185,06/23/2026 07:01:45,8.83,5724.16
186,06/23/2026 07:16:45,8.92,5483.52
187,06/23/2026 07:31:45,9.01,5006.08
188,06/23/2026 07:46:45,9.14,11028.48
189,06/23/2026 08:01:45,9.18,9280.00
190,06/23/2026 08:16:45,9.35,12221.44
191,06/23/2026 08:31:45,9.44,17843.20
192,06/23/2026 08:46:45,9.65,17704.96
193,06/23/2026 09:01:45,9.78,16209.92
194,06/23/2026 09:16:45,9.86,16235.52
195,06/23/2026 09:31:45,9.99,12247.04
196,06/23/2026 09:46:45,10.08,15636.48
197,06/23/2026 10:01:45,10.34,40970.24
198,06/23/2026 10:16:45,10.34,18344.96
199,06/23/2026 10:31:45,10.42,29716.48
200,06/23/2026 10:46:45,10.85,34324.48
201,06/23/2026 11:01:45,11.11,29419.52
202,06/23/2026 11:16:45,11.24,45260.80
203,06/23/2026 11:31:45,11.37,36075.52
204,06/23/2026 11:46:45,11.62,38051.84
205,06/23/2026 12:01:45,11.79,49745.92
206,06/23/2026 12:16:45,11.97,44769.28
207,06/23/2026 12:31:45,12.22,33607.68
208,06/23/2026 12:46:45,12.22,53104.64
209,06/23/2026 13:01:45,12.48,49745.92
210,06/23/2026 13:16:45,12.65,36874.24
211,06/23/2026 13:31:45,12.87,50995.20
212,06/23/2026 13:46:45,13.04,53760.00
213,06/23/2026 14:01:45,13.43,35317.76
214,06/23/2026 14:16:45,13.81,54558.72
215,06/23/2026 14:31:45,14.54,43724.80
216,06/23/2026 14:46:45,15.10,29829.12
217,06/23/2026 15:01:45,15.87,36505.60
218,06/23/2026 15:16:45,14.20,34140.16
219,06/23/2026 15:31:45,13.30,33740.80
220,06/23/2026 15:46:45,12.48,11136.00
221,06/23/2026 16:01:45,12.35,30228.48
222,06/23/2026 16:16:45,12.14,17582.08
223,06/23/2026 16:31:45,12.01,26132.48
224,06/23/2026 16:46:45,11.84,19148.80
225,06/23/2026 17:01:45,11.75,21463.04
226,06/23/2026 17:16:45,11.54,22466.56
227,06/23/2026 17:31:45,11.49,13378.56
228,06/23/2026 17:46:45,11.62,9218.56
229,06/23/2026 18:01:45,11.67,9164.80
230,06/23/2026 18:16:45,11.67,9361.92
231,06/23/2026 18:31:45,11.71,9021.44
232,06/23/2026 18:46:45,11.71,8250.88
233,06/23/2026 19:01:45,11.75,6947.84
234,06/23/2026 19:16:45,11.71,7075.84
235,06/23/2026 19:31:45,11.71,4934.40
236,06/23/2026 19:46:45,11.62,4026.88
237,06/23/2026 20:01:45,11.58,3901.44
238,06/23/2026 20:16:45,11.49,3051.52
239,06/23/2026 20:31:45,11.58,2026.88
240,06/23/2026 20:46:45,11.67,1397.12
241,06/23/2026 21:01:45,9.22,1021.76
242,06/23/2026 21:16:45,7.38,571.52
243,06/23/2026 21:31:45,6.73,323.44
244,06/23/2026 21:46:45,5.62,135.36
245,06/23/2026 22:01:45,5.53,42.90
246,06/23/2026 22:16:45,5.62,9.95
247,06/23/2026 22:31:45,6.05,1.69
248,06/23/2026 22:46:45,6.26,0.21
249,06/23/2026 23:01:45,6.48,0.00
250,06/23/2026 23:16:45,6.73,0.00
251,06/23/2026 23:31:45,7.20,0.00
252,06/23/2026 23:46:45,7.42,0.00
253,06/24/2026 00:01:45,7.59,0.00
254,06/24/2026 00:16:45,7.81,0.00
255,06/24/2026 00:31:45,8.06,0.00
256,06/24/2026 00:46:45,8.11,0.00
257,06/24/2026 01:01:45,7.76,0.00
258,06/24/2026 01:16:45,8.28,0.00
259,06/24/2026 01:31:45,8.36,0.00
260,06/24/2026 01:46:45,8.58,0.00
261,06/24/2026 02:01:45,8.71,0.00
262,06/24/2026 02:16:45,8.53,0.00
263,06/24/2026 02:31:45,8.62,0.00
264,06/24/2026 02:46:45,8.36,0.00
265,06/24/2026 03:01:45,8.06,0.21
266,06/24/2026 03:16:45,7.81,0.00
267,06/24/2026 03:31:45,7.72,0.00
268,06/24/2026 03:46:45,7.93,0.00
269,06/24/2026 04:01:45,7.98,0.84
270,06/24/2026 04:16:45,7.93,5.08
271,06/24/2026 04:31:45,7.63,34.37
272,06/24/2026 04:46:45,8.02,115.88
273,06/24/2026 05:01:45,8.83,297.20
274,06/24/2026 05:16:45,9.05,567.36
275,06/24/2026 05:31:45,9.14,942.08
276,06/24/2026 05:46:45,9.09,1418.24
277,06/24/2026 06:01:45,9.14,1930.24
278,06/24/2026 06:16:45,9.14,2727.68
279,06/24/2026 06:31:45,9.18,3687.68
280,06/24/2026 06:46:45,9.35,4691.20
281,06/24/2026 07:01:45,9.39,5736.96
282,06/24/2026 07:16:45,9.56,6853.12
283,06/24/2026 07:31:45,9.61,8046.08
284,06/24/2026 07:46:45,9.56,9349.12
285,06/24/2026 08:01:45,9.61,7971.84
286,06/24/2026 08:16:45,9.78,10391.04
287,06/24/2026 08:31:45,10.04,11274.24
288,06/24/2026 08:46:45,10.21,10649.60
289,06/24/2026 09:01:45,10.16,9464.32
290,06/24/2026 09:16:45,10.29,10370.56
291,06/24/2026 09:31:45,10.51,11632.64
292,06/24/2026 09:46:45,10.98,13788.16
293,06/24/2026 10:01:45,10.77,20613.12
294,06/24/2026 10:16:45,10.98,36730.88
295,06/24/2026 10:31:45,11.24,26347.52
296,06/24/2026 10:46:45,12.10,27279.36
297,06/24/2026 11:01:45,12.95,39516.16
298,06/24/2026 11:16:45,13.85,31928.32
299,06/24/2026 11:31:45,14.20,33996.80
300,06/24/2026 11:46:45,14.37,39403.52
301,06/24/2026 12:01:45,14.54,40714.24
302,06/24/2026 12:16:45,14.97,37201.92
303,06/24/2026 12:31:45,15.23,36823.04
304,06/24/2026 12:46:45,15.23,39127.04
305,06/24/2026 13:01:45,15.87,45281.28
306,06/24/2026 13:16:45,15.96,55091.20
307,06/24/2026 13:31:45,16.30,42762.24
308,06/24/2026 13:46:45,16.30,48701.44
309,06/24/2026 14:01:45,16.43,52756.48
310,06/24/2026 14:16:45,16.73,36331.52
311,06/24/2026 14:31:45,17.07,48947.20
312,06/24/2026 14:46:45,17.67,31887.36
313,06/24/2026 15:01:45,17.41,34662.40
314,06/24/2026 15:16:45,17.54,30689.28
315,06/24/2026 15:31:45,17.41,34232.32
316,06/24/2026 15:46:45,17.03,29419.52
317,06/24/2026 16:01:45,17.63,25057.28
318,06/24/2026 16:16:45,19.05,18053.12
319,06/24/2026 16:31:45,18.70,16030.72
320,06/24/2026 16:46:45,18.40,15820.80
321,06/24/2026 17:01:45,17.33,16675.84
322,06/24/2026 17:16:45,16.47,17080.32
323,06/24/2026 17:31:45,15.57,16701.44
324,06/24/2026 17:46:45,15.23,12431.36
325,06/24/2026 18:01:45,14.54,11673.60
326,06/24/2026 18:16:45,14.15,10370.56
327,06/24/2026 18:31:45,13.77,10654.72
328,06/24/2026 18:46:45,13.34,7045.12
329,06/24/2026 19:01:45,12.95,8547.84
330,06/24/2026 19:16:45,12.74,6159.36
331,06/24/2026 19:31:45,12.70,4352.00
332,06/24/2026 19:46:45,12.57,3776.00
333,06/24/2026 20:01:45,12.44,3334.40
334,06/24/2026 20:16:45,12.40,2513.28
335,06/24/2026 20:31:45,12.44,2008.32
336,06/24/2026 20:46:45,12.61,1388.80
337,06/24/2026 21:01:45,12.74,929.60
338,06/24/2026 21:16:45,12.95,539.68
339,06/24/2026 21:31:45,13.08,289.60
340,06/24/2026 21:46:45,13.12,111.64
341,06/24/2026 22:01:45,11.79,41.30
342,06/24/2026 22:16:45,8.53,9.11
343,06/24/2026 22:31:45,7.20,1.48
344,06/24/2026 22:46:45,7.16,0.21
345,06/24/2026 23:01:45,7.42,0.00
346,06/24/2026 23:16:45,7.68,0.00
347,06/24/2026 23:31:45,8.15,0.00
348,06/24/2026 23:46:45,8.28,0.00
349,06/25/2026 00:01:45,8.83,0.00
350,06/25/2026 00:16:45,8.66,0.00
351,06/25/2026 00:31:45,8.32,0.00
352,06/25/2026 00:46:45,8.45,0.00
353,06/25/2026 01:01:45,9.14,0.00
354,06/25/2026 01:16:45,9.61,0.00
355,06/25/2026 01:31:45,9.48,0.00
356,06/25/2026 01:46:45,10.16,0.00
357,06/25/2026 02:01:45,10.29,0.00
358,06/25/2026 02:16:45,10.85,0.00
359,06/25/2026 02:31:45,10.81,0.00
360,06/25/2026 02:46:45,11.07,0.00
361,06/25/2026 03:01:45,11.19,0.00
362,06/25/2026 03:16:45,11.11,0.00
363,06/25/2026 03:31:45,11.15,0.00
364,06/25/2026 03:46:45,11.28,0.21
365,06/25/2026 04:01:45,11.32,1.27
366,06/25/2026 04:16:45,10.98,6.77
367,06/25/2026 04:31:45,11.07,31.09
368,06/25/2026 04:46:45,10.72,109.08
369,06/25/2026 05:01:45,10.38,258.24
370,06/25/2026 05:16:45,9.91,509.60
371,06/25/2026 05:31:45,9.95,832.32
372,06/25/2026 05:46:45,10.25,1188.80
373,06/25/2026 06:01:45,10.21,1593.60
374,06/25/2026 06:16:45,10.16,2115.20
375,06/25/2026 06:31:45,10.85,2945.28
376,06/25/2026 06:46:45,11.37,3489.28
377,06/25/2026 07:01:45,11.62,4416.00
378,06/25/2026 07:16:45,11.79,5396.48
379,06/25/2026 07:31:45,11.97,7114.24
380,06/25/2026 07:46:45,12.18,7700.48
381,06/25/2026 08:01:45,12.27,8663.04
382,06/25/2026 08:16:45,12.44,9999.36
383,06/25/2026 08:31:45,12.52,7843.84
384,06/25/2026 08:46:45,12.65,9937.92
385,06/25/2026 09:01:45,12.78,11929.60
386,06/25/2026 09:16:45,12.95,10106.88
387,06/25/2026 09:31:45,13.04,13532.16
388,06/25/2026 09:46:45,13.21,11724.80
389,06/25/2026 10:01:45,13.38,20797.44
390,06/25/2026 10:16:45,13.34,12011.52
391,06/25/2026 10:31:45,13.47,25743.36
392,06/25/2026 10:46:45,13.43,12759.04
393,06/25/2026 11:01:45,13.68,21504.00
394,06/25/2026 11:16:45,13.90,25118.72
395,06/25/2026 11:31:45,14.07,20403.20
396,06/25/2026 11:46:45,14.67,28252.16
397,06/25/2026 12:01:45,15.18,47063.04
398,06/25/2026 12:16:45,15.44,25047.04
399,06/25/2026 12:31:45,16.43,28528.64
400,06/25/2026 12:46:45,15.70,26818.56
401,06/25/2026 13:01:45,16.21,27207.68
402,06/25/2026 13:16:45,17.37,26439.68
403,06/25/2026 13:31:45,17.80,31344.64
404,06/25/2026 13:46:45,18.36,17986.56
405,06/25/2026 14:01:45,16.64,27013.12
406,06/25/2026 14:16:45,16.64,23306.24
407,06/25/2026 14:31:45,17.20,20208.64
408,06/25/2026 14:46:45,16.60,26449.92
409,06/25/2026 15:01:45,16.34,26777.60
410,06/25/2026 15:16:45,16.08,27719.68
411,06/25/2026 15:31:45,15.83,30126.08
412,06/25/2026 15:46:45,15.27,16209.92
413,06/25/2026 16:01:45,15.96,18165.76
414,06/25/2026 16:16:45,18.70,21504.00
415,06/25/2026 16:31:45,20.46,18974.72
416,06/25/2026 16:46:45,20.76,14632.96
417,06/25/2026 17:01:45,20.68,11550.72
418,06/25/2026 17:16:45,19.09,12180.48
419,06/25/2026 17:31:45,17.89,12492.80
420,06/25/2026 17:46:45,17.16,13839.36
421,06/25/2026 18:01:45,16.73,11243.52
422,06/25/2026 18:16:45,16.26,10844.16
423,06/25/2026 18:31:45,15.83,8535.04
424,06/25/2026 18:46:45,15.70,7900.16
425,06/25/2026 19:01:45,15.53,6371.84
426,06/25/2026 19:16:45,15.40,4586.24
427,06/25/2026 19:31:45,15.40,4168.96
428,06/25/2026 19:46:45,15.31,3768.32
429,06/25/2026 20:01:45,15.23,3148.80
430,06/25/2026 20:16:45,14.97,2586.24
431,06/25/2026 20:31:45,14.63,1912.96
432,06/25/2026 20:46:45,14.50,1315.20
433,06/25/2026 21:01:45,14.41,864.32
434,06/25/2026 21:16:45,14.50,516.00
435,06/25/2026 21:31:45,14.58,241.04
436,06/25/2026 21:46:45,14.63,82.44
437,06/25/2026 22:01:45,14.80,26.13
438,06/25/2026 22:16:45,14.93,5.29
439,06/25/2026 22:31:45,14.97,0.84
440,06/25/2026 22:46:45,14.50,0.21
441,06/25/2026 23:01:45,8.41,0.00
442,06/25/2026 23:16:45,7.76,0.00
443,06/25/2026 23:31:45,8.58,0.00
444,06/25/2026 23:46:45,10.77,0.00
445,06/26/2026 00:01:45,9.35,0.00
446,06/26/2026 00:16:45,8.66,0.00
447,06/26/2026 00:31:45,8.79,0.00
448,06/26/2026 00:46:45,9.99,0.00
449,06/26/2026 01:01:45,10.98,0.00
450,06/26/2026 01:16:45,11.54,0.00
451,06/26/2026 01:31:45,11.67,0.00
452,06/26/2026 01:46:45,12.14,0.00
453,06/26/2026 02:01:45,12.35,0.00
454,06/26/2026 02:16:45,12.70,0.42
455,06/26/2026 02:31:45,13.08,0.00
456,06/26/2026 02:46:45,13.30,0.00
457,06/26/2026 03:01:45,13.64,0.00
458,06/26/2026 03:16:45,13.73,0.00
459,06/26/2026 03:31:45,13.94,0.00
460,06/26/2026 03:46:45,14.20,0.00
461,06/26/2026 04:01:45,14.41,1.05
462,06/26/2026 04:16:45,14.58,6.14
463,06/26/2026 04:31:45,14.63,27.46
464,06/26/2026 04:46:45,14.67,99.68
465,06/26/2026 05:01:45,14.63,252.32
466,06/26/2026 05:16:45,14.54,479.84
467,06/26/2026 05:31:45,14.33,826.56
468,06/26/2026 05:46:45,14.20,1179.52
469,06/26/2026 06:01:45,13.94,1718.40
470,06/26/2026 06:16:45,13.47,1830.40
471,06/26/2026 06:31:45,13.60,2784.00
472,06/26/2026 06:46:45,13.43,3440.64
473,06/26/2026 07:01:45,13.25,4037.12
474,06/26/2026 07:16:45,12.65,5368.32
475,06/26/2026 07:31:45,12.52,7787.52
476,06/26/2026 07:46:45,12.61,8629.76
477,06/26/2026 08:01:45,12.78,9945.60
478,06/26/2026 08:16:45,13.00,11448.32
479,06/26/2026 08:31:45,13.25,13598.72
480,06/26/2026 08:46:45,13.55,13603.84
481,06/26/2026 09:01:45,13.77,10480.64
482,06/26/2026 09:16:45,13.98,17500.16
483,06/26/2026 09:31:45,14.28,16993.28
484,06/26/2026 09:46:45,14.45,23633.92
485,06/26/2026 10:01:45,14.71,16737.28
486,06/26/2026 10:16:45,14.71,18790.40
487,06/26/2026 10:31:45,14.84,14684.16
488,06/26/2026 10:46:45,14.88,14945.28
489,06/26/2026 11:01:45,15.31,28672.00
490,06/26/2026 11:16:45,15.14,13859.84
491,06/26/2026 11:31:45,15.31,20480.00
492,06/26/2026 11:46:45,15.66,25128.96
493,06/26/2026 12:01:45,15.70,17075.20
494,06/26/2026 12:16:45,16.04,25354.24
495,06/26/2026 12:31:45,16.21,16614.40
496,06/26/2026 12:46:45,16.64,33761.28
497,06/26/2026 13:01:45,17.16,30607.36
498,06/26/2026 13:16:45,17.11,19855.36
499,06/26/2026 13:31:45,17.54,39208.96
500,06/26/2026 13:46:45,17.54,20193.28
501,06/26/2026 14:01:45,17.84,26705.92
502,06/26/2026 14:16:45,17.03,1728.64
503,06/26/2026 14:31:45,16.90,1791.36
504,06/26/2026 14:46:45,16.90,775.36
505,06/26/2026 15:01:45,16.39,731.52
506,06/26/2026 15:16:45,15.87,822.72
507,06/26/2026 15:31:45,15.44,473.60
508,06/26/2026 15:46:45,14.07,216.24
509,06/26/2026 16:01:45,14.54,135.48
510,06/26/2026 16:16:45,14.75,231.76
511,06/26/2026 16:31:45,14.41,166.88
512,06/26/2026 16:46:45,13.77,291.52
513,06/26/2026 17:01:45,13.08,279.60
514,06/26/2026 17:16:45,12.70,253.12
515,06/26/2026 17:31:45,12.78,274.32
516,06/26/2026 17:46:45,13.38,285.52
517,06/26/2026 18:01:45,14.50,452.48
518,06/26/2026 18:16:45,17.20,3104.00
519,06/26/2026 18:31:45,18.32,4375.04
520,06/26/2026 18:46:45,18.62,4742.40
521,06/26/2026 19:01:45,17.46,2853.12
522,06/26/2026 19:16:45,16.90,3681.28
523,06/26/2026 19:31:45,16.60,2174.08
524,06/26/2026 19:46:45,16.30,2006.40
525,06/26/2026 20:01:45,15.87,852.48
526,06/26/2026 20:16:45,15.66,264.16
527,06/26/2026 20:31:45,15.40,193.60
528,06/26/2026 20:46:45,15.44,259.04
529,06/26/2026 21:01:45,15.66,265.84
530,06/26/2026 21:16:45,15.78,188.32
531,06/26/2026 21:31:45,15.87,56.62
532,06/26/2026 21:46:45,15.87,23.80
533,06/26/2026 22:01:45,15.87,7.41
534,06/26/2026 22:16:45,15.83,1.48
535,06/26/2026 22:31:45,15.83,0.42
536,06/26/2026 22:46:45,15.83,0.00
537,06/26/2026 23:01:45,15.74,0.00
538,06/26/2026 23:16:45,15.70,0.00
539,06/26/2026 23:31:45,15.70,0.00
540,06/26/2026 23:46:45,15.70,0.00
541,06/27/2026 00:01:45,15.74,0.00
542,06/27/2026 00:16:45,15.83,0.00
543,06/27/2026 00:31:45,15.83,0.00
544,06/27/2026 00:46:45,15.74,0.00
545,06/27/2026 01:01:45,15.70,0.00
546,06/27/2026 01:16:45,15.70,0.00
547,06/27/2026 01:31:45,15.74,0.00
548,06/27/2026 01:46:45,15.78,0.00
549,06/27/2026 02:01:45,15.70,0.00
550,06/27/2026 02:16:45,15.70,0.00
551,06/27/2026 02:31:45,15.66,0.00
552,06/27/2026 02:46:45,15.70,0.00
553,06/27/2026 03:01:45,15.78,0.00
554,06/27/2026 03:16:45,15.74,0.00
555,06/27/2026 03:31:45,15.66,0.00
556,06/27/2026 03:46:45,15.61,0.00
557,06/27/2026 04:01:45,15.57,0.63
558,06/27/2026 04:16:45,15.10,4.87
559,06/27/2026 04:31:45,15.31,23.62
560,06/27/2026 04:46:45,15.27,95.44
561,06/27/2026 05:01:45,15.40,229.84
562,06/27/2026 05:16:45,15.31,368.16
563,06/27/2026 05:31:45,15.44,496.16
564,06/27/2026 05:46:45,15.31,656.96
565,06/27/2026 06:01:45,14.88,905.92
566,06/27/2026 06:16:45,15.27,1443.20
567,06/27/2026 06:31:45,13.98,907.52
568,06/27/2026 06:46:45,14.15,2335.36
569,06/27/2026 07:01:45,14.37,1405.44
570,06/27/2026 07:16:45,14.88,1616.64
571,06/27/2026 07:31:45,15.01,4267.52
572,06/27/2026 07:46:45,15.14,4629.76
573,06/27/2026 08:01:45,15.23,4510.72
574,06/27/2026 08:16:45,15.27,5514.24
575,06/27/2026 08:31:45,14.58,5230.08
576,06/27/2026 08:46:45,14.28,4355.84
577,06/27/2026 09:01:45,14.41,4640.00
578,06/27/2026 09:16:45,14.24,4775.68
579,06/27/2026 09:31:45,14.28,5422.08
580,06/27/2026 09:46:45,14.54,6041.60
581,06/27/2026 10:01:45,14.93,6123.52
582,06/27/2026 10:16:45,15.31,7626.24
583,06/27/2026 10:31:45,15.44,8785.92
584,06/27/2026 10:46:45,15.44,9177.60
585,06/27/2026 11:01:45,15.57,10618.88
586,06/27/2026 11:16:45,15.66,11468.80
587,06/27/2026 11:31:45,15.61,12405.76
588,06/27/2026 11:46:45,15.61,8460.80
589,06/27/2026 12:01:45,15.74,9408.00
590,06/27/2026 12:16:45,15.87,13030.40
591,06/27/2026 12:31:45,15.83,12446.72
592,06/27/2026 12:46:45,16.39,15206.40
593,06/27/2026 13:01:45,16.47,14863.36
594,06/27/2026 13:16:45,16.51,23019.52
595,06/27/2026 13:31:45,16.94,19036.16
596,06/27/2026 13:46:45,16.94,25999.36
597,06/27/2026 14:01:45,16.99,19609.60
598,06/27/2026 14:16:45,17.16,16609.28
599,06/27/2026 14:31:45,17.29,16768.00
600,06/27/2026 14:46:45,17.41,19066.88
601,06/27/2026 15:01:45,17.50,19409.92
602,06/27/2026 15:16:45,17.59,17095.68
603,06/27/2026 15:31:45,17.63,6584.32
604,06/27/2026 15:46:45,17.84,9464.32
605,06/27/2026 16:01:45,18.10,15569.92
606,06/27/2026 16:16:45,17.93,17802.24
607,06/27/2026 16:31:45,17.97,15687.68
608,06/27/2026 16:46:45,17.97,14940.16
609,06/27/2026 17:01:45,18.19,14796.80
610,06/27/2026 17:16:45,18.02,10711.04
611,06/27/2026 17:31:45,18.23,9098.24
612,06/27/2026 17:46:45,18.27,10209.28
613,06/27/2026 18:01:45,18.23,7132.16
614,06/27/2026 18:16:45,18.10,6960.64
615,06/27/2026 18:31:45,18.40,6072.32
616,06/27/2026 18:46:45,19.65,5084.16
617,06/27/2026 19:01:45,19.52,4755.20
618,06/27/2026 19:16:45,19.90,3782.40
619,06/27/2026 19:31:45,21.06,3093.76
620,06/27/2026 19:46:45,21.36,2597.76
621,06/27/2026 20:01:45,20.20,2230.40
622,06/27/2026 20:16:45,19.13,1860.48
623,06/27/2026 20:31:45,18.49,1373.44
624,06/27/2026 20:46:45,18.14,986.24
625,06/27/2026 21:01:45,17.80,630.08
626,06/27/2026 21:16:45,17.50,369.60
627,06/27/2026 21:31:45,17.16,201.04
628,06/27/2026 21:46:45,16.94,82.52
629,06/27/2026 22:01:45,16.81,22.08
630,06/27/2026 22:16:45,16.73,4.66
631,06/27/2026 22:31:45,16.69,0.84
632,06/27/2026 22:46:45,16.69,0.00
633,06/27/2026 23:01:45,16.60,0.00
634,06/27/2026 23:16:45,16.60,0.00
635,06/27/2026 23:31:45,16.60,0.00
636,06/27/2026 23:46:45,16.56,0.00
637,06/28/2026 00:01:45,16.51,0.00
638,06/28/2026 00:16:45,16.51,0.00
639,06/28/2026 00:31:45,16.56,0.00
640,06/28/2026 00:46:45,16.60,0.00
641,06/28/2026 01:01:45,16.73,0.00
642,06/28/2026 01:16:45,16.73,0.00
643,06/28/2026 01:31:45,16.69,0.00
644,06/28/2026 01:46:45,16.60,0.00
645,06/28/2026 02:01:45,16.64,0.00
646,06/28/2026 02:16:45,16.60,0.00
647,06/28/2026 02:31:45,16.64,0.00
648,06/28/2026 02:46:45,16.69,0.00
649,06/28/2026 03:01:45,16.60,0.00
650,06/28/2026 03:16:45,16.64,0.00
651,06/28/2026 03:31:45,16.64,0.00
652,06/28/2026 03:46:45,16.64,0.00
653,06/28/2026 04:01:45,16.43,1.05
654,06/28/2026 04:16:45,16.39,6.14
655,06/28/2026 04:31:45,15.96,29.60
656,06/28/2026 04:46:45,16.13,112.48
657,06/28/2026 05:01:45,16.04,240.24
658,06/28/2026 05:16:45,15.87,541.92
659,06/28/2026 05:31:45,15.87,1012.48
660,06/28/2026 05:46:45,15.91,1568.64
661,06/28/2026 06:01:45,15.87,1489.28
662,06/28/2026 06:16:45,15.91,3088.64
663,06/28/2026 06:31:45,15.83,1616.00
664,06/28/2026 06:46:45,15.91,1836.80
665,06/28/2026 07:01:45,15.01,4656.64
666,06/28/2026 07:16:45,15.66,5852.16
667,06/28/2026 07:31:45,16.08,6100.48
668,06/28/2026 07:46:45,16.90,6784.00
669,06/28/2026 08:01:45,17.07,7211.52
670,06/28/2026 08:16:45,17.29,5647.36
671,06/28/2026 08:31:45,17.33,8926.72
672,06/28/2026 08:46:45,17.07,8256.00
673,06/28/2026 09:01:45,16.94,2196.48
674,06/28/2026 09:16:45,16.86,2941.44
675,06/28/2026 09:31:45,16.51,10680.32
676,06/28/2026 09:46:45,16.77,11745.28
677,06/28/2026 10:01:45,17.03,12410.88
678,06/28/2026 10:16:45,17.33,13347.84
679,06/28/2026 10:31:45,17.59,13875.20
680,06/28/2026 10:46:45,18.19,15462.40
681,06/28/2026 11:01:45,18.36,16419.84
682,06/28/2026 11:16:45,18.66,17075.20
683,06/28/2026 11:31:45,18.79,18247.68
684,06/28/2026 11:46:45,19.05,20951.04
685,06/28/2026 12:01:45,19.22,18851.84
686,06/28/2026 12:16:45,19.39,20756.48
687,06/28/2026 12:31:45,19.52,15575.04
688,06/28/2026 12:46:45,19.77,18206.72
689,06/28/2026 13:01:45,19.73,18836.48
690,06/28/2026 13:16:45,20.12,22947.84
691,06/28/2026 13:31:45,20.29,17684.48
692,06/28/2026 13:46:45,20.50,16670.72
693,06/28/2026 14:01:45,20.37,12989.44
694,06/28/2026 14:16:45,20.55,16716.80
695,06/28/2026 14:31:45,21.02,25702.40
696,06/28/2026 14:46:45,20.80,19256.32
697,06/28/2026 15:01:45,21.02,17602.56
698,06/28/2026 15:16:45,20.98,17080.32
699,06/28/2026 15:31:45,21.06,15697.92
700,06/28/2026 15:46:45,21.06,7201.28
701,06/28/2026 16:01:45,21.36,16906.24
702,06/28/2026 16:16:45,21.36,12078.08
703,06/28/2026 16:31:45,21.66,15697.92
704,06/28/2026 16:46:45,21.75,13352.96
705,06/28/2026 17:01:45,21.75,12334.08
706,06/28/2026 17:16:45,21.32,11013.12
707,06/28/2026 17:31:45,20.59,11008.00
708,06/28/2026 17:46:45,20.63,8345.60
709,06/28/2026 18:01:45,19.86,8148.48
710,06/28/2026 18:16:45,19.82,7104.00
711,06/28/2026 18:31:45,19.82,6812.16
712,06/28/2026 18:46:45,20.07,5765.12
713,06/28/2026 19:01:45,19.60,4294.40
714,06/28/2026 19:16:45,19.82,3749.12
715,06/28/2026 19:31:45,20.20,3166.72
716,06/28/2026 19:46:45,20.93,2476.16
717,06/28/2026 20:01:45,21.79,2076.16
718,06/28/2026 20:16:45,22.22,1431.04
719,06/28/2026 20:31:45,22.78,951.68
720,06/28/2026 20:46:45,20.46,910.72
721,06/28/2026 21:01:45,19.26,592.80
722,06/28/2026 21:16:45,18.83,359.52
723,06/28/2026 21:31:45,18.62,178.80
724,06/28/2026 21:46:45,18.40,66.36
725,06/28/2026 22:01:45,18.06,19.09
726,06/28/2026 22:16:45,17.89,3.81
727,06/28/2026 22:31:45,17.84,0.63
728,06/28/2026 22:46:45,17.63,0.00
729,06/28/2026 23:01:45,17.46,0.00
730,06/28/2026 23:16:45,17.33,0.00
731,06/28/2026 23:31:45,17.20,0.00
732,06/28/2026 23:46:45,17.03,0.00
733,06/29/2026 00:01:45,16.94,0.00
734,06/29/2026 00:16:45,17.07,0.00
735,06/29/2026 00:31:45,17.16,0.00
736,06/29/2026 00:46:45,17.11,0.00
737,06/29/2026 01:01:45,17.11,0.00
738,06/29/2026 01:16:45,17.16,0.00
739,06/29/2026 01:31:45,17.11,0.00
740,06/29/2026 01:46:45,17.16,0.00
741,06/29/2026 02:01:45,17.16,0.00
742,06/29/2026 02:16:45,17.11,0.00
743,06/29/2026 02:31:45,17.07,0.00
744,06/29/2026 02:46:45,17.03,0.00
745,06/29/2026 03:01:45,17.03,0.00
746,06/29/2026 03:16:45,17.03,0.00
747,06/29/2026 03:31:45,16.94,0.00
748,06/29/2026 03:46:45,16.90,0.21
749,06/29/2026 04:01:45,16.86,0.42
750,06/29/2026 04:16:45,16.81,2.96
751,06/29/2026 04:31:45,16.69,16.34
752,06/29/2026 04:46:45,16.64,59.16
753,06/29/2026 05:01:45,16.56,169.52
754,06/29/2026 05:16:45,16.56,422.24
755,06/29/2026 05:31:45,16.60,698.24
756,06/29/2026 05:46:45,16.51,1220.16
757,06/29/2026 06:01:45,16.51,2026.88
758,06/29/2026 06:16:45,16.47,1899.52
759,06/29/2026 06:31:45,16.39,2996.48
760,06/29/2026 06:46:45,16.21,3260.16
761,06/29/2026 07:01:45,16.56,4894.72
762,06/29/2026 07:16:45,16.73,5880.32
763,06/29/2026 07:31:45,16.73,5012.48
764,06/29/2026 07:46:45,16.90,4796.16
765,06/29/2026 08:01:45,17.07,6049.28
766,06/29/2026 08:16:45,17.50,5496.32
767,06/29/2026 08:31:45,18.23,9136.64
768,06/29/2026 08:46:45,18.49,9984.00
769,06/29/2026 09:01:45,18.40,9267.20
770,06/29/2026 09:16:45,18.23,7482.88
771,06/29/2026 09:31:45,18.32,2762.24
772,06/29/2026 09:46:45,18.10,9382.40
773,06/29/2026 10:01:45,17.76,9308.16
774,06/29/2026 10:16:45,17.72,10890.24
775,06/29/2026 10:31:45,18.23,18145.28
776,06/29/2026 10:46:45,17.97,9748.48
777,06/29/2026 11:01:45,18.53,13250.56
778,06/29/2026 11:16:45,18.62,14551.04
779,06/29/2026 11:31:45,18.27,11678.72
780,06/29/2026 11:46:45,18.40,10531.84
781,06/29/2026 12:01:45,18.57,10649.60
782,06/29/2026 12:16:45,19.39,7728.64
783,06/29/2026 12:31:45,19.13,17495.04
784,06/29/2026 12:46:45,18.96,12738.56
785,06/29/2026 13:01:45,19.00,8514.56
786,06/29/2026 13:16:45,18.92,7239.68
787,06/29/2026 13:31:45,19.00,7836.16
788,06/29/2026 13:46:45,18.96,7029.76
789,06/29/2026 14:01:45,18.92,5877.76
790,06/29/2026 14:16:45,19.00,7063.04
791,06/29/2026 14:31:45,19.00,6771.20
792,06/29/2026 14:46:45,18.87,5016.32
793,06/29/2026 15:01:45,18.70,5511.68
794,06/29/2026 15:16:45,18.74,7226.88
795,06/29/2026 15:31:45,18.83,5355.52
796,06/29/2026 15:46:45,18.96,5716.48
797,06/29/2026 16:01:45,18.74,5598.72
798,06/29/2026 16:16:45,18.87,4734.72
799,06/29/2026 16:31:45,18.74,1658.24
800,06/29/2026 16:46:45,18.87,1777.92
801,06/29/2026 17:01:45,19.30,1930.24
802,06/29/2026 17:16:45,19.56,1786.24
803,06/29/2026 17:31:45,19.47,1420.80
804,06/29/2026 17:46:45,19.65,1649.92
805,06/29/2026 18:01:45,19.82,2460.80
806,06/29/2026 18:16:45,19.99,4192.00
807,06/29/2026 18:31:45,19.95,3573.76
808,06/29/2026 18:46:45,19.86,2409.60
809,06/29/2026 19:01:45,19.73,1349.76
810,06/29/2026 19:16:45,19.73,1673.60
811,06/29/2026 19:31:45,19.69,727.04
812,06/29/2026 19:46:45,19.69,822.40
813,06/29/2026 20:01:45,19.65,460.16
814,06/29/2026 20:16:45,19.52,472.16
815,06/29/2026 20:31:45,19.47,541.44
816,06/29/2026 20:46:45,19.30,252.32
817,06/29/2026 21:01:45,19.13,84.32
818,06/29/2026 21:16:45,19.00,31.25
819,06/29/2026 21:31:45,18.74,34.00
820,06/29/2026 21:46:45,17.11,5.93
821,06/29/2026 22:01:45,14.37,4.66
822,06/29/2026 22:16:45,11.41,1.05
823,06/29/2026 22:31:45,9.78,0.00
824,06/29/2026 22:46:45,9.44,0.00
825,06/29/2026 23:01:45,9.31,0.00
826,06/29/2026 23:16:45,9.31,0.00
827,06/29/2026 23:31:45,9.52,0.00
828,06/29/2026 23:46:45,9.82,0.00
829,06/30/2026 00:01:45,10.81,0.00
830,06/30/2026 00:16:45,10.77,0.00
831,06/30/2026 00:31:45,14.20,0.00
832,06/30/2026 00:46:45,15.01,0.00
833,06/30/2026 01:01:45,15.61,0.00
834,06/30/2026 01:16:45,15.74,0.00
835,06/30/2026 01:31:45,15.36,0.00
836,06/30/2026 01:46:45,15.61,0.00
837,06/30/2026 02:01:45,15.27,0.00
838,06/30/2026 02:16:45,15.57,0.00
839,06/30/2026 02:31:45,14.84,0.00
840,06/30/2026 02:46:45,14.33,0.00
841,06/30/2026 03:01:45,14.75,0.00
842,06/30/2026 03:16:45,15.53,0.00
843,06/30/2026 03:31:45,15.18,0.00
844,06/30/2026 03:46:45,15.06,0.00
845,06/30/2026 04:01:45,15.57,0.00
846,06/30/2026 04:16:45,15.66,1.48
847,06/30/2026 04:31:45,15.83,8.68
848,06/30/2026 04:46:45,15.83,26.58
849,06/30/2026 05:01:45,15.78,58.72
850,06/30/2026 05:16:45,15.83,80.40
851,06/30/2026 05:31:45,15.70,209.68
852,06/30/2026 05:46:45,15.70,217.36
853,06/30/2026 06:01:45,15.87,964.16
854,06/30/2026 06:16:45,15.87,1132.16
855,06/30/2026 06:31:45,15.87,1655.04
856,06/30/2026 06:46:45,15.83,146.60
857,06/30/2026 07:01:45,15.83,1095.68
858,06/30/2026 07:16:45,15.91,3642.88
859,06/30/2026 07:31:45,16.04,5890.56
860,06/30/2026 07:46:45,16.08,5463.04
861,06/30/2026 08:01:45,16.13,9917.44
862,06/30/2026 08:16:45,16.56,13450.24
863,06/30/2026 08:31:45,16.60,11755.52
864,06/30/2026 08:46:45,16.04,9361.92
865,06/30/2026 09:01:45,15.87,7144.96
866,06/30/2026 09:16:45,15.91,6924.80
867,06/30/2026 09:31:45,15.70,4792.32
868,06/30/2026 09:46:45,15.70,5182.72
869,06/30/2026 10:01:45,15.70,2910.72
870,06/30/2026 10:16:45,16.34,11264.00
871,06/30/2026 10:31:45,16.56,12328.96
872,06/30/2026 10:46:45,16.99,8412.16
873,06/30/2026 11:01:45,16.90,7267.84
874,06/30/2026 11:16:45,16.64,6228.48
875,06/30/2026 11:31:45,13.77,8506.88
876,06/30/2026 11:46:45,13.12,13117.44
877,06/30/2026 12:01:45,13.04,10216.96
878,06/30/2026 12:16:45,12.82,5283.84
879,06/30/2026 12:31:45,12.87,4904.96
880,06/30/2026 12:46:45,13.08,9978.88
881,06/30/2026 13:01:45,13.12,5376.00
882,06/30/2026 13:16:45,13.21,6822.40
883,06/30/2026 13:31:45,13.34,5242.88
884,06/30/2026 13:46:45,13.21,4683.52
885,06/30/2026 14:01:45,13.51,3595.52
886,06/30/2026 14:16:45,13.60,3799.04
887,06/30/2026 14:31:45,13.60,2133.76
888,06/30/2026 14:46:45,13.94,2828.80
889,06/30/2026 15:01:45,13.85,1854.08
890,06/30/2026 15:16:45,13.90,897.28
891,06/30/2026 15:31:45,14.11,1486.08
892,06/30/2026 15:46:45,14.11,1455.36
893,06/30/2026 16:01:45,14.63,1720.32
894,06/30/2026 16:16:45,14.80,6077.44
895,06/30/2026 16:31:45,14.67,3066.88
896,06/30/2026 16:46:45,14.58,3426.56
897,06/30/2026 17:01:45,15.40,4904.96
898,06/30/2026 17:16:45,14.93,5114.88
899,06/30/2026 17:31:45,15.61,4467.20
900,06/30/2026 17:46:45,15.53,2184.32
901,06/30/2026 18:01:45,15.78,2931.20
902,06/30/2026 18:16:45,15.87,1860.48
903,06/30/2026 18:31:45,16.13,2355.84
904,06/30/2026 18:46:45,16.26,2348.80
905,06/30/2026 19:01:45,16.34,2688.00
906,06/30/2026 19:16:45,16.39,2535.04
907,06/30/2026 19:31:45,16.39,2892.80
908,06/30/2026 19:46:45,16.26,1012.48
909,06/30/2026 20:01:45,16.17,662.08
910,06/30/2026 20:16:45,16.13,358.88
911,06/30/2026 20:31:45,16.00,146.48
912,06/30/2026 20:46:45,16.04,126.04
913,06/30/2026 21:01:45,16.60,60.42
914,06/30/2026 21:16:45,16.43,60.42
915,06/30/2026 21:31:45,16.43,4.23
916,06/30/2026 21:46:45,16.26,35.27
917,06/30/2026 22:01:45,14.37,15.70
918,06/30/2026 22:16:45,13.08,2.75
919,06/30/2026 22:31:45,12.14,0.42
920,06/30/2026 22:46:45,11.02,0.00
921,06/30/2026 23:01:45,10.64,0.00
922,06/30/2026 23:16:45,10.51,0.00
923,06/30/2026 23:31:45,10.64,0.00
924,06/30/2026 23:46:45,10.81,0.00
925,07/01/2026 00:01:45,11.02,0.00
926,07/01/2026 00:16:45,11.07,0.00
927,07/01/2026 00:31:45,11.24,0.00
928,07/01/2026 00:46:45,11.32,0.00
929,07/01/2026 01:01:45,11.32,0.00
930,07/01/2026 01:16:45,11.49,0.00
931,07/01/2026 01:31:45,11.67,0.00
932,07/01/2026 01:46:45,11.62,0.42
933,07/01/2026 02:01:45,11.49,0.00
934,07/01/2026 02:16:45,11.58,0.00
935,07/01/2026 02:31:45,11.75,0.00
936,07/01/2026 02:46:45,11.62,0.00
937,07/01/2026 03:01:45,11.62,0.00
938,07/01/2026 03:16:45,11.79,0.00
939,07/01/2026 03:31:45,11.58,0.00
940,07/01/2026 03:46:45,12.18,0.00
941,07/01/2026 04:01:45,12.31,0.00
942,07/01/2026 04:16:45,12.57,3.17
943,07/01/2026 04:31:45,12.61,13.13
944,07/01/2026 04:46:45,12.65,0.84
945,07/01/2026 05:01:45,12.95,0.00
946,07/01/2026 05:16:45,12.82,221.36
947,07/01/2026 05:31:45,12.91,715.52
948,07/01/2026 05:46:45,12.91,1.05
949,07/01/2026 06:01:45,13.12,1122.88
950,07/01/2026 06:16:45,13.04,2823.68
951,07/01/2026 06:31:45,13.08,2795.52
952,07/01/2026 06:46:45,13.21,1755.52
953,07/01/2026 07:01:45,13.21,2288.00
954,07/01/2026 07:16:45,13.17,1703.04
955,07/01/2026 07:31:45,13.21,600.80
956,07/01/2026 07:46:45,13.47,5747.20
957,07/01/2026 08:01:45,13.51,7121.92
958,07/01/2026 08:16:45,13.68,8391.68
959,07/01/2026 08:31:45,13.73,7618.56
960,07/01/2026 08:46:45,13.81,8670.72
961,07/01/2026 09:01:45,13.81,7626.24
962,07/01/2026 09:16:45,14.07,9300.48
963,07/01/2026 09:31:45,14.11,8576.00
964,07/01/2026 09:46:45,14.24,9538.56
965,07/01/2026 10:01:45,14.37,9423.36
966,07/01/2026 10:16:45,14.58,9728.00
967,07/01/2026 10:31:45,14.88,11555.84
968,07/01/2026 10:46:45,14.37,18790.40
969,07/01/2026 11:01:45,14.37,18795.52
970,07/01/2026 11:16:45,14.71,18447.36
971,07/01/2026 11:31:45,14.97,22466.56
972,07/01/2026 11:46:45,15.27,18334.72
973,07/01/2026 12:01:45,15.48,21268.48
974,07/01/2026 12:16:45,15.61,17720.32
975,07/01/2026 12:31:45,15.74,20894.72
976,07/01/2026 12:46:45,15.57,12257.28
977,07/01/2026 13:01:45,15.96,22067.20
978,07/01/2026 13:16:45,16.13,17986.56
979,07/01/2026 13:31:45,16.43,15528.96
980,07/01/2026 13:46:45,16.51,21084.16
981,07/01/2026 14:01:45,16.77,22548.48
982,07/01/2026 14:16:45,16.73,21288.96
983,07/01/2026 14:31:45,16.77,22466.56
984,07/01/2026 14:46:45,16.81,19097.60
985,07/01/2026 15:01:45,16.94,22681.60
986,07/01/2026 15:16:45,17.03,15482.88
987,07/01/2026 15:31:45,17.16,13829.12
988,07/01/2026 15:46:45,17.33,15232.00
989,07/01/2026 16:01:45,14.24,16097.28
990,07/01/2026 16:16:45,11.54,18124.80
991,07/01/2026 16:31:45,9.74,7802.88
992,07/01/2026 16:46:45,9.91,14571.52
993,07/01/2026 17:01:45,10.55,12554.24
994,07/01/2026 17:16:45,10.98,11801.60
995,07/01/2026 17:31:45,11.41,13281.28
996,07/01/2026 17:46:45,11.88,6238.72
997,07/01/2026 18:01:45,12.10,6028.80
998,07/01/2026 18:16:45,12.10,4352.00
999,07/01/2026 18:31:45,12.44,3036.16
1000,07/01/2026 18:46:45,12.82,1393.92
1001,07/01/2026 19:01:45,12.82,1835.52
1002,07/01/2026 19:16:45,13.04,1802.88
1003,07/01/2026 19:31:45,13.17,1626.88
1004,07/01/2026 19:46:45,13.04,1830.40
1005,07/01/2026 20:01:45,13.04,934.72
1006,07/01/2026 20:16:45,13.08,871.36
1007,07/01/2026 20:31:45,13.04,738.56
1008,07/01/2026 20:46:45,13.08,640.64
1009,07/01/2026 21:01:45,12.87,301.68
1010,07/01/2026 21:16:45,12.78,190.88
1011,07/01/2026 21:31:45,12.65,102.96
1012,07/01/2026 21:46:45,12.52,39.93
1013,07/01/2026 22:01:45,13.94,10.16
1014,07/01/2026 22:16:45,15.18,1.90
1015,07/01/2026 22:31:45,14.71,0.21
1016,07/01/2026 22:46:45,13.85,0.00
1017,07/01/2026 23:01:45,13.98,0.00
1018,07/01/2026 23:16:45,14.03,0.00
1019,07/01/2026 23:31:45,13.77,0.00
1020,07/01/2026 23:46:45,13.60,0.00
1021,07/02/2026 00:01:45,13.51,0.00
1022,07/02/2026 00:16:45,13.47,0.00
1023,07/02/2026 00:31:45,13.38,0.00
1024,07/02/2026 00:46:45,13.30,0.00
1025,07/02/2026 01:01:45,13.30,0.00
1026,07/02/2026 01:16:45,13.21,0.00
1027,07/02/2026 01:31:45,13.21,0.00
1028,07/02/2026 01:46:45,13.17,0.00
1029,07/02/2026 02:01:45,13.12,0.00
1030,07/02/2026 02:16:45,13.12,0.00
1031,07/02/2026 02:31:45,13.04,0.00
1032,07/02/2026 02:46:45,13.00,0.00
1033,07/02/2026 03:01:45,13.04,0.00
1034,07/02/2026 03:16:45,13.00,0.00
1035,07/02/2026 03:31:45,13.04,0.00
1036,07/02/2026 03:46:45,13.00,0.00
1037,07/02/2026 04:01:45,13.00,0.21
1038,07/02/2026 04:16:45,12.95,2.33
1039,07/02/2026 04:31:45,12.95,13.55
1040,07/02/2026 04:46:45,12.95,31.83
1041,07/02/2026 05:01:45,12.95,80.40
1042,07/02/2026 05:16:45,12.91,344.16
1043,07/02/2026 05:31:45,12.95,747.20
1044,07/02/2026 05:46:45,13.00,1408.00
1045,07/02/2026 06:01:45,13.04,2447.36
1046,07/02/2026 06:16:45,13.08,2855.68
1047,07/02/2026 06:31:45,12.95,2047.36
1048,07/02/2026 06:46:45,13.00,2433.28
1049,07/02/2026 07:01:45,12.95,1909.76
1050,07/02/2026 07:16:45,12.91,1036.16
1051,07/02/2026 07:31:45,12.95,3208.96
1052,07/02/2026 07:46:45,13.08,4870.40
1053,07/02/2026 08:01:45,13.12,4751.36
1054,07/02/2026 08:16:45,13.12,5324.80
1055,07/02/2026 08:31:45,13.34,7869.44
1056,07/02/2026 08:46:45,13.64,9904.64
1057,07/02/2026 09:01:45,13.68,10255.36
1058,07/02/2026 09:16:45,13.85,10452.48
1059,07/02/2026 09:31:45,13.90,11156.48
1060,07/02/2026 09:46:45,14.07,13245.44
1061,07/02/2026 10:01:45,14.80,26378.24
1062,07/02/2026 10:16:45,14.50,13931.52
1063,07/02/2026 10:31:45,14.63,9789.44
1064,07/02/2026 10:46:45,15.10,18334.72
1065,07/02/2026 11:01:45,15.18,10255.36
1066,07/02/2026 11:16:45,15.57,6338.56
1067,07/02/2026 11:31:45,15.18,9571.84
1068,07/02/2026 11:46:45,14.54,9715.20
1069,07/02/2026 12:01:45,13.34,9966.08
1070,07/02/2026 12:16:45,13.12,9172.48
1071,07/02/2026 12:31:45,12.82,6906.88
1072,07/02/2026 12:46:45,12.70,7639.04
1073,07/02/2026 13:01:45,12.78,8926.72
1074,07/02/2026 13:16:45,12.87,7457.28
1075,07/02/2026 13:31:45,12.82,5209.60
1076,07/02/2026 13:46:45,12.82,5711.36
1077,07/02/2026 14:01:45,12.82,3441.92
1078,07/02/2026 14:16:45,12.74,2840.32
1079,07/02/2026 14:31:45,12.74,3011.84
1080,07/02/2026 14:46:45,12.95,7869.44
1081,07/02/2026 15:01:45,13.25,14673.92
1082,07/02/2026 15:16:45,13.30,7022.08
1083,07/02/2026 15:31:45,13.43,3646.72
1084,07/02/2026 15:46:45,13.34,1222.72
1085,07/02/2026 16:01:45,13.64,2635.52
1086,07/02/2026 16:16:45,13.81,3823.36
1087,07/02/2026 16:31:45,14.07,9077.76
1088,07/02/2026 16:46:45,14.24,8256.00
1089,07/02/2026 17:01:45,14.28,7720.96
1090,07/02/2026 17:16:45,14.11,13783.04
1091,07/02/2026 17:31:45,13.64,6799.36
1092,07/02/2026 17:46:45,13.94,8432.64
1093,07/02/2026 18:01:45,13.68,5127.68
1094,07/02/2026 18:16:45,13.34,5601.28
1095,07/02/2026 18:31:45,13.21,6069.76
1096,07/02/2026 18:46:45,13.00,3819.52
1097,07/02/2026 19:01:45,12.95,2433.28
1098,07/02/2026 19:16:45,12.82,2123.52
1099,07/02/2026 19:31:45,12.70,1676.80
1100,07/02/2026 19:46:45,12.65,2174.08
1101,07/02/2026 20:01:45,12.70,2110.08
1102,07/02/2026 20:16:45,12.65,1467.52
1103,07/02/2026 20:31:45,12.74,1056.64
1104,07/02/2026 20:46:45,12.74,799.04
1105,07/02/2026 21:01:45,12.87,493.92
1106,07/02/2026 21:16:45,12.87,276.00
1107,07/02/2026 21:31:45,12.95,135.36
1108,07/02/2026 21:46:45,13.04,56.50
1109,07/02/2026 22:01:45,13.34,14.85
1110,07/02/2026 22:16:45,13.73,2.54
1111,07/02/2026 22:31:45,14.07,0.42
1112,07/02/2026 22:46:45,13.73,0.00
1113,07/02/2026 23:01:45,13.68,0.00
1114,07/02/2026 23:16:45,13.43,0.00
1115,07/02/2026 23:31:45,13.43,0.00
1116,07/02/2026 23:46:45,13.47,0.00
1117,07/03/2026 00:01:45,13.38,0.00
1118,07/03/2026 00:16:45,13.43,0.00
1119,07/03/2026 00:31:45,13.51,0.00
1120,07/03/2026 00:46:45,13.60,0.42
1121,07/03/2026 01:01:45,13.60,0.00
1122,07/03/2026 01:16:45,13.64,0.00
1123,07/03/2026 01:31:45,13.68,0.00
1124,07/03/2026 01:46:45,13.68,0.00
1125,07/03/2026 02:01:45,13.73,0.00
1126,07/03/2026 02:16:45,13.68,0.00
1127,07/03/2026 02:31:45,13.68,0.00
1128,07/03/2026 02:46:45,13.68,0.00
1129,07/03/2026 03:01:45,13.64,0.00
1130,07/03/2026 03:16:45,13.60,0.00
1131,07/03/2026 03:31:45,13.55,0.00
1132,07/03/2026 03:46:45,13.38,0.00
1133,07/03/2026 04:01:45,13.38,0.21
1134,07/03/2026 04:16:45,13.34,1.27
1135,07/03/2026 04:31:45,13.25,8.05
1136,07/03/2026 04:46:45,13.17,27.22
1137,07/03/2026 05:01:45,13.04,71.38
1138,07/03/2026 05:16:45,12.82,135.48
1139,07/03/2026 05:31:45,12.70,240.24
1140,07/03/2026 05:46:45,12.57,378.08
1141,07/03/2026 06:01:45,12.52,552.00
1142,07/03/2026 06:16:45,12.27,875.84
1143,07/03/2026 06:31:45,12.40,1320.32
1144,07/03/2026 06:46:45,12.27,1940.48
1145,07/03/2026 07:01:45,12.48,2813.44
1146,07/03/2026 07:16:45,12.52,3663.36
1147,07/03/2026 07:31:45,12.74,4148.48
1148,07/03/2026 07:46:45,12.87,7055.36
1149,07/03/2026 08:01:45,13.00,8230.40
1150,07/03/2026 08:16:45,12.78,4870.40
1151,07/03/2026 08:31:45,12.87,4917.76
1152,07/03/2026 08:46:45,13.04,8867.84
1153,07/03/2026 09:01:45,12.95,5795.84
1154,07/03/2026 09:16:45,13.04,7116.80
1155,07/03/2026 09:31:45,13.12,6264.32
1156,07/03/2026 09:46:45,13.12,7511.04
1157,07/03/2026 10:01:45,13.21,6182.40
1158,07/03/2026 10:16:45,13.21,7019.52
1159,07/03/2026 10:31:45,13.43,7951.36
1160,07/03/2026 10:46:45,13.51,11453.44
1161,07/03/2026 11:01:45,14.07,15774.72
1162,07/03/2026 11:16:45,13.98,11258.88
1163,07/03/2026 11:31:45,14.03,10608.64
1164,07/03/2026 11:46:45,14.07,7943.68
1165,07/03/2026 12:01:45,13.98,6899.20
1166,07/03/2026 12:16:45,13.98,9349.12
1167,07/03/2026 12:31:45,13.98,10019.84
1168,07/03/2026 12:46:45,14.03,13475.84
1169,07/03/2026 13:01:45,14.03,12451.84
1170,07/03/2026 13:16:45,13.98,10160.64
1171,07/03/2026 13:31:45,13.81,6543.36
1172,07/03/2026 13:46:45,13.68,4561.92
1173,07/03/2026 14:01:45,13.51,3271.68
1174,07/03/2026 14:16:45,13.38,2387.84
1175,07/03/2026 14:31:45,13.34,4288.00
1176,07/03/2026 14:46:45,13.25,4101.12
1177,07/03/2026 15:01:45,13.30,4599.04
1178,07/03/2026 15:16:45,13.21,3045.12
1179,07/03/2026 15:31:45,13.17,2757.12
1180,07/03/2026 15:46:45,13.17,4298.24
1181,07/03/2026 16:01:45,13.12,3201.28
1182,07/03/2026 16:16:45,13.21,4734.72
1183,07/03/2026 16:31:45,13.25,3697.92
1184,07/03/2026 16:46:45,13.30,4619.52
1185,07/03/2026 17:01:45,13.47,8519.68
1186,07/03/2026 17:16:45,13.55,6563.84
1187,07/03/2026 17:31:45,13.60,5790.72
1188,07/03/2026 17:46:45,11.75,5450.24
1189,07/03/2026 18:01:45,9.74,3296.00
1190,07/03/2026 18:16:45,8.53,3568.64
1191,07/03/2026 18:31:45,7.93,3033.60
1192,07/03/2026 18:46:45,7.89,4087.04
1193,07/03/2026 19:01:45,7.85,2016.64
1194,07/03/2026 19:16:45,7.81,1621.12
1195,07/03/2026 19:31:45,7.68,1869.44
1196,07/03/2026 19:46:45,7.50,1386.24
1197,07/03/2026 20:01:45,7.59,1481.60
1198,07/03/2026 20:16:45,7.59,1311.36
1199,07/03/2026 20:31:45,7.59,667.52
1200,07/03/2026 20:46:45,7.59,645.76
1201,07/03/2026 21:01:45,7.63,430.88
1202,07/03/2026 21:16:45,7.59,249.52
1203,07/03/2026 21:31:45,7.59,122.64
1204,07/03/2026 21:46:45,7.63,50.58
1205,07/03/2026 22:01:45,7.76,14.00
1206,07/03/2026 22:16:45,8.02,2.54
1207,07/03/2026 22:31:45,9.01,0.21
1208,07/03/2026 22:46:45,10.85,0.00
1209,07/03/2026 23:01:45,11.54,0.00
1210,07/03/2026 23:16:45,11.45,0.00
1211,07/03/2026 23:31:45,11.45,0.00
1212,07/03/2026 23:46:45,11.45,0.00
1213,07/04/2026 00:01:45,11.49,0.00
1214,07/04/2026 00:16:45,11.58,0.00
1215,07/04/2026 00:31:45,11.54,0.00
1216,07/04/2026 00:46:45,11.54,0.00
1217,07/04/2026 01:01:45,11.49,0.00
1218,07/04/2026 01:16:45,11.54,0.00
1219,07/04/2026 01:31:45,11.49,0.00
1220,07/04/2026 01:46:45,11.49,0.00
1221,07/04/2026 02:01:45,11.41,0.00
1222,07/04/2026 02:16:45,11.32,0.00
1223,07/04/2026 02:31:45,11.37,0.00
1224,07/04/2026 02:46:45,11.32,0.00
1225,07/04/2026 03:01:45,11.28,0.00
1226,07/04/2026 03:16:45,11.24,0.00
1227,07/04/2026 03:31:45,11.19,0.00
1228,07/04/2026 03:46:45,11.15,0.00
1229,07/04/2026 04:01:45,11.11,0.00
1230,07/04/2026 04:16:45,11.11,0.42
1231,07/04/2026 04:31:45,11.07,4.87
1232,07/04/2026 04:46:45,11.02,24.02
1233,07/04/2026 05:01:45,10.94,67.16
1234,07/04/2026 05:16:45,10.94,164.24
1235,07/04/2026 05:31:45,10.89,265.60
1236,07/04/2026 05:46:45,10.81,554.56
1237,07/04/2026 06:01:45,10.38,809.28
1238,07/04/2026 06:16:45,9.31,871.36
1239,07/04/2026 06:31:45,8.19,1085.44
1240,07/04/2026 06:46:45,8.02,1510.40
1241,07/04/2026 07:01:45,8.06,1718.40
1242,07/04/2026 07:16:45,7.85,2298.24
1243,07/04/2026 07:31:45,7.81,3700.48
1244,07/04/2026 07:46:45,7.85,3284.48
1245,07/04/2026 08:01:45,8.06,5862.40
1246,07/04/2026 08:16:45,8.15,5606.40
1247,07/04/2026 08:31:45,8.23,6553.60
1248,07/04/2026 08:46:45,8.36,7536.64
1249,07/04/2026 09:01:45,8.45,8107.52
1250,07/04/2026 09:16:45,8.58,9443.84
1251,07/04/2026 09:31:45,9.18,12723.20
1252,07/04/2026 09:46:45,9.48,13470.72
1253,07/04/2026 10:01:45,10.29,12953.60
1254,07/04/2026 10:16:45,10.38,20085.76
1255,07/04/2026 10:31:45,11.11,21145.60
1256,07/04/2026 10:46:45,11.79,25231.36
1257,07/04/2026 11:01:45,11.88,17991.68
1258,07/04/2026 11:16:45,12.05,22620.16
1259,07/04/2026 11:31:45,12.70,23316.48
1260,07/04/2026 11:46:45,13.85,28344.32
1261,07/04/2026 12:01:45,13.64,15979.52
1262,07/04/2026 12:16:45,13.47,23162.88
1263,07/04/2026 12:31:45,13.38,19609.60
1264,07/04/2026 12:46:45,13.30,17116.16
1265,07/04/2026 13:01:45,13.04,18938.88
1266,07/04/2026 13:16:45,12.82,18493.44
1267,07/04/2026 13:31:45,12.87,18708.48
1268,07/04/2026 13:46:45,12.82,13793.28
1269,07/04/2026 14:01:45,12.74,22732.80
1270,07/04/2026 14:16:45,12.78,15569.92
1271,07/04/2026 14:31:45,12.82,15129.60
1272,07/04/2026 14:46:45,12.91,15293.44
1273,07/04/2026 15:01:45,12.91,15365.12
1274,07/04/2026 15:16:45,13.00,12764.16
1275,07/04/2026 15:31:45,13.12,16261.12
1276,07/04/2026 15:46:45,13.25,13271.04
1277,07/04/2026 16:01:45,13.38,12267.52
1278,07/04/2026 16:16:45,13.51,18083.84
1279,07/04/2026 16:31:45,13.60,13859.84
1280,07/04/2026 16:46:45,13.60,11192.32
1281,07/04/2026 17:01:45,13.77,11842.56
1282,07/04/2026 17:16:45,13.81,11351.04
1283,07/04/2026 17:31:45,13.90,11991.04
1284,07/04/2026 17:46:45,13.68,2155.52
1285,07/04/2026 18:01:45,13.73,4897.28
1286,07/04/2026 18:16:45,14.11,7951.36
1287,07/04/2026 18:31:45,14.15,3511.04
1288,07/04/2026 18:46:45,14.28,5022.72
1289,07/04/2026 19:01:45,14.11,3782.40
1290,07/04/2026 19:16:45,11.84,4087.04
1291,07/04/2026 19:31:45,10.68,2601.60
1292,07/04/2026 19:46:45,10.12,2071.04
1293,07/04/2026 20:01:45,9.65,1708.16
1294,07/04/2026 20:16:45,9.48,1347.20
1295,07/04/2026 20:31:45,9.56,1038.72
1296,07/04/2026 20:46:45,9.56,717.12
1297,07/04/2026 21:01:45,9.56,569.76
1298,07/04/2026 21:16:45,9.52,301.44
1299,07/04/2026 21:31:45,9.65,153.28
1300,07/04/2026 21:46:45,9.74,67.62
1301,07/04/2026 22:01:45,9.74,17.84
1302,07/04/2026 22:16:45,9.74,3.17
1303,07/04/2026 22:31:45,9.56,0.42
1304,07/04/2026 22:46:45,9.91,0.00
1305,07/04/2026 23:01:45,10.08,0.00
1306,07/04/2026 23:16:45,10.25,0.00
1307,07/04/2026 23:31:45,11.02,0.00
1308,07/04/2026 23:46:45,12.52,0.00
1309,07/05/2026 00:01:45,13.17,0.00
1310,07/05/2026 00:16:45,13.21,0.42
1311,07/05/2026 00:31:45,11.71,0.00
1312,07/05/2026 00:46:45,10.94,0.00
1313,07/05/2026 01:01:45,10.94,0.00
1314,07/05/2026 01:16:45,11.15,0.00
1315,07/05/2026 01:31:45,11.15,0.00
1316,07/05/2026 01:46:45,11.19,0.00
1317,07/05/2026 02:01:45,11.19,0.00
1318,07/05/2026 02:16:45,11.24,0.00
1319,07/05/2026 02:31:45,11.24,0.00
1320,07/05/2026 02:46:45,11.32,0.00
1321,07/05/2026 03:01:45,11.28,0.00
1322,07/05/2026 03:16:45,11.19,0.00
1323,07/05/2026 03:31:45,11.28,0.00
1324,07/05/2026 03:46:45,11.28,0.00
1325,07/05/2026 04:01:45,11.24,0.00
1326,07/05/2026 04:16:45,11.19,0.63
1327,07/05/2026 04:31:45,11.15,5.08
1328,07/05/2026 04:46:45,11.15,23.80
1329,07/05/2026 05:01:45,11.15,78.28
1330,07/05/2026 05:16:45,11.15,177.20
1331,07/05/2026 05:31:45,11.15,348.48
1332,07/05/2026 05:46:45,11.19,680.64
1333,07/05/2026 06:01:45,11.24,1038.72
1334,07/05/2026 06:16:45,11.24,1507.20
1335,07/05/2026 06:31:45,11.28,2115.20
1336,07/05/2026 06:46:45,11.28,2194.56
1337,07/05/2026 07:01:45,11.32,3104.00
1338,07/05/2026 07:16:45,11.41,3185.92
1339,07/05/2026 07:31:45,11.58,5862.40
1340,07/05/2026 07:46:45,11.75,6453.76
1341,07/05/2026 08:01:45,11.92,8128.00
1342,07/05/2026 08:16:45,12.14,10263.04
1343,07/05/2026 08:31:45,12.31,12518.40
1344,07/05/2026 08:46:45,12.70,14018.56
1345,07/05/2026 09:01:45,13.21,12206.08
1346,07/05/2026 09:16:45,13.55,15728.64
1347,07/05/2026 09:31:45,13.81,15365.12
1348,07/05/2026 09:46:45,14.37,16629.76
1349,07/05/2026 10:01:45,14.67,19589.12
1350,07/05/2026 10:16:45,15.10,19496.96
1351,07/05/2026 10:31:45,15.27,18995.20
1352,07/05/2026 10:46:45,15.53,19712.00
1353,07/05/2026 11:01:45,15.83,24156.16
1354,07/05/2026 11:16:45,15.96,25692.16
1355,07/05/2026 11:31:45,16.21,26900.48
1356,07/05/2026 11:46:45,16.51,17095.68
1357,07/05/2026 12:01:45,16.56,19609.60
1358,07/05/2026 12:16:45,16.60,20864.00
1359,07/05/2026 12:31:45,16.64,20275.20
1360,07/05/2026 12:46:45,16.90,18293.76
1361,07/05/2026 13:01:45,17.11,15022.08
1362,07/05/2026 13:16:45,17.20,14883.84
1363,07/05/2026 13:31:45,17.72,14090.24
1364,07/05/2026 13:46:45,18.53,15293.44
1365,07/05/2026 14:01:45,19.95,16849.92
1366,07/05/2026 14:16:45,17.63,17075.20
1367,07/05/2026 14:31:45,16.30,13721.60
1368,07/05/2026 14:46:45,15.74,11566.08
1369,07/05/2026 15:01:45,15.44,9415.68
1370,07/05/2026 15:16:45,15.31,14284.80
1371,07/05/2026 15:31:45,15.36,16819.20
1372,07/05/2026 15:46:45,15.44,10234.88
1373,07/05/2026 16:01:45,15.53,11827.20
1374,07/05/2026 16:16:45,15.48,11023.36
1375,07/05/2026 16:31:45,15.66,7362.56
1376,07/05/2026 16:46:45,15.87,9218.56
1377,07/05/2026 17:01:45,15.96,11781.12
1378,07/05/2026 17:16:45,16.08,7808.00
1379,07/05/2026 17:31:45,16.13,10408.96
1380,07/05/2026 17:46:45,16.51,5475.84
1381,07/05/2026 18:01:45,16.64,5386.24
1382,07/05/2026 18:16:45,16.69,4222.72
1383,07/05/2026 18:31:45,16.69,3660.80
1384,07/05/2026 18:46:45,16.69,3141.12
1385,07/05/2026 19:01:45,16.73,3537.92
1386,07/05/2026 19:16:45,16.69,2956.80
1387,07/05/2026 19:31:45,16.64,2460.80
1388,07/05/2026 19:46:45,16.64,2503.04
1389,07/05/2026 20:01:45,16.60,1852.16
1390,07/05/2026 20:16:45,16.56,1744.00
1391,07/05/2026 20:31:45,16.51,1381.12
1392,07/05/2026 20:46:45,16.43,1244.80
1393,07/05/2026 21:01:45,16.39,605.92
1394,07/05/2026 21:16:45,16.30,390.24
1395,07/05/2026 21:31:45,16.21,219.04
1396,07/05/2026 21:46:45,16.17,62.60
1397,07/05/2026 22:01:45,16.08,18.03
1398,07/05/2026 22:16:45,16.04,4.02
1399,07/05/2026 22:31:45,16.00,0.42
1400,07/05/2026 22:46:45,16.00,0.00
1401,07/05/2026 23:01:45,15.96,0.00
1402,07/05/2026 23:16:45,15.83,0.00
1403,07/05/2026 23:31:45,15.74,0.00
1404,07/05/2026 23:46:45,15.61,0.00
1405,07/06/2026 00:01:45,15.57,0.00
1406,07/06/2026 00:16:45,15.57,0.00
1407,07/06/2026 00:31:45,15.53,0.00
1408,07/06/2026 00:46:45,15.48,0.00
1409,07/06/2026 01:01:45,15.40,0.00
1410,07/06/2026 01:16:45,15.23,0.00
1411,07/06/2026 01:31:45,15.14,0.00
1412,07/06/2026 01:46:45,15.10,0.00
1413,07/06/2026 02:01:45,14.88,0.00
1414,07/06/2026 02:16:45,14.93,0.00
1415,07/06/2026 02:31:45,15.36,0.00
1416,07/06/2026 02:46:45,15.53,0.00
1417,07/06/2026 03:01:45,15.18,0.00
1418,07/06/2026 03:16:45,14.84,0.00
1419,07/06/2026 03:31:45,14.54,0.00
1420,07/06/2026 03:46:45,14.28,0.00
1421,07/06/2026 04:01:45,14.07,0.00
1422,07/06/2026 04:16:45,13.94,1.48
1423,07/06/2026 04:31:45,13.94,6.99
1424,07/06/2026 04:46:45,13.90,25.50
1425,07/06/2026 05:01:45,13.81,101.36
1426,07/06/2026 05:16:45,13.77,219.84
1427,07/06/2026 05:31:45,13.81,448.16
1428,07/06/2026 05:46:45,13.81,748.16
1429,07/06/2026 06:01:45,13.73,1120.32
1430,07/06/2026 06:16:45,13.73,1776.00
1431,07/06/2026 06:31:45,13.68,2545.28
1432,07/06/2026 06:46:45,13.64,3160.32
1433,07/06/2026 07:01:45,13.77,4796.16
1434,07/06/2026 07:16:45,13.90,5675.52
1435,07/06/2026 07:31:45,14.03,3176.96
1436,07/06/2026 07:46:45,15.66,5255.68
1437,07/06/2026 08:01:45,17.20,5795.84
1438,07/06/2026 08:16:45,16.99,6056.96
1439,07/06/2026 08:31:45,16.51,6184.96
1440,07/06/2026 08:46:45,17.03,6371.84
1441,07/06/2026 09:01:45,18.23,6640.64
1442,07/06/2026 09:16:45,18.92,6819.84
1443,07/06/2026 09:31:45,18.62,7001.60
1444,07/06/2026 09:46:45,18.27,7301.12
1445,07/06/2026 10:01:45,18.62,7536.64
1446,07/06/2026 10:16:45,18.79,7828.48
1447,07/06/2026 10:31:45,19.82,8053.76
1448,07/06/2026 10:46:45,21.53,8371.20
1449,07/06/2026 11:01:45,20.68,8519.68
1450,07/06/2026 11:16:45,20.63,8732.16
1451,07/06/2026 11:31:45,22.22,8947.20
1452,07/06/2026 11:46:45,22.13,9218.56
1453,07/06/2026 12:01:45,22.01,9592.32
1454,07/06/2026 12:16:45,22.69,9835.52
1455,07/06/2026 12:31:45,23.85,10127.36
1456,07/06/2026 12:46:45,22.56,8906.24
1457,07/06/2026 13:01:45,20.59,3623.68
1458,07/06/2026 13:16:45,20.29,2853.12
1459,07/06/2026 13:31:45,19.95,28866.56
1460,07/06/2026 13:46:45,19.35,23552.00
1461,07/06/2026 14:01:45,18.57,17341.44
1462,07/06/2026 14:16:45,17.93,17116.16
1463,07/06/2026 14:31:45,17.37,307.60
1464,07/06/2026 14:46:45,17.89,17914.88
1465,07/06/2026 15:01:45,17.93,6755.84
1466,07/06/2026 15:16:45,18.27,8148.48
1467,07/06/2026 15:31:45,18.92,10378.24
1468,07/06/2026 15:46:45,18.53,4029.44
1469,07/06/2026 16:01:45,19.26,3646.72
1470,07/06/2026 16:16:45,19.65,3901.44
1471,07/06/2026 16:31:45,20.25,5532.16
1472,07/06/2026 16:46:45,19.99,6558.72
1473,07/06/2026 17:01:45,20.76,3276.80
1474,07/06/2026 17:16:45,20.59,5588.48
1475,07/06/2026 17:31:45,19.73,2183.04
1476,07/06/2026 17:46:45,20.50,2760.96
1477,07/06/2026 18:01:45,20.80,2400.00
1478,07/06/2026 18:16:45,20.72,2382.72
1479,07/06/2026 18:31:45,20.85,1422.72
1480,07/06/2026 18:46:45,22.52,1835.52
1481,07/06/2026 19:01:45,22.56,1813.12
1482,07/06/2026 19:16:45,23.64,1434.24
1483,07/06/2026 19:31:45,23.94,1635.84
1484,07/06/2026 19:46:45,23.98,1090.56
1485,07/06/2026 20:01:45,24.58,1040.64
1486,07/06/2026 20:16:45,24.97,693.44
1487,07/06/2026 20:31:45,25.14,647.84
1488,07/06/2026 20:46:45,24.71,574.56
1489,07/06/2026 21:01:45,24.02,340.96
1490,07/06/2026 21:16:45,23.55,245.52
1491,07/06/2026 21:31:45,23.72,134.64
1492,07/06/2026 21:46:45,23.16,34.42
1493,07/06/2026 22:01:45,23.68,13.77
1494,07/06/2026 22:16:45,23.59,1.69
1495,07/06/2026 22:31:45,23.29,0.42
1496,07/06/2026 22:46:45,23.25,0.00
1497,07/06/2026 23:01:45,23.68,0.00
1498,07/06/2026 23:16:45,23.25,0.00
1499,07/06/2026 23:31:45,23.12,0.00
1500,07/06/2026 23:46:45,23.08,0.00
1501,07/07/2026 00:01:45,23.03,0.00
1502,07/07/2026 00:16:45,22.69,0.00
1503,07/07/2026 00:31:45,22.56,0.00
1504,07/07/2026 00:46:45,22.13,0.00
1505,07/07/2026 01:01:45,21.19,0.00
1506,07/07/2026 01:16:45,20.63,0.00
1507,07/07/2026 01:31:45,20.07,0.00
1508,07/07/2026 01:46:45,20.68,0.00
1509,07/07/2026 02:01:45,21.02,0.00
1510,07/07/2026 02:16:45,20.89,0.00
1511,07/07/2026 02:31:45,20.50,0.00
1512,07/07/2026 02:46:45,20.20,0.00
1513,07/07/2026 03:01:45,21.19,0.00
1514,07/07/2026 03:16:45,21.19,0.00
1515,07/07/2026 03:31:45,20.93,0.00
1516,07/07/2026 03:46:45,21.19,0.00
1517,07/07/2026 04:01:45,20.80,0.00
1518,07/07/2026 04:16:45,20.68,0.21
1519,07/07/2026 04:31:45,20.07,3.17
1520,07/07/2026 04:46:45,19.90,14.83
1521,07/07/2026 05:01:45,19.73,45.48
1522,07/07/2026 05:16:45,19.86,125.28
1523,07/07/2026 05:31:45,19.95,195.92
1524,07/07/2026 05:46:45,19.22,254.00
1525,07/07/2026 06:01:45,18.70,219.04
1526,07/07/2026 06:16:45,18.32,476.48
1527,07/07/2026 06:31:45,18.06,566.88
1528,07/07/2026 06:46:45,18.02,706.56
1529,07/07/2026 07:01:45,17.89,1396.48
1530,07/07/2026 07:16:45,17.46,1012.48
1531,07/07/2026 07:31:45,17.11,720.32
1532,07/07/2026 07:46:45,16.81,1190.40
1533,07/07/2026 08:01:45,16.86,3185.92
1534,07/07/2026 08:16:45,16.86,5350.40
1535,07/07/2026 08:31:45,16.69,4446.72
1536,07/07/2026 08:46:45,16.51,4860.16
1537,07/07/2026 09:01:45,16.60,8215.04
1538,07/07/2026 09:16:45,16.99,12083.20
1539,07/07/2026 09:31:45,17.07,11822.08
1540,07/07/2026 09:46:45,17.50,24360.96
1541,07/07/2026 10:01:45,17.72,27238.40
1542,07/07/2026 10:16:45,17.72,21739.52
1543,07/07/2026 10:31:45,19.26,37580.80
1544,07/07/2026 10:46:45,18.92,29839.36
1545,07/07/2026 11:01:45,17.97,20587.52
1546,07/07/2026 11:16:45,20.16,38871.04
1547,07/07/2026 11:31:45,18.49,16189.44
1548,07/07/2026 11:46:45,18.27,11806.72
1549,07/07/2026 12:01:45,18.27,15656.96
1550,07/07/2026 12:16:45,19.43,43192.32
1551,07/07/2026 12:31:45,19.99,40581.12
1552,07/07/2026 12:46:45,20.20,32614.40
1553,07/07/2026 13:01:45,20.20,34324.48
1554,07/07/2026 13:16:45,19.90,32890.88
1555,07/07/2026 13:31:45,19.52,28907.52
1556,07/07/2026 13:46:45,19.13,28661.76
1557,07/07/2026 14:01:45,18.96,23408.64
1558,07/07/2026 14:16:45,19.39,18124.80
1559,07/07/2026 14:31:45,19.56,17807.36
1560,07/07/2026 14:46:45,20.72,15825.92
1561,07/07/2026 15:01:45,21.58,21401.60
1562,07/07/2026 15:16:45,22.05,20715.52
1563,07/07/2026 15:31:45,20.63,19317.76
1564,07/07/2026 15:46:45,19.43,13911.04
1565,07/07/2026 16:01:45,18.92,14018.56
1566,07/07/2026 16:16:45,18.83,24176.64
1567,07/07/2026 16:31:45,19.00,12267.52
1568,07/07/2026 16:46:45,18.96,10562.56
1569,07/07/2026 17:01:45,19.05,17233.92
1570,07/07/2026 17:16:45,19.09,11504.64
1571,07/07/2026 17:31:45,19.09,11013.12
1572,07/07/2026 17:46:45,19.22,7585.28
1573,07/07/2026 18:01:45,20.16,8345.60
1574,07/07/2026 18:16:45,21.88,5506.56
1575,07/07/2026 18:31:45,20.76,5145.60
1576,07/07/2026 18:46:45,22.09,4183.04
1577,07/07/2026 19:01:45,21.15,4066.56
1578,07/07/2026 19:16:45,20.03,3009.28
1579,07/07/2026 19:31:45,19.00,2581.12
1580,07/07/2026 19:46:45,18.87,2293.12
1581,07/07/2026 20:01:45,17.80,1974.40
1582,07/07/2026 20:16:45,17.76,1490.56
1583,07/07/2026 20:31:45,17.33,601.60
1584,07/07/2026 20:46:45,17.16,350.40
1585,07/07/2026 21:01:45,17.20,145.64
1586,07/07/2026 21:16:45,17.50,92.76
1587,07/07/2026 21:31:45,17.80,43.74
1588,07/07/2026 21:46:45,17.97,18.03
1589,07/07/2026 22:01:45,18.14,6.99
1590,07/07/2026 22:16:45,18.19,1.48
1591,07/07/2026 22:31:45,18.32,0.21
1592,07/07/2026 22:46:45,18.23,0.00
1593,07/07/2026 23:01:45,18.23,0.00
1594,07/07/2026 23:16:45,18.23,0.00
1595,07/07/2026 23:31:45,18.32,0.00
1596,07/07/2026 23:46:45,18.23,0.00
1597,07/08/2026 00:01:45,18.36,0.00
1598,07/08/2026 00:16:45,18.27,0.00
1599,07/08/2026 00:31:45,18.14,0.00
1600,07/08/2026 00:46:45,17.20,0.00
1601,07/08/2026 01:01:45,17.41,0.00
1602,07/08/2026 01:16:45,17.54,0.00
1603,07/08/2026 01:31:45,17.41,0.21
1604,07/08/2026 01:46:45,16.99,0.00
1605,07/08/2026 02:01:45,16.64,0.00
1606,07/08/2026 02:16:45,16.64,0.00
1607,07/08/2026 02:31:45,16.94,0.00
1608,07/08/2026 02:46:45,17.59,0.00
1609,07/08/2026 03:01:45,17.59,0.00
1610,07/08/2026 03:16:45,17.24,0.00
1611,07/08/2026 03:31:45,16.99,0.00
1612,07/08/2026 03:46:45,16.73,0.00
1613,07/08/2026 04:01:45,16.51,0.00
1614,07/08/2026 04:16:45,16.30,0.63
1615,07/08/2026 04:31:45,16.13,4.02
1616,07/08/2026 04:46:45,16.00,19.54
1617,07/08/2026 05:01:45,15.91,84.20
1618,07/08/2026 05:16:45,15.87,188.08
1619,07/08/2026 05:31:45,15.78,323.44
1620,07/08/2026 05:46:45,15.83,607.20
1621,07/08/2026 06:01:45,15.70,849.92
1622,07/08/2026 06:16:45,15.74,806.08
1623,07/08/2026 06:31:45,15.83,1250.56
1624,07/08/2026 06:46:45,15.78,1216.64
1625,07/08/2026 07:01:45,15.91,2341.76
1626,07/08/2026 07:16:45,15.87,1535.36
1627,07/08/2026 07:31:45,15.87,2586.24
1628,07/08/2026 07:46:45,16.00,3809.28
1629,07/08/2026 08:01:45,15.91,1813.12
1630,07/08/2026 08:16:45,16.00,3212.80
1631,07/08/2026 08:31:45,16.30,6615.04
1632,07/08/2026 08:46:45,16.21,5578.24
1633,07/08/2026 09:01:45,16.51,9090.56
1634,07/08/2026 09:16:45,16.60,11279.36
1635,07/08/2026 09:31:45,16.90,12549.12
1636,07/08/2026 09:46:45,16.90,16138.24
1637,07/08/2026 10:01:45,16.86,10196.48
1638,07/08/2026 10:16:45,16.94,13368.32
1639,07/08/2026 10:31:45,16.64,8005.12
1640,07/08/2026 10:46:45,16.26,1975.68
1641,07/08/2026 11:01:45,16.21,5506.56
1642,07/08/2026 11:16:45,16.26,6016.00
1643,07/08/2026 11:31:45,16.47,12866.56
1644,07/08/2026 11:46:45,16.34,8366.08
1645,07/08/2026 12:01:45,17.54,22435.84
1646,07/08/2026 12:16:45,17.11,14013.44
1647,07/08/2026 12:31:45,17.54,27760.64
1648,07/08/2026 12:46:45,17.37,13501.44
1649,07/08/2026 13:01:45,18.02,36864.00
1650,07/08/2026 13:16:45,18.40,37457.92
1651,07/08/2026 13:31:45,18.32,14684.16
1652,07/08/2026 13:46:45,18.87,24412.16
1653,07/08/2026 14:01:45,18.79,10890.24
1654,07/08/2026 14:16:45,18.62,10040.32
1655,07/08/2026 14:31:45,18.27,17812.48
1656,07/08/2026 14:46:45,18.19,17443.84
1657,07/08/2026 15:01:45,18.14,21227.52
1658,07/08/2026 15:16:45,18.14,22528.00
1659,07/08/2026 15:31:45,17.84,13952.00
1660,07/08/2026 15:46:45,17.63,22824.96
1661,07/08/2026 16:01:45,17.54,19968.00
1662,07/08/2026 16:16:45,17.54,16261.12
1663,07/08/2026 16:31:45,17.50,14356.48
1664,07/08/2026 16:46:45,17.41,10731.52
1665,07/08/2026 17:01:45,17.46,13818.88
1666,07/08/2026 17:16:45,17.46,13317.12
1667,07/08/2026 17:31:45,17.20,6758.40
1668,07/08/2026 17:46:45,17.37,8107.52
1669,07/08/2026 18:01:45,17.24,7050.24
1670,07/08/2026 18:16:45,17.33,7808.00
1671,07/08/2026 18:31:45,17.41,8330.24
1672,07/08/2026 18:46:45,17.46,7457.28
1673,07/08/2026 19:01:45,17.46,6192.64
1674,07/08/2026 19:16:45,17.50,1652.48
1675,07/08/2026 19:31:45,17.37,1438.08
1676,07/08/2026 19:46:45,15.18,808.64
1677,07/08/2026 20:01:45,11.88,479.36
1678,07/08/2026 20:16:45,11.75,502.40
1679,07/08/2026 20:31:45,11.67,359.20
1680,07/08/2026 20:46:45,11.15,409.60
1681,07/08/2026 21:01:45,11.32,499.04
1682,07/08/2026 21:16:45,12.01,180.40
1683,07/08/2026 21:31:45,11.71,128.60
1684,07/08/2026 21:46:45,11.28,33.58
1685,07/08/2026 22:01:45,11.67,9.11
1686,07/08/2026 22:16:45,11.92,1.27
1687,07/08/2026 22:31:45,12.01,0.00
1688,07/08/2026 22:46:45,12.18,0.00
1689,07/08/2026 23:01:45,12.18,0.00
1690,07/08/2026 23:16:45,12.40,0.00
1691,07/08/2026 23:31:45,12.65,0.00
1692,07/08/2026 23:46:45,12.65,0.00
1693,07/09/2026 00:01:45,12.70,0.00
1694,07/09/2026 00:16:45,12.52,0.00
1695,07/09/2026 00:31:45,12.48,0.00
1696,07/09/2026 00:46:45,12.44,0.00
1697,07/09/2026 01:01:45,12.40,0.00
1698,07/09/2026 01:16:45,12.27,0.00
1699,07/09/2026 01:31:45,12.18,0.00
1700,07/09/2026 01:46:45,12.10,0.00
1701,07/09/2026 02:01:45,11.97,0.00
1702,07/09/2026 02:16:45,11.67,0.00
1703,07/09/2026 02:31:45,11.49,0.00
1704,07/09/2026 02:46:45,12.05,0.00
1705,07/09/2026 03:01:45,12.52,0.00
1706,07/09/2026 03:16:45,12.87,0.00
1707,07/09/2026 03:31:45,13.47,0.00
1708,07/09/2026 03:46:45,14.28,0.00
1709,07/09/2026 04:01:45,14.75,0.00
1710,07/09/2026 04:16:45,15.01,0.42
1711,07/09/2026 04:31:45,15.31,2.11
1712,07/09/2026 04:46:45,15.36,13.55
1713,07/09/2026 05:01:45,15.27,33.52
1714,07/09/2026 05:16:45,15.18,102.08
1715,07/09/2026 05:31:45,15.14,191.68
1716,07/09/2026 05:46:45,15.01,331.04
1717,07/09/2026 06:01:45,14.97,522.88
1718,07/09/2026 06:16:45,14.93,791.04
1719,07/09/2026 06:31:45,14.93,1052.48
1720,07/09/2026 06:46:45,14.88,1340.16
1721,07/09/2026 07:01:45,14.93,1057.60
1722,07/09/2026 07:16:45,14.88,953.28
1723,07/09/2026 07:31:45,14.80,1338.88
1724,07/09/2026 07:46:45,14.88,1645.44
1725,07/09/2026 08:01:45,14.84,1388.80
1726,07/09/2026 08:16:45,14.80,1928.32
1727,07/09/2026 08:31:45,14.71,2891.52
1728,07/09/2026 08:46:45,14.63,2693.12
1729,07/09/2026 09:01:45,14.58,2894.08
1730,07/09/2026 09:16:45,14.54,3745.28
1731,07/09/2026 09:31:45,14.54,3934.72
1732,07/09/2026 09:46:45,14.41,3575.04
1733,07/09/2026 10:01:45,14.33,3720.96
1734,07/09/2026 10:16:45,14.20,3856.64
1735,07/09/2026 10:31:45,14.07,4057.60
1736,07/09/2026 10:46:45,14.07,4876.80
1737,07/09/2026 11:01:45,13.94,4405.76
1738,07/09/2026 11:16:45,13.94,4430.08
1739,07/09/2026 11:31:45,13.85,4430.08
1740,07/09/2026 11:46:45,13.94,5672.96
1741,07/09/2026 12:01:45,13.94,4660.48
1742,07/09/2026 12:16:45,13.94,4514.56
1743,07/09/2026 12:31:45,13.94,6840.32
1744,07/09/2026 12:46:45,14.07,7964.16
1745,07/09/2026 13:01:45,14.03,7104.00
1746,07/09/2026 13:16:45,14.03,6504.96
1747,07/09/2026 13:31:45,14.07,7680.00
1748,07/09/2026 13:46:45,14.20,8634.88
1749,07/09/2026 14:01:45,14.24,7416.32
1750,07/09/2026 14:16:45,14.28,7006.72
1751,07/09/2026 14:31:45,14.45,8711.68
1752,07/09/2026 14:46:45,14.50,9177.60
1753,07/09/2026 15:01:45,14.54,6873.60
1754,07/09/2026 15:16:45,14.75,5388.80
1755,07/09/2026 15:31:45,14.88,6766.08
1756,07/09/2026 15:46:45,14.84,3829.76
1757,07/09/2026 16:01:45,14.71,4006.40
1758,07/09/2026 16:16:45,14.71,3813.12
1759,07/09/2026 16:31:45,14.63,2991.36
1760,07/09/2026 16:46:45,14.58,3417.60
1761,07/09/2026 17:01:45,14.50,2545.28
1762,07/09/2026 17:16:45,14.37,2858.24
1763,07/09/2026 17:31:45,14.28,2772.48
1764,07/09/2026 17:46:45,14.20,3146.24
1765,07/09/2026 18:01:45,14.28,3700.48
1766,07/09/2026 18:16:45,14.24,4849.92
1767,07/09/2026 18:31:45,14.24,6382.08
1768,07/09/2026 18:46:45,14.20,3914.24
1769,07/09/2026 19:01:45,14.24,4742.40
1770,07/09/2026 19:16:45,14.20,4551.68
1771,07/09/2026 19:31:45,14.20,2592.64
1772,07/09/2026 19:46:45,14.24,2306.56
1773,07/09/2026 20:01:45,14.28,2737.92
1774,07/09/2026 20:16:45,14.15,2919.68
1775,07/09/2026 20:31:45,13.90,1607.04
1776,07/09/2026 20:46:45,13.64,1033.60
1777,07/09/2026 21:01:45,13.08,604.64
1778,07/09/2026 21:16:45,12.70,325.20
1779,07/09/2026 21:31:45,12.48,182.24
1780,07/09/2026 21:46:45,12.57,66.78
1781,07/09/2026 22:01:45,12.44,15.28
1782,07/09/2026 22:16:45,12.22,2.33
1783,07/09/2026 22:31:45,12.22,0.42
1784,07/09/2026 22:46:45,12.31,0.00
1785,07/09/2026 23:01:45,12.44,0.00
1786,07/09/2026 23:16:45,12.44,0.00
1787,07/09/2026 23:31:45,12.48,0.00
1788,07/09/2026 23:46:45,12.57,0.00
1789,07/10/2026 00:01:45,12.44,0.42
1790,07/10/2026 00:16:45,12.31,0.00
1791,07/10/2026 00:31:45,12.27,0.00
1792,07/10/2026 00:46:45,12.18,0.00
1793,07/10/2026 01:01:45,12.10,0.00
1794,07/10/2026 01:16:45,12.10,0.00
1795,07/10/2026 01:31:45,12.14,0.00
1796,07/10/2026 01:46:45,12.22,0.00
1797,07/10/2026 02:01:45,12.05,0.00
1798,07/10/2026 02:16:45,11.92,0.00
1799,07/10/2026 02:31:45,11.79,0.00
1800,07/10/2026 02:46:45,11.58,0.00
1801,07/10/2026 03:01:45,11.41,0.00
1802,07/10/2026 03:16:45,11.37,0.00
1803,07/10/2026 03:31:45,11.37,0.00
1804,07/10/2026 03:46:45,11.37,0.00
1805,07/10/2026 04:01:45,11.37,0.00
1806,07/10/2026 04:16:45,11.37,0.63
1807,07/10/2026 04:31:45,11.49,5.08
1808,07/10/2026 04:46:45,11.67,25.71
1809,07/10/2026 05:01:45,11.79,101.24
1810,07/10/2026 05:16:45,12.22,263.12
1811,07/10/2026 05:31:45,12.35,523.68
1812,07/10/2026 05:46:45,12.44,849.92
1813,07/10/2026 06:01:45,12.44,1298.88
1814,07/10/2026 06:16:45,12.44,1975.68
1815,07/10/2026 06:31:45,12.44,2447.36
1816,07/10/2026 06:46:45,12.40,2348.80
1817,07/10/2026 07:01:45,12.40,2321.92
1818,07/10/2026 07:16:45,12.44,3080.96
1819,07/10/2026 07:31:45,12.44,3996.16
1820,07/10/2026 07:46:45,12.48,4654.08
1821,07/10/2026 08:01:45,12.52,5921.28
1822,07/10/2026 08:16:45,12.52,6225.92
1823,07/10/2026 08:31:45,12.52,6871.04
1824,07/10/2026 08:46:45,12.52,4555.52
1825,07/10/2026 09:01:45,12.78,15856.64
1826,07/10/2026 09:16:45,12.95,14924.80
1827,07/10/2026 09:31:45,13.04,11048.96
1828,07/10/2026 09:46:45,13.08,16537.60
1829,07/10/2026 10:01:45,12.91,2528.64
1830,07/10/2026 10:16:45,13.25,28088.32
1831,07/10/2026 10:31:45,13.25,20060.16
1832,07/10/2026 10:46:45,13.43,29583.36
1833,07/10/2026 11:01:45,13.64,30382.08
1834,07/10/2026 11:16:45,13.90,25415.68
1835,07/10/2026 11:31:45,14.03,27484.16
1836,07/10/2026 11:46:45,14.11,36024.32
1837,07/10/2026 12:01:45,14.11,32573.44
1838,07/10/2026 12:16:45,14.20,32471.04
1839,07/10/2026 12:31:45,14.45,27658.24
1840,07/10/2026 12:46:45,14.58,33740.80
1841,07/10/2026 13:01:45,14.75,31836.16
1842,07/10/2026 13:16:45,14.80,43765.76
1843,07/10/2026 13:31:45,15.01,34140.16
1844,07/10/2026 13:46:45,15.06,31795.20
1845,07/10/2026 14:01:45,15.40,27422.72
1846,07/10/2026 14:16:45,15.66,22374.40
1847,07/10/2026 14:31:45,15.87,26337.28
1848,07/10/2026 14:46:45,16.34,29224.96
1849,07/10/2026 15:01:45,16.60,27760.64
1850,07/10/2026 15:16:45,17.11,25579.52
1851,07/10/2026 15:31:45,17.46,23900.16
1852,07/10/2026 15:46:45,17.24,21657.60
1853,07/10/2026 16:01:45,16.81,19793.92
1854,07/10/2026 16:16:45,16.51,17592.32
1855,07/10/2026 16:31:45,16.08,20561.92
1856,07/10/2026 16:46:45,15.53,16235.52
1857,07/10/2026 17:01:45,15.27,14725.12
1858,07/10/2026 17:16:45,15.14,13747.20
1859,07/10/2026 17:31:45,14.97,11530.24
1860,07/10/2026 17:46:45,14.75,12057.60
1861,07/10/2026 18:01:45,14.67,9308.16
1862,07/10/2026 18:16:45,14.63,8913.92
1863,07/10/2026 18:31:45,14.58,9991.68
1864,07/10/2026 18:46:45,14.54,7564.80
1865,07/10/2026 19:01:45,14.50,7262.72
1866,07/10/2026 19:16:45,14.41,6320.64
1867,07/10/2026 19:31:45,14.41,4759.04
1868,07/10/2026 19:46:45,14.37,3989.76
1869,07/10/2026 20:01:45,14.41,3200.00
1870,07/10/2026 20:16:45,14.28,2409.60
1871,07/10/2026 20:31:45,14.24,1779.20
1872,07/10/2026 20:46:45,14.20,1219.20
1873,07/10/2026 21:01:45,14.41,754.88
1874,07/10/2026 21:16:45,14.54,445.28
1875,07/10/2026 21:31:45,14.24,217.12
1876,07/10/2026 21:46:45,14.07,77.80
1877,07/10/2026 22:01:45,13.85,18.06
1878,07/10/2026 22:16:45,13.47,3.17
1879,07/10/2026 22:31:45,13.30,0.42
1880,07/10/2026 22:46:45,13.17,0.00
1881,07/10/2026 23:01:45,13.00,0.00
1882,07/10/2026 23:16:45,12.87,0.00
1883,07/10/2026 23:31:45,12.82,0.00
1884,07/10/2026 23:46:45,12.82,0.00
1885,07/11/2026 00:01:45,12.70,0.00
1886,07/11/2026 00:16:45,12.74,0.00
1887,07/11/2026 00:31:45,12.70,0.00
1888,07/11/2026 00:46:45,12.70,0.00
1889,07/11/2026 01:01:45,12.65,0.00
1890,07/11/2026 01:16:45,12.61,0.00
1891,07/11/2026 01:31:45,12.65,0.00
1892,07/11/2026 01:46:45,12.57,0.00
1893,07/11/2026 02:01:45,12.52,0.00
1894,07/11/2026 02:16:45,12.44,0.00
1895,07/11/2026 02:31:45,12.27,0.00
1896,07/11/2026 02:46:45,12.22,0.00
1897,07/11/2026 03:01:45,12.27,0.00
1898,07/11/2026 03:16:45,12.18,0.00
1899,07/11/2026 03:31:45,12.18,0.00
1900,07/11/2026 03:46:45,12.22,0.00
1901,07/11/2026 04:01:45,12.10,0.21
1902,07/11/2026 04:16:45,11.88,1.69
1903,07/11/2026 04:31:45,11.84,10.16
1904,07/11/2026 04:46:45,12.01,50.14
1905,07/11/2026 05:01:45,11.84,176.32
1906,07/11/2026 05:16:45,11.84,433.60
1907,07/11/2026 05:31:45,11.75,791.68
1908,07/11/2026 05:46:45,11.75,1254.08
1909,07/11/2026 06:01:45,11.71,1823.36
1910,07/11/2026 06:16:45,11.54,2558.72
1911,07/11/2026 06:31:45,11.49,3384.32
1912,07/11/2026 06:46:45,11.62,4298.24
1913,07/11/2026 07:01:45,12.40,5286.40
1914,07/11/2026 07:16:45,12.61,6499.84
1915,07/11/2026 07:31:45,12.91,7462.40
1916,07/11/2026 07:46:45,13.08,9172.48
1917,07/11/2026 08:01:45,13.17,10823.68
1918,07/11/2026 08:16:45,13.34,12144.64
1919,07/11/2026 08:31:45,13.60,14049.28
1920,07/11/2026 08:46:45,13.55,15764.48
1921,07/11/2026 09:01:45,13.47,17909.76
1922,07/11/2026 09:16:45,13.43,18626.56
1923,07/11/2026 09:31:45,13.60,20920.32
1924,07/11/2026 09:46:45,13.77,21585.92
1925,07/11/2026 10:01:45,14.03,23685.12
1926,07/11/2026 10:16:45,13.94,17904.64
1927,07/11/2026 10:31:45,13.85,29255.68
1928,07/11/2026 10:46:45,14.20,30187.52
1929,07/11/2026 11:01:45,14.63,27412.48
1930,07/11/2026 11:16:45,14.93,32839.68
1931,07/11/2026 11:31:45,15.18,37488.64
1932,07/11/2026 11:46:45,15.61,35225.60
1933,07/11/2026 12:01:45,15.91,36229.12
1934,07/11/2026 12:16:45,16.34,41594.88
1935,07/11/2026 12:31:45,16.43,31303.68
1936,07/11/2026 12:46:45,16.56,36229.12
1937,07/11/2026 13:01:45,16.21,39137.28
1938,07/11/2026 13:16:45,16.47,46407.68
1939,07/11/2026 13:31:45,16.73,28682.24
1940,07/11/2026 13:46:45,17.16,27136.00
1941,07/11/2026 14:01:45,17.24,34662.40
1942,07/11/2026 14:16:45,17.67,35983.36
1943,07/11/2026 14:31:45,18.14,38000.64
1944,07/11/2026 14:46:45,18.27,27463.68
1945,07/11/2026 15:01:45,18.14,24780.80
1946,07/11/2026 15:16:45,17.97,25292.80
1947,07/11/2026 15:31:45,17.76,29593.60
1948,07/11/2026 15:46:45,18.06,23470.08
1949,07/11/2026 16:01:45,18.92,32102.40
1950,07/11/2026 16:16:45,18.92,24504.32
1951,07/11/2026 16:31:45,19.30,23142.40
1952,07/11/2026 16:46:45,19.60,18723.84
1953,07/11/2026 17:01:45,19.65,18391.04
1954,07/11/2026 17:16:45,20.16,16783.36
1955,07/11/2026 17:31:45,21.83,14356.48
1956,07/11/2026 17:46:45,21.58,14602.24
1957,07/11/2026 18:01:45,20.72,12344.32
1958,07/11/2026 18:16:45,19.65,12646.40
1959,07/11/2026 18:31:45,19.00,9868.80
1960,07/11/2026 18:46:45,18.44,5795.84
1961,07/11/2026 19:01:45,18.10,5706.24
1962,07/11/2026 19:16:45,17.84,5514.24
1963,07/11/2026 19:31:45,17.59,4152.32
1964,07/11/2026 19:46:45,17.41,4158.72
1965,07/11/2026 20:01:45,17.33,3503.36
1966,07/11/2026 20:16:45,17.11,1701.12
1967,07/11/2026 20:31:45,17.03,1860.48
1968,07/11/2026 20:46:45,16.94,1315.20
1969,07/11/2026 21:01:45,16.86,816.32
1970,07/11/2026 21:16:45,16.86,429.12
1971,07/11/2026 21:31:45,16.94,188.08
1972,07/11/2026 21:46:45,16.94,55.72
1973,07/11/2026 22:01:45,17.16,14.40
1974,07/11/2026 22:16:45,17.54,2.54
1975,07/11/2026 22:31:45,17.46,0.84
1976,07/11/2026 22:46:45,17.59,0.00
1977,07/11/2026 23:01:45,17.37,0.00
1978,07/11/2026 23:16:45,17.24,0.00
1979,07/11/2026 23:31:45,17.46,0.00
1980,07/11/2026 23:46:45,17.80,0.00
1981,07/12/2026 00:01:45,18.06,0.00
1982,07/12/2026 00:16:45,18.10,0.00
1983,07/12/2026 00:31:45,17.84,0.00
1984,07/12/2026 00:46:45,17.59,0.00
1985,07/12/2026 01:01:45,17.50,0.00
1986,07/12/2026 01:16:45,17.50,0.00
1987,07/12/2026 01:31:45,17.37,0.00
1988,07/12/2026 01:46:45,17.46,0.00
1989,07/12/2026 02:01:45,16.99,0.00
1990,07/12/2026 02:16:45,16.86,0.00
1991,07/12/2026 02:31:45,16.69,0.00
1992,07/12/2026 02:46:45,16.94,0.00
1993,07/12/2026 03:01:45,16.39,0.00
1994,07/12/2026 03:16:45,16.47,0.00
1995,07/12/2026 03:31:45,16.13,0.00
1996,07/12/2026 03:46:45,16.08,0.00
1997,07/12/2026 04:01:45,16.04,0.00
1998,07/12/2026 04:16:45,15.83,0.00
1999,07/12/2026 04:31:45,15.83,0.42
2000,07/12/2026 04:46:45,15.91,2.54
2001,07/12/2026 05:01:45,15.83,42.94
2002,07/12/2026 05:16:45,15.91,279.44
2003,07/12/2026 05:31:45,16.30,474.72
2004,07/12/2026 05:46:45,16.21,770.88
2005,07/12/2026 06:01:45,16.26,583.04
2006,07/12/2026 06:16:45,16.43,677.44
2007,07/12/2026 06:31:45,16.51,784.64
2008,07/12/2026 06:46:45,16.47,244.64
2009,07/12/2026 07:01:45,16.34,1291.52
2010,07/12/2026 07:16:45,16.47,2920.96
2011,07/12/2026 07:31:45,16.47,3535.36
2012,07/12/2026 07:46:45,16.56,6248.96
2013,07/12/2026 08:01:45,16.51,6269.44
2014,07/12/2026 08:16:45,16.51,3480.32
2015,07/12/2026 08:31:45,16.60,7823.36
2016,07/12/2026 08:46:45,16.69,9477.12
2017,07/12/2026 09:01:45,16.90,9144.32
2018,07/12/2026 09:16:45,17.03,9999.36
2019,07/12/2026 09:31:45,16.90,7651.84
2020,07/12/2026 09:46:45,17.11,11171.84
2021,07/12/2026 10:01:45,17.16,10188.80
2022,07/12/2026 10:16:45,17.16,7285.76
2023,07/12/2026 10:31:45,17.20,4314.88
2024,07/12/2026 10:46:45,17.33,5203.20
2025,07/12/2026 11:01:45,17.50,6353.92
2026,07/12/2026 11:16:45,17.76,7024.64
2027,07/12/2026 11:31:45,17.89,10447.36
2028,07/12/2026 11:46:45,18.02,7252.48
2029,07/12/2026 12:01:45,18.10,16117.76
2030,07/12/2026 12:16:45,17.80,10567.68
2031,07/12/2026 12:31:45,18.40,11663.36
2032,07/12/2026 12:46:45,18.79,16768.00
2033,07/12/2026 13:01:45,18.10,11776.00
2034,07/12/2026 13:16:45,18.32,21022.72
2035,07/12/2026 13:31:45,18.40,9789.44
2036,07/12/2026 13:46:45,18.83,13788.16
2037,07/12/2026 14:01:45,19.30,24094.72
2038,07/12/2026 14:16:45,18.83,15943.68
2039,07/12/2026 14:31:45,18.87,13608.96
2040,07/12/2026 14:46:45,18.83,10024.96
2041,07/12/2026 15:01:45,19.13,18913.28
2042,07/12/2026 15:16:45,19.00,16921.60
2043,07/12/2026 15:31:45,18.96,16430.08
2044,07/12/2026 15:46:45,19.17,16051.20
2045,07/12/2026 16:01:45,19.35,16025.60
2046,07/12/2026 16:16:45,19.17,9694.72
2047,07/12/2026 16:31:45,19.56,10992.64
2048,07/12/2026 16:46:45,19.39,9456.64
2049,07/12/2026 17:01:45,19.39,7713.28
2050,07/12/2026 17:16:45,19.73,8033.28
2051,07/12/2026 17:31:45,19.73,7313.92
2052,07/12/2026 17:46:45,20.29,4232.96
2053,07/12/2026 18:01:45,20.76,5100.80
2054,07/12/2026 18:16:45,20.80,4578.56
2055,07/12/2026 18:31:45,20.80,3623.68
2056,07/12/2026 18:46:45,19.82,2919.68
2057,07/12/2026 19:01:45,18.66,1484.16
2058,07/12/2026 19:16:45,17.97,1830.40
2059,07/12/2026 19:31:45,17.72,1874.56
2060,07/12/2026 19:46:45,17.54,1874.56
2061,07/12/2026 20:01:45,17.29,1144.00
2062,07/12/2026 20:16:45,17.07,165.92
2063,07/12/2026 20:31:45,16.99,171.92
2064,07/12/2026 20:46:45,16.90,225.60
2065,07/12/2026 21:01:45,16.81,87.60
2066,07/12/2026 21:16:45,16.69,147.24
2067,07/12/2026 21:31:45,16.77,85.04
2068,07/12/2026 21:46:45,16.73,25.07
2069,07/12/2026 22:01:45,16.60,4.87
2070,07/12/2026 22:16:45,16.60,0.63
2071,07/12/2026 22:31:45,16.60,0.00
2072,07/12/2026 22:46:45,16.64,0.00
2073,07/12/2026 23:01:45,16.81,0.00
2074,07/12/2026 23:16:45,16.86,0.00
2075,07/12/2026 23:31:45,16.86,0.00
2076,07/12/2026 23:46:45,16.81,0.00
2077,07/13/2026 00:01:45,16.94,0.00
2078,07/13/2026 00:16:45,16.94,0.00
2079,07/13/2026 00:31:45,16.94,0.00
2080,07/13/2026 00:46:45,16.86,0.00
2081,07/13/2026 01:01:45,16.99,0.00
2082,07/13/2026 01:16:45,16.99,0.00
2083,07/13/2026 01:31:45,16.90,0.00
2084,07/13/2026 01:46:45,16.81,0.00
2085,07/13/2026 02:01:45,16.94,0.21
2086,07/13/2026 02:16:45,16.90,0.00
2087,07/13/2026 02:31:45,16.86,0.00
2088,07/13/2026 02:46:45,16.86,0.00
2089,07/13/2026 03:01:45,16.69,0.00
2090,07/13/2026 03:16:45,16.64,0.00
2091,07/13/2026 03:31:45,16.60,0.00
2092,07/13/2026 03:46:45,16.60,0.00
2093,07/13/2026 04:01:45,16.51,0.00
2094,07/13/2026 04:16:45,16.34,0.84
2095,07/13/2026 04:31:45,16.43,5.72
2096,07/13/2026 04:46:45,16.26,31.88
2097,07/13/2026 05:01:45,16.17,132.92
2098,07/13/2026 05:16:45,16.08,287.92
2099,07/13/2026 05:31:45,16.17,652.00
2100,07/13/2026 05:46:45,16.04,1108.48
2101,07/13/2026 06:01:45,15.96,1360.64
2102,07/13/2026 06:16:45,15.96,2731.52
2103,07/13/2026 06:31:45,16.00,4270.08
2104,07/13/2026 06:46:45,16.13,4693.76
2105,07/13/2026 07:01:45,16.08,6018.56
2106,07/13/2026 07:16:45,16.13,8097.28
2107,07/13/2026 07:31:45,16.21,8025.60
2108,07/13/2026 07:46:45,16.34,13066.24
2109,07/13/2026 08:01:45,16.34,11074.56
2110,07/13/2026 08:16:45,16.47,10772.48
2111,07/13/2026 08:31:45,16.56,9666.56
2112,07/13/2026 08:46:45,16.56,14254.08
2113,07/13/2026 09:01:45,16.73,14126.08
2114,07/13/2026 09:16:45,16.73,14940.16
2115,07/13/2026 09:31:45,16.77,15313.92
2116,07/13/2026 09:46:45,17.11,16808.96
2117,07/13/2026 10:01:45,17.11,19834.88
2118,07/13/2026 10:16:45,17.07,4399.36
2119,07/13/2026 10:31:45,17.59,21606.40
2120,07/13/2026 10:46:45,17.63,19983.36
2121,07/13/2026 11:01:45,18.02,21975.04
2122,07/13/2026 11:16:45,18.14,20751.36
2123,07/13/2026 11:31:45,18.36,22804.48
2124,07/13/2026 11:46:45,18.62,18734.08
2125,07/13/2026 12:01:45,18.57,14146.56
2126,07/13/2026 12:16:45,18.79,18073.60
2127,07/13/2026 12:31:45,19.00,18140.16
2128,07/13/2026 12:46:45,18.87,9658.88
2129,07/13/2026 13:01:45,19.17,17198.08
2130,07/13/2026 13:16:45,18.79,5670.40
2131,07/13/2026 13:31:45,18.87,3813.12
2132,07/13/2026 13:46:45,19.35,14080.00
2133,07/13/2026 14:01:45,19.52,19466.24
2134,07/13/2026 14:16:45,19.43,11924.48
2135,07/13/2026 14:31:45,19.26,8519.68
2136,07/13/2026 14:46:45,19.43,15042.56
2137,07/13/2026 15:01:45,19.30,10588.16
2138,07/13/2026 15:16:45,19.22,6369.28
2139,07/13/2026 15:31:45,19.35,8581.12
2140,07/13/2026 15:46:45,19.47,9999.36
2141,07/13/2026 16:01:45,19.69,7910.40
2142,07/13/2026 16:16:45,19.69,9497.60
2143,07/13/2026 16:31:45,19.56,6248.96
2144,07/13/2026 16:46:45,19.47,6154.24
2145,07/13/2026 17:01:45,19.52,6123.52
2146,07/13/2026 17:16:45,19.26,3462.40
2147,07/13/2026 17:31:45,19.00,2081.28
2148,07/13/2026 17:46:45,19.30,3500.80
2149,07/13/2026 18:01:45,19.17,705.28
2150,07/13/2026 18:16:45,18.40,109.00
2151,07/13/2026 18:31:45,18.36,184.08
2152,07/13/2026 18:46:45,18.49,528.80
2153,07/13/2026 19:01:45,18.32,903.36
2154,07/13/2026 19:16:45,18.53,620.32
2155,07/13/2026 19:31:45,18.32,111.52
2156,07/13/2026 19:46:45,18.62,141.28
2157,07/13/2026 20:01:45,19.00,309.04
2158,07/13/2026 20:16:45,19.17,587.68
2159,07/13/2026 20:31:45,18.96,879.04
2160,07/13/2026 20:46:45,18.02,252.72
2161,07/13/2026 21:01:45,17.76,102.96
2162,07/13/2026 21:16:45,17.33,57.36
2163,07/13/2026 21:31:45,16.94,31.43
2164,07/13/2026 21:46:45,16.69,10.59
2165,07/13/2026 22:01:45,16.51,1.48
2166,07/13/2026 22:16:45,16.39,0.00
2167,07/13/2026 22:31:45,16.26,0.00
2168,07/13/2026 22:46:45,16.47,0.00
2169,07/13/2026 23:01:45,16.34,0.00
2170,07/13/2026 23:16:45,16.26,0.00
2171,07/13/2026 23:31:45,16.60,0.00
2172,07/13/2026 23:46:45,16.90,0.00
2173,07/14/2026 00:01:45,16.90,0.00
2174,07/14/2026 00:16:45,16.69,0.00
2175,07/14/2026 00:31:45,16.73,0.00
2176,07/14/2026 00:46:45,17.20,0.00
2177,07/14/2026 01:01:45,17.41,0.00
2178,07/14/2026 01:16:45,17.33,0.00
2179,07/14/2026 01:31:45,17.67,0.00
2180,07/14/2026 01:46:45,17.20,0.00
2181,07/14/2026 02:01:45,17.37,0.00
2182,07/14/2026 02:16:45,17.24,0.00
2183,07/14/2026 02:31:45,17.33,0.00
2184,07/14/2026 02:46:45,17.37,0.00
2185,07/14/2026 03:01:45,17.16,0.00
2186,07/14/2026 03:16:45,17.20,0.00
2187,07/14/2026 03:31:45,17.37,0.00
2188,07/14/2026 03:46:45,17.24,0.00
2189,07/14/2026 04:01:45,17.29,0.00
2190,07/14/2026 04:16:45,17.16,0.00
2191,07/14/2026 04:31:45,17.20,1.48
2192,07/14/2026 04:46:45,16.94,9.53
2193,07/14/2026 05:01:45,16.86,40.41
2194,07/14/2026 05:16:45,16.86,113.32
2195,07/14/2026 05:31:45,16.69,293.20
2196,07/14/2026 05:46:45,16.64,424.32
2197,07/14/2026 06:01:45,16.56,698.24
2198,07/14/2026 06:16:45,16.56,1402.24
2199,07/14/2026 06:31:45,16.64,1553.92
2200,07/14/2026 06:46:45,16.60,2162.56
2201,07/14/2026 07:01:45,16.60,2245.76
2202,07/14/2026 07:16:45,16.56,3155.20
2203,07/14/2026 07:31:45,16.47,3197.44
2204,07/14/2026 07:46:45,16.43,3349.76
2205,07/14/2026 08:01:45,16.43,3776.00
2206,07/14/2026 08:16:45,16.47,3846.40
2207,07/14/2026 08:31:45,16.56,4524.80
2208,07/14/2026 08:46:45,16.47,3203.84
2209,07/14/2026 09:01:45,16.39,2343.68
2210,07/14/2026 09:16:45,16.43,3537.92
2211,07/14/2026 09:31:45,16.21,718.40
2212,07/14/2026 09:46:45,16.21,4064.00
2213,07/14/2026 10:01:45,16.08,3582.72
2214,07/14/2026 10:16:45,16.04,5355.52
2215,07/14/2026 10:31:45,16.00,5209.60
2216,07/14/2026 10:46:45,16.00,5785.60
2217,07/14/2026 11:01:45,15.78,5473.28
2218,07/14/2026 11:16:45,15.87,8012.80
2219,07/14/2026 11:31:45,15.87,8153.60
2220,07/14/2026 11:46:45,15.78,6248.96
2221,07/14/2026 12:01:45,15.78,8099.84
2222,07/14/2026 12:16:45,15.87,6904.32
2223,07/14/2026 12:31:45,15.74,5506.56
2224,07/14/2026 12:46:45,15.78,6507.52
2225,07/14/2026 13:01:45,15.70,1091.52
2226,07/14/2026 13:16:45,15.83,4894.72
2227,07/14/2026 13:31:45,15.83,8634.88
2228,07/14/2026 13:46:45,16.04,8616.96
2229,07/14/2026 14:01:45,16.17,12078.08
2230,07/14/2026 14:16:45,13.90,15795.20
2231,07/14/2026 14:31:45,11.37,14402.56
2232,07/14/2026 14:46:45,10.81,16158.72
2233,07/14/2026 15:01:45,10.85,15569.92
2234,07/14/2026 15:16:45,10.77,11929.60
2235,07/14/2026 15:31:45,10.89,12206.08
2236,07/14/2026 15:46:45,10.98,11883.52
2237,07/14/2026 16:01:45,11.11,10757.12
2238,07/14/2026 16:16:45,11.15,11530.24
2239,07/14/2026 16:31:45,11.19,10992.64
2240,07/14/2026 16:46:45,11.11,9408.00
2241,07/14/2026 17:01:45,10.98,9538.56
2242,07/14/2026 17:16:45,10.94,14131.20
2243,07/14/2026 17:31:45,11.24,13250.56
2244,07/14/2026 17:46:45,11.28,9057.28
2245,07/14/2026 18:01:45,11.37,9280.00
2246,07/14/2026 18:16:45,11.58,5516.80
2247,07/14/2026 18:31:45,12.10,6540.80
2248,07/14/2026 18:46:45,12.95,5672.96
2249,07/14/2026 19:01:45,14.88,4172.80
2250,07/14/2026 19:16:45,15.14,3512.32
2251,07/14/2026 19:31:45,15.48,3116.80
2252,07/14/2026 19:46:45,15.78,2245.76
2253,07/14/2026 20:01:45,15.70,1828.48
2254,07/14/2026 20:16:45,15.70,1132.80
2255,07/14/2026 20:31:45,15.14,888.00
2256,07/14/2026 20:46:45,14.88,516.00
2257,07/14/2026 21:01:45,14.50,267.36
2258,07/14/2026 21:16:45,14.41,173.68
2259,07/14/2026 21:31:45,14.45,76.96
2260,07/14/2026 21:46:45,14.45,19.94
2261,07/14/2026 22:01:45,14.50,4.02
2262,07/14/2026 22:16:45,14.45,0.42
2263,07/14/2026 22:31:45,14.54,0.00
2264,07/14/2026 22:46:45,14.58,0.00
2265,07/14/2026 23:01:45,14.50,0.00
2266,07/14/2026 23:16:45,14.37,0.00
2267,07/14/2026 23:31:45,14.20,0.00
2268,07/14/2026 23:46:45,14.11,0.00
2269,07/15/2026 00:01:45,14.07,0.42
2270,07/15/2026 00:16:45,13.98,0.00
2271,07/15/2026 00:31:45,13.98,0.00
2272,07/15/2026 00:46:45,13.98,0.00
2273,07/15/2026 01:01:45,14.03,0.00
2274,07/15/2026 01:16:45,14.11,0.00
2275,07/15/2026 01:31:45,14.20,0.00
2276,07/15/2026 01:46:45,13.60,0.00
2277,07/15/2026 02:01:45,11.37,0.00
2278,07/15/2026 02:16:45,11.15,0.00
2279,07/15/2026 02:31:45,11.07,0.00
2280,07/15/2026 02:46:45,11.07,0.00
2281,07/15/2026 03:01:45,11.11,0.00
2282,07/15/2026 03:16:45,11.15,0.00
2283,07/15/2026 03:31:45,11.15,0.00
2284,07/15/2026 03:46:45,11.11,0.00
2285,07/15/2026 04:01:45,11.19,0.00
2286,07/15/2026 04:16:45,11.28,0.00
2287,07/15/2026 04:31:45,11.28,0.63
2288,07/15/2026 04:46:45,11.24,6.77
2289,07/15/2026 05:01:45,11.28,30.98
2290,07/15/2026 05:16:45,11.28,90.24
2291,07/15/2026 05:31:45,11.28,179.60
2292,07/15/2026 05:46:45,11.41,294.64
2293,07/15/2026 06:01:45,11.37,652.48
2294,07/15/2026 06:16:45,11.24,920.96
2295,07/15/2026 06:31:45,11.24,1585.92
2296,07/15/2026 06:46:45,11.19,1998.08
2297,07/15/2026 07:01:45,11.19,2826.24
2298,07/15/2026 07:16:45,11.28,2892.80
2299,07/15/2026 07:31:45,11.28,3093.76
2300,07/15/2026 07:46:45,11.37,3718.40
2301,07/15/2026 08:01:45,11.75,4183.04
2302,07/15/2026 08:16:45,12.44,4220.16
2303,07/15/2026 08:31:45,12.70,4674.56
2304,07/15/2026 08:46:45,12.87,4849.92
2305,07/15/2026 09:01:45,12.91,4802.56
2306,07/15/2026 09:16:45,13.21,4070.40
2307,07/15/2026 09:31:45,13.25,4921.60
2308,07/15/2026 09:46:45,13.25,4829.44
2309,07/15/2026 10:01:45,13.30,6379.52
2310,07/15/2026 10:16:45,13.34,4985.60
2311,07/15/2026 10:31:45,13.38,5399.04
2312,07/15/2026 10:46:45,13.30,5080.32
2313,07/15/2026 11:01:45,13.30,5329.92
2314,07/15/2026 11:16:45,13.25,4806.40
2315,07/15/2026 11:31:45,13.25,5501.44
2316,07/15/2026 11:46:45,13.25,5283.84
2317,07/15/2026 12:01:45,13.25,5020.16
2318,07/15/2026 12:16:45,13.30,5376.00
2319,07/15/2026 12:31:45,13.30,6082.56
2320,07/15/2026 12:46:45,13.34,5649.92
2321,07/15/2026 13:01:45,13.30,5368.32
2322,07/15/2026 13:16:45,13.34,5493.76
2323,07/15/2026 13:31:45,13.34,4060.16
2324,07/15/2026 13:46:45,13.34,5073.92
2325,07/15/2026 14:01:45,13.34,4185.60
2326,07/15/2026 14:16:45,13.34,4714.24
2327,07/15/2026 14:31:45,13.38,6128.64
2328,07/15/2026 14:46:45,13.43,7116.80
2329,07/15/2026 15:01:45,12.48,10012.16
2330,07/15/2026 15:16:45,10.81,7436.80
2331,07/15/2026 15:31:45,10.59,8670.72
2332,07/15/2026 15:46:45,10.68,11530.24
2333,07/15/2026 16:01:45,10.98,11448.32
2334,07/15/2026 16:16:45,11.24,10629.12
2335,07/15/2026 16:31:45,11.24,13557.76
2336,07/15/2026 16:46:45,11.45,11827.20
2337,07/15/2026 17:01:45,11.75,8568.32
2338,07/15/2026 17:16:45,11.79,11130.88
2339,07/15/2026 17:31:45,11.75,7552.00
2340,07/15/2026 17:46:45,11.67,9144.32
2341,07/15/2026 18:01:45,11.75,7347.20
2342,07/15/2026 18:16:45,11.75,6489.60
2343,07/15/2026 18:31:45,11.79,6046.72
2344,07/15/2026 18:46:45,11.88,5057.28
2345,07/15/2026 19:01:45,11.92,4535.04
2346,07/15/2026 19:16:45,12.01,4395.52
2347,07/15/2026 19:31:45,12.87,2946.56
2348,07/15/2026 19:46:45,14.07,2167.68
2349,07/15/2026 20:01:45,13.64,1443.84
2350,07/15/2026 20:16:45,13.04,957.44
2351,07/15/2026 20:31:45,12.70,636.00
2352,07/15/2026 20:46:45,12.61,401.12
2353,07/15/2026 21:01:45,12.61,205.92
2354,07/15/2026 21:16:45,12.61,57.36
2355,07/15/2026 21:31:45,12.70,23.38
2356,07/15/2026 21:46:45,12.78,7.20
2357,07/15/2026 22:01:45,12.70,1.69
2358,07/15/2026 22:16:45,12.78,0.00
2359,07/15/2026 22:31:45,12.74,0.00
2360,07/15/2026 22:46:45,12.70,0.00
2361,07/15/2026 23:01:45,12.61,0.00
2362,07/15/2026 23:16:45,12.61,0.00
2363,07/15/2026 23:31:45,12.52,0.00
2364,07/15/2026 23:46:45,12.48,0.00
2365,07/16/2026 00:01:45,12.44,0.00
2366,07/16/2026 00:16:45,12.40,0.00
2367,07/16/2026 00:31:45,12.31,0.00
2368,07/16/2026 00:46:45,12.27,0.00
2369,07/16/2026 01:01:45,12.27,0.00
2370,07/16/2026 01:16:45,12.27,0.00
2371,07/16/2026 01:31:45,12.18,0.00
2372,07/16/2026 01:46:45,12.14,0.00
2373,07/16/2026 02:01:45,12.14,0.00
2374,07/16/2026 02:16:45,12.10,0.00
2375,07/16/2026 02:31:45,12.05,0.00
2376,07/16/2026 02:46:45,12.05,0.00
2377,07/16/2026 03:01:45,12.01,0.00
2378,07/16/2026 03:16:45,12.01,0.00
2379,07/16/2026 03:31:45,11.92,0.00
2380,07/16/2026 03:46:45,10.85,0.00
2381,07/16/2026 04:01:45,10.12,0.00
2382,07/16/2026 04:16:45,9.82,0.21
2383,07/16/2026 04:31:45,9.44,0.42
2384,07/16/2026 04:46:45,9.52,3.38
2385,07/16/2026 05:01:45,9.35,18.24
2386,07/16/2026 05:16:45,9.35,54.34
2387,07/16/2026 05:31:45,9.69,126.80
2388,07/16/2026 05:46:45,9.78,110.56
2389,07/16/2026 06:01:45,9.86,185.44
2390,07/16/2026 06:16:45,9.95,328.48
2391,07/16/2026 06:31:45,9.95,390.88
2392,07/16/2026 06:46:45,9.65,476.80
2393,07/16/2026 07:01:45,9.39,437.60
2394,07/16/2026 07:16:45,9.52,407.52
2395,07/16/2026 07:31:45,10.16,1229.44
2396,07/16/2026 07:46:45,10.55,847.36
2397,07/16/2026 08:01:45,10.72,1055.04
2398,07/16/2026 08:16:45,10.59,1241.28
2399,07/16/2026 08:31:45,10.68,1306.56
2400,07/16/2026 08:46:45,11.02,2516.48
2401,07/16/2026 09:01:45,11.32,3866.88
2402,07/16/2026 09:16:45,11.45,3979.52
2403,07/16/2026 09:31:45,11.41,2992.64
2404,07/16/2026 09:46:45,11.45,3901.44
2405,07/16/2026 10:01:45,11.45,3724.80
2406,07/16/2026 10:16:45,11.45,3792.64
2407,07/16/2026 10:31:45,11.32,4057.60
2408,07/16/2026 10:46:45,11.28,3521.28
2409,07/16/2026 11:01:45,11.28,2960.64
2410,07/16/2026 11:16:45,11.32,2673.92
2411,07/16/2026 11:31:45,11.32,2951.68
2412,07/16/2026 11:46:45,11.28,3755.52
2413,07/16/2026 12:01:45,11.28,3833.60
2414,07/16/2026 12:16:45,11.24,5811.20
2415,07/16/2026 12:31:45,11.28,5785.60
2416,07/16/2026 12:46:45,11.32,6243.84
2417,07/16/2026 13:01:45,11.32,4721.92
2418,07/16/2026 13:16:45,11.37,4985.60
2419,07/16/2026 13:31:45,11.45,7070.72
2420,07/16/2026 13:46:45,11.45,5094.40
2421,07/16/2026 14:01:45,11.49,7943.68
2422,07/16/2026 14:16:45,11.54,5376.00
2423,07/16/2026 14:31:45,11.58,6415.36
2424,07/16/2026 14:46:45,11.75,9354.24
2425,07/16/2026 15:01:45,11.84,8404.48
2426,07/16/2026 15:16:45,11.92,9679.36
2427,07/16/2026 15:31:45,12.01,8732.16
2428,07/16/2026 15:46:45,12.10,13849.60
2429,07/16/2026 16:01:45,12.22,15590.40
2430,07/16/2026 16:16:45,12.18,11704.32
2431,07/16/2026 16:31:45,12.22,9218.56
2432,07/16/2026 16:46:45,12.22,10772.48
2433,07/16/2026 17:01:45,12.27,11136.00
2434,07/16/2026 17:16:45,12.61,7482.88
2435,07/16/2026 17:31:45,11.88,4524.80
2436,07/16/2026 17:46:45,11.49,9036.80
2437,07/16/2026 18:01:45,11.41,7848.96
2438,07/16/2026 18:16:45,11.32,8737.28
2439,07/16/2026 18:31:45,11.37,5870.08
2440,07/16/2026 18:46:45,11.19,5811.20
2441,07/16/2026 19:01:45,11.28,4724.48
2442,07/16/2026 19:16:45,11.28,4064.00
2443,07/16/2026 19:31:45,11.28,3531.52
2444,07/16/2026 19:46:45,11.19,2698.24
2445,07/16/2026 20:01:45,11.15,1696.00
2446,07/16/2026 20:16:45,11.41,1415.68
2447,07/16/2026 20:31:45,11.49,1043.20
2448,07/16/2026 20:46:45,12.10,755.20
2449,07/16/2026 21:01:45,11.92,452.32
2450,07/16/2026 21:16:45,11.88,223.92
2451,07/16/2026 21:31:45,10.94,84.20
2452,07/16/2026 21:46:45,10.77,24.23
2453,07/16/2026 22:01:45,10.68,4.23
2454,07/16/2026 22:16:45,10.68,0.42
2455,07/16/2026 22:31:45,10.72,0.00
2456,07/16/2026 22:46:45,10.77,0.00
2457,07/16/2026 23:01:45,10.72,0.00
2458,07/16/2026 23:16:45,10.81,0.21
2459,07/16/2026 23:31:45,10.77,0.00
2460,07/16/2026 23:46:45,10.81,0.00
2461,07/17/2026 00:01:45,10.77,0.00
2462,07/17/2026 00:16:45,10.77,0.00
2463,07/17/2026 00:31:45,10.72,0.00
2464,07/17/2026 00:46:45,10.64,0.00
2465,07/17/2026 01:01:45,10.68,0.00
2466,07/17/2026 01:16:45,10.64,0.00
2467,07/17/2026 01:31:45,10.64,0.00
2468,07/17/2026 01:46:45,10.59,0.00
2469,07/17/2026 02:01:45,10.59,0.00
2470,07/17/2026 02:16:45,10.55,0.00
2471,07/17/2026 02:31:45,10.51,0.00
2472,07/17/2026 02:46:45,10.55,0.00
2473,07/17/2026 03:01:45,10.46,0.00
2474,07/17/2026 03:16:45,10.51,0.00
2475,07/17/2026 03:31:45,10.42,0.00
2476,07/17/2026 03:46:45,10.29,0.00
2477,07/17/2026 04:01:45,10.21,0.00
2478,07/17/2026 04:16:45,10.12,0.00
2479,07/17/2026 04:31:45,10.12,1.27
2480,07/17/2026 04:46:45,10.12,8.47
2481,07/17/2026 05:01:45,10.08,44.58
2482,07/17/2026 05:16:45,10.08,143.96
2483,07/17/2026 05:31:45,10.04,326.24
2484,07/17/2026 05:46:45,10.04,563.84
2485,07/17/2026 06:01:45,10.04,818.56
2486,07/17/2026 06:16:45,9.99,1255.04
2487,07/17/2026 06:31:45,9.99,1642.24
2488,07/17/2026 06:46:45,10.04,2440.32
2489,07/17/2026 07:01:45,10.08,3226.88
2490,07/17/2026 07:16:45,10.12,3749.12
2491,07/17/2026 07:31:45,10.16,5365.76
2492,07/17/2026 07:46:45,10.25,7375.36
2493,07/17/2026 08:01:45,10.38,7767.04
2494,07/17/2026 08:16:45,10.59,13450.24
2495,07/17/2026 08:31:45,11.19,18754.56
2496,07/17/2026 08:46:45,11.24,13537.28
2497,07/17/2026 09:01:45,11.37,17249.28
2498,07/17/2026 09:16:45,11.41,19107.84
2499,07/17/2026 09:31:45,11.67,19292.16
2500,07/17/2026 09:46:45,12.35,27566.08
2501,07/17/2026 10:01:45,12.05,23275.52
2502,07/17/2026 10:16:45,12.22,23265.28
2503,07/17/2026 10:31:45,11.84,13501.44
2504,07/17/2026 10:46:45,12.18,26173.44
2505,07/17/2026 11:01:45,12.31,22046.72
2506,07/17/2026 11:16:45,12.52,23121.92
2507,07/17/2026 11:31:45,12.61,19578.88
2508,07/17/2026 11:46:45,13.00,18979.84
2509,07/17/2026 12:01:45,12.61,13373.44
2510,07/17/2026 12:16:45,12.35,13358.08
2511,07/17/2026 12:31:45,12.31,12953.60
2512,07/17/2026 12:46:45,12.31,9728.00
2513,07/17/2026 13:01:45,12.44,16732.16
2514,07/17/2026 13:16:45,12.44,15779.84
2515,07/17/2026 13:31:45,12.57,15191.04
2516,07/17/2026 13:46:45,12.74,18083.84
2517,07/17/2026 14:01:45,12.91,20961.28
2518,07/17/2026 14:16:45,13.17,20613.12
2519,07/17/2026 14:31:45,13.34,21585.92
2520,07/17/2026 14:46:45,13.30,21985.28
2521,07/17/2026 15:01:45,13.43,23234.56
2522,07/17/2026 15:16:45,13.55,23705.60
2523,07/17/2026 15:31:45,13.81,17428.48
2524,07/17/2026 15:46:45,14.24,14417.92
2525,07/17/2026 16:01:45,14.58,14842.88
2526,07/17/2026 16:16:45,15.44,13271.04
2527,07/17/2026 16:31:45,14.45,21299.20
2528,07/17/2026 16:46:45,15.06,14812.16
2529,07/17/2026 17:01:45,14.11,13455.36
2530,07/17/2026 17:16:45,14.03,12349.44
2531,07/17/2026 17:31:45,13.73,11525.12
2532,07/17/2026 17:46:45,13.55,9950.72
2533,07/17/2026 18:01:45,13.60,10004.48
2534,07/17/2026 18:16:45,13.47,9251.84
2535,07/17/2026 18:31:45,13.25,7700.48
2536,07/17/2026 18:46:45,13.21,9510.40
2537,07/17/2026 19:01:45,13.12,7324.16
2538,07/17/2026 19:16:45,12.87,5826.56
2539,07/17/2026 19:31:45,12.91,3619.84
2540,07/17/2026 19:46:45,12.74,3488.00
2541,07/17/2026 20:01:45,12.78,2753.28
2542,07/17/2026 20:16:45,12.82,2123.52
2543,07/17/2026 20:31:45,12.91,1696.00
2544,07/17/2026 20:46:45,12.82,1109.12
2545,07/17/2026 21:01:45,12.78,627.04
2546,07/17/2026 21:16:45,12.74,284.48
2547,07/17/2026 21:31:45,12.82,113.24
2548,07/17/2026 21:46:45,12.87,33.95
2549,07/17/2026 22:01:45,13.00,5.72
2550,07/17/2026 22:16:45,13.04,0.84
2551,07/17/2026 22:31:45,13.17,0.00
2552,07/17/2026 22:46:45,13.55,0.00
2553,07/17/2026 23:01:45,13.43,0.00
2554,07/17/2026 23:16:45,13.60,0.00
2555,07/17/2026 23:31:45,13.73,0.00
2556,07/17/2026 23:46:45,13.51,0.00
2557,07/18/2026 00:01:45,13.25,0.00
2558,07/18/2026 00:16:45,12.95,0.00
2559,07/18/2026 00:31:45,12.78,0.00
2560,07/18/2026 00:46:45,12.70,0.00
2561,07/18/2026 01:01:45,12.61,0.00
2562,07/18/2026 01:16:45,12.57,0.00
2563,07/18/2026 01:31:45,12.52,0.00
2564,07/18/2026 01:46:45,12.48,0.00
2565,07/18/2026 02:01:45,12.35,0.00
2566,07/18/2026 02:16:45,12.31,0.00
2567,07/18/2026 02:31:45,12.27,0.00
2568,07/18/2026 02:46:45,12.22,0.00
2569,07/18/2026 03:01:45,12.22,0.00
2570,07/18/2026 03:16:45,12.18,0.00
2571,07/18/2026 03:31:45,12.22,0.00
2572,07/18/2026 03:46:45,12.27,0.42
2573,07/18/2026 04:01:45,12.27,0.00
2574,07/18/2026 04:16:45,12.22,0.00
2575,07/18/2026 04:31:45,12.22,0.00
2576,07/18/2026 04:46:45,12.14,1.05
2577,07/18/2026 05:01:45,11.75,5.08
2578,07/18/2026 05:16:45,11.75,15.28
2579,07/18/2026 05:31:45,11.67,39.51
2580,07/18/2026 05:46:45,11.84,115.76
2581,07/18/2026 06:01:45,12.01,208.64
2582,07/18/2026 06:16:45,11.88,409.60
2583,07/18/2026 06:31:45,11.88,809.92
2584,07/18/2026 06:46:45,11.79,1838.72
2585,07/18/2026 07:01:45,12.10,1467.52
2586,07/18/2026 07:16:45,12.14,1984.64
2587,07/18/2026 07:31:45,12.01,1955.84
2588,07/18/2026 07:46:45,12.05,4460.80
2589,07/18/2026 08:01:45,12.27,5908.48
2590,07/18/2026 08:16:45,12.22,6379.52
2591,07/18/2026 08:31:45,12.18,6822.40
2592,07/18/2026 08:46:45,12.22,7252.48
2593,07/18/2026 09:01:45,12.18,6026.24
2594,07/18/2026 09:16:45,12.95,24094.72
2595,07/18/2026 09:31:45,13.21,25292.80
2596,07/18/2026 09:46:45,13.55,33024.00
2597,07/18/2026 10:01:45,13.51,23388.16
2598,07/18/2026 10:16:45,13.77,26214.40
2599,07/18/2026 10:31:45,13.81,25292.80
2600,07/18/2026 10:46:45,14.15,23992.32
2601,07/18/2026 11:01:45,14.37,24483.84
2602,07/18/2026 11:16:45,14.45,21207.04
2603,07/18/2026 11:31:45,14.93,25651.20
2604,07/18/2026 11:46:45,15.14,26071.04
2605,07/18/2026 12:01:45,14.50,23592.96
2606,07/18/2026 12:16:45,13.73,19870.72
2607,07/18/2026 12:31:45,13.12,19660.80
2608,07/18/2026 12:46:45,12.91,18145.28
2609,07/18/2026 13:01:45,13.04,17239.04
2610,07/18/2026 13:16:45,13.38,15109.12
2611,07/18/2026 13:31:45,13.64,14694.40
2612,07/18/2026 13:46:45,13.77,13368.32
2613,07/18/2026 14:01:45,13.85,12682.24
2614,07/18/2026 14:16:45,14.03,10920.96
2615,07/18/2026 14:31:45,14.11,12160.00
2616,07/18/2026 14:46:45,14.15,14817.28
2617,07/18/2026 15:01:45,14.24,11089.92
2618,07/18/2026 15:16:45,14.24,10188.80
2619,07/18/2026 15:31:45,14.37,10547.20
2620,07/18/2026 15:46:45,14.45,10222.08
2621,07/18/2026 16:01:45,14.58,10250.24
2622,07/18/2026 16:16:45,14.45,15590.40
2623,07/18/2026 16:31:45,14.45,15400.96
2624,07/18/2026 16:46:45,14.58,13808.64
2625,07/18/2026 17:01:45,15.14,12625.92
2626,07/18/2026 17:16:45,13.47,9646.08
2627,07/18/2026 17:31:45,11.67,9950.72
2628,07/18/2026 17:46:45,10.89,7060.48
2629,07/18/2026 18:01:45,10.46,9300.48
2630,07/18/2026 18:16:45,10.21,11366.40
2631,07/18/2026 18:31:45,10.12,7482.88
2632,07/18/2026 18:46:45,10.16,4837.12
2633,07/18/2026 19:01:45,10.16,4640.00
2634,07/18/2026 19:16:45,10.12,3333.12
2635,07/18/2026 19:31:45,10.08,2577.92
2636,07/18/2026 19:46:45,9.99,2635.52
2637,07/18/2026 20:01:45,9.95,1676.16
2638,07/18/2026 20:16:45,9.91,1397.12
2639,07/18/2026 20:31:45,9.86,1028.80
2640,07/18/2026 20:46:45,9.78,609.60
2641,07/18/2026 21:01:45,9.74,355.04
2642,07/18/2026 21:16:45,9.74,223.04
2643,07/18/2026 21:31:45,9.74,92.76
2644,07/18/2026 21:46:45,9.74,22.32
2645,07/18/2026 22:01:45,9.78,3.60
2646,07/18/2026 22:16:45,9.78,0.21
2647,07/18/2026 22:31:45,9.95,0.21
2648,07/18/2026 22:46:45,10.55,0.00
2649,07/18/2026 23:01:45,12.27,0.00
2650,07/18/2026 23:16:45,12.10,0.00
2651,07/18/2026 23:31:45,11.62,0.00
2652,07/18/2026 23:46:45,11.62,0.00
2653,07/19/2026 00:01:45,11.62,0.00
2654,07/19/2026 00:16:45,12.01,0.00
2655,07/19/2026 00:31:45,11.97,0.00
2656,07/19/2026 00:46:45,11.97,0.00
2657,07/19/2026 01:01:45,11.97,0.00
2658,07/19/2026 01:16:45,11.97,0.00
2659,07/19/2026 01:31:45,11.97,0.00
2660,07/19/2026 01:46:45,11.92,0.00
2661,07/19/2026 02:01:45,11.88,0.00
2662,07/19/2026 02:16:45,11.92,0.00
2663,07/19/2026 02:31:45,11.84,0.00
2664,07/19/2026 02:46:45,11.84,0.00
2665,07/19/2026 03:01:45,11.84,0.00
2666,07/19/2026 03:16:45,11.84,0.00
2667,07/19/2026 03:31:45,11.84,0.00
2668,07/19/2026 03:46:45,11.79,0.00
2669,07/19/2026 04:01:45,11.84,0.00
2670,07/19/2026 04:16:45,11.79,0.00
2671,07/19/2026 04:31:45,11.71,0.42
2672,07/19/2026 04:46:45,11.75,3.17
2673,07/19/2026 05:01:45,11.67,21.87
2674,07/19/2026 05:16:45,11.58,70.12
2675,07/19/2026 05:31:45,11.58,198.24
2676,07/19/2026 05:46:45,11.32,406.24
2677,07/19/2026 06:01:45,11.24,475.84
2678,07/19/2026 06:16:45,10.55,597.44
2679,07/19/2026 06:31:45,10.51,1291.52
2680,07/19/2026 06:46:45,10.77,2158.72
2681,07/19/2026 07:01:45,10.89,3023.36
2682,07/19/2026 07:16:45,10.89,3924.48
2683,07/19/2026 07:31:45,10.81,4355.84
2684,07/19/2026 07:46:45,10.81,3453.44
2685,07/19/2026 08:01:45,10.94,6400.00
2686,07/19/2026 08:16:45,11.02,9395.20
2687,07/19/2026 08:31:45,11.24,13721.60
2688,07/19/2026 08:46:45,11.58,21258.24
2689,07/19/2026 09:01:45,11.37,9272.32
2690,07/19/2026 09:16:45,11.24,8350.72
2691,07/19/2026 09:31:45,11.67,10961.92
2692,07/19/2026 09:46:45,11.84,9625.60
2693,07/19/2026 10:01:45,12.31,23347.20
2694,07/19/2026 10:16:45,12.61,27914.24
2695,07/19/2026 10:31:45,12.65,23971.84
2696,07/19/2026 10:46:45,12.82,26316.80
2697,07/19/2026 11:01:45,13.00,29009.92
2698,07/19/2026 11:16:45,13.21,27965.44
2699,07/19/2026 11:31:45,13.12,25507.84
2700,07/19/2026 11:46:45,12.95,21104.64
2701,07/19/2026 12:01:45,12.61,17300.48
2702,07/19/2026 12:16:45,13.12,23029.76
2703,07/19/2026 12:31:45,13.12,17658.88
2704,07/19/2026 12:46:45,13.77,12830.72
2705,07/19/2026 13:01:45,13.00,7429.12
2706,07/19/2026 13:16:45,12.65,7918.08
2707,07/19/2026 13:31:45,12.78,6553.60
2708,07/19/2026 13:46:45,13.12,9008.64
2709,07/19/2026 14:01:45,13.30,8906.24
2710,07/19/2026 14:16:45,13.21,10019.84
2711,07/19/2026 14:31:45,13.17,9164.80
2712,07/19/2026 14:46:45,13.08,10250.24
2713,07/19/2026 15:01:45,13.12,9999.36
2714,07/19/2026 15:16:45,13.17,8954.88
2715,07/19/2026 15:31:45,13.21,12564.48
2716,07/19/2026 15:46:45,13.17,8988.16
2717,07/19/2026 16:01:45,13.21,8867.84
2718,07/19/2026 16:16:45,13.25,10385.92
2719,07/19/2026 16:31:45,13.55,10757.12
2720,07/19/2026 16:46:45,13.25,5931.52
2721,07/19/2026 17:01:45,13.51,8847.36
2722,07/19/2026 17:16:45,13.51,5683.20
2723,07/19/2026 17:31:45,13.73,9999.36
2724,07/19/2026 17:46:45,13.25,7482.88
2725,07/19/2026 18:01:45,12.57,6110.72
2726,07/19/2026 18:16:45,12.14,5162.24
2727,07/19/2026 18:31:45,11.49,4366.08
2728,07/19/2026 18:46:45,11.32,5236.48
2729,07/19/2026 19:01:45,11.11,3102.72
2730,07/19/2026 19:16:45,10.89,3112.96
2731,07/19/2026 19:31:45,10.68,2286.08
2732,07/19/2026 19:46:45,10.51,1857.28
2733,07/19/2026 20:01:45,10.42,1578.24
2734,07/19/2026 20:16:45,10.34,1481.60
2735,07/19/2026 20:31:45,9.95,744.32
2736,07/19/2026 20:46:45,9.99,457.28
2737,07/19/2026 21:01:45,9.91,296.40
2738,07/19/2026 21:16:45,9.86,178.64
2739,07/19/2026 21:31:45,9.91,76.96
2740,07/19/2026 21:46:45,9.91,22.96
2741,07/19/2026 22:01:45,9.91,4.23
2742,07/19/2026 22:16:45,9.91,0.42
2743,07/19/2026 22:31:45,9.78,0.00
2744,07/19/2026 22:46:45,9.74,0.00
2745,07/19/2026 23:01:45,9.82,0.00
2746,07/19/2026 23:16:45,9.78,0.00
2747,07/19/2026 23:31:45,9.78,0.00
2748,07/19/2026 23:46:45,9.82,0.00
2749,07/20/2026 00:01:45,9.82,0.00
2750,07/20/2026 00:16:45,9.95,0.00
2751,07/20/2026 00:31:45,9.99,0.00
2752,07/20/2026 00:46:45,10.77,0.00
2753,07/20/2026 01:01:45,11.32,0.00
2754,07/20/2026 01:16:45,11.67,0.00
2755,07/20/2026 01:31:45,11.49,0.00
2756,07/20/2026 01:46:45,11.58,0.00
2757,07/20/2026 02:01:45,11.88,0.00
2758,07/20/2026 02:16:45,11.97,0.00
2759,07/20/2026 02:31:45,11.88,0.00
2760,07/20/2026 02:46:45,11.92,0.00
2761,07/20/2026 03:01:45,11.84,0.21
2762,07/20/2026 03:16:45,11.84,0.00
2763,07/20/2026 03:31:45,11.84,0.00
2764,07/20/2026 03:46:45,11.79,0.00
2765,07/20/2026 04:01:45,11.75,0.00
2766,07/20/2026 04:16:45,11.71,0.00
2767,07/20/2026 04:31:45,11.67,0.42
2768,07/20/2026 04:46:45,11.67,2.96
2769,07/20/2026 05:01:45,11.62,18.67
2770,07/20/2026 05:16:45,11.62,65.82
2771,07/20/2026 05:31:45,11.62,188.08
2772,07/20/2026 05:46:45,11.62,454.72
2773,07/20/2026 06:01:45,11.67,757.76
2774,07/20/2026 06:16:45,11.71,1349.12
2775,07/20/2026 06:31:45,11.71,2086.40
2776,07/20/2026 06:46:45,11.62,2840.32
2777,07/20/2026 07:01:45,11.49,3440.64
2778,07/20/2026 07:16:45,11.41,4789.76
2779,07/20/2026 07:31:45,11.54,6425.60
2780,07/20/2026 07:46:45,11.58,9666.56
2781,07/20/2026 08:01:45,11.71,11704.32
2782,07/20/2026 08:16:45,11.84,12887.04
2783,07/20/2026 08:31:45,11.97,12165.12
2784,07/20/2026 08:46:45,12.31,11345.92
2785,07/20/2026 09:01:45,12.31,12810.24
2786,07/20/2026 09:16:45,12.52,15749.12
2787,07/20/2026 09:31:45,12.57,18232.32
2788,07/20/2026 09:46:45,12.74,16952.32
2789,07/20/2026 10:01:45,13.08,20756.48
2790,07/20/2026 10:16:45,13.47,20449.28
2791,07/20/2026 10:31:45,13.94,28323.84
2792,07/20/2026 10:46:45,14.75,26019.84
2793,07/20/2026 11:01:45,14.84,33822.72
2794,07/20/2026 11:16:45,14.75,31426.56
2795,07/20/2026 11:31:45,14.84,27381.76
2796,07/20/2026 11:46:45,15.53,27248.64
2797,07/20/2026 12:01:45,14.97,28129.28
2798,07/20/2026 12:16:45,15.36,29470.72
2799,07/20/2026 12:31:45,15.74,29716.48
2800,07/20/2026 12:46:45,15.70,29603.84
2801,07/20/2026 13:01:45,16.04,32768.00
2802,07/20/2026 13:16:45,16.00,30464.00
2803,07/20/2026 13:31:45,16.34,25948.16
2804,07/20/2026 13:46:45,17.63,24053.76
2805,07/20/2026 14:01:45,16.39,24422.40
2806,07/20/2026 14:16:45,16.00,22497.28
2807,07/20/2026 14:31:45,14.80,13184.00
2808,07/20/2026 14:46:45,14.88,21524.48
2809,07/20/2026 15:01:45,15.06,20674.56
2810,07/20/2026 15:16:45,15.23,17935.36
2811,07/20/2026 15:31:45,15.18,17617.92
2812,07/20/2026 15:46:45,15.14,14981.12
2813,07/20/2026 16:01:45,15.14,14397.44
2814,07/20/2026 16:16:45,15.18,9436.16
2815,07/20/2026 16:31:45,15.18,12098.56
2816,07/20/2026 16:46:45,15.14,12098.56
2817,07/20/2026 17:01:45,15.10,9116.16
2818,07/20/2026 17:16:45,15.01,8806.40
2819,07/20/2026 17:31:45,14.93,6466.56
2820,07/20/2026 17:46:45,15.10,6604.80
2821,07/20/2026 18:01:45,15.23,5203.20
2822,07/20/2026 18:16:45,16.17,4453.12
2823,07/20/2026 18:31:45,15.91,3724.80
2824,07/20/2026 18:46:45,15.87,2851.84
2825,07/20/2026 19:01:45,16.17,1979.52
2826,07/20/2026 19:16:45,16.30,1402.88
2827,07/20/2026 19:31:45,15.91,1064.96
2828,07/20/2026 19:46:45,16.21,772.80
2829,07/20/2026 20:01:45,16.47,407.20
2830,07/20/2026 20:16:45,16.30,322.88
2831,07/20/2026 20:31:45,16.39,126.04
2832,07/20/2026 20:46:45,16.34,90.24
2833,07/20/2026 21:01:45,16.34,38.66
2834,07/20/2026 21:16:45,16.43,20.36
2835,07/20/2026 21:31:45,16.39,14.19
2836,07/20/2026 21:46:45,16.39,3.60
2837,07/20/2026 22:01:45,16.30,0.42
2838,07/20/2026 22:16:45,16.13,0.00
2839,07/20/2026 22:31:45,16.17,0.00
2840,07/20/2026 22:46:45,16.00,0.00
2841,07/20/2026 23:01:45,15.91,0.00
2842,07/20/2026 23:16:45,15.91,0.00
2843,07/20/2026 23:31:45,15.87,0.00
2844,07/20/2026 23:46:45,15.83,0.00
2845,07/21/2026 00:01:45,15.87,0.00
2846,07/21/2026 00:16:45,16.08,0.00
2847,07/21/2026 00:31:45,16.13,0.00
2848,07/21/2026 00:46:45,16.04,0.00
2849,07/21/2026 01:01:45,15.87,0.00
2850,07/21/2026 01:16:45,13.34,0.00
2851,07/21/2026 01:31:45,11.49,0.00
2852,07/21/2026 01:46:45,11.37,0.00
2853,07/21/2026 02:01:45,11.54,0.00
2854,07/21/2026 02:16:45,11.75,0.00
2855,07/21/2026 02:31:45,11.88,0.00
2856,07/21/2026 02:46:45,11.88,0.00
2857,07/21/2026 03:01:45,11.88,0.00
2858,07/21/2026 03:16:45,11.75,0.00
2859,07/21/2026 03:31:45,11.79,0.00
2860,07/21/2026 03:46:45,11.97,0.00
2861,07/21/2026 04:01:45,12.01,0.00
2862,07/21/2026 04:16:45,12.05,0.00
2863,07/21/2026 04:31:45,12.10,0.00
2864,07/21/2026 04:46:45,12.05,0.21
2865,07/21/2026 05:01:45,12.01,1.05
2866,07/21/2026 05:16:45,12.01,5.08
2867,07/21/2026 05:31:45,12.01,26.35
2868,07/21/2026 05:46:45,12.14,30.37
2869,07/21/2026 06:01:45,12.14,72.24
2870,07/21/2026 06:16:45,12.35,176.24
2871,07/21/2026 06:31:45,12.52,235.76
2872,07/21/2026 06:46:45,12.87,461.60
2873,07/21/2026 07:01:45,12.78,511.84
2874,07/21/2026 07:16:45,12.95,470.08
2875,07/21/2026 07:31:45,13.08,387.36
2876,07/21/2026 07:46:45,13.34,586.72
2877,07/21/2026 08:01:45,13.38,1308.48
2878,07/21/2026 08:16:45,13.60,2154.24
2879,07/21/2026 08:31:45,13.64,1160.96
2880,07/21/2026 08:46:45,13.68,1733.76
2881,07/21/2026 09:01:45,13.73,2858.24
2882,07/21/2026 09:16:45,13.68,2716.16
2883,07/21/2026 09:31:45,13.68,2079.36
2884,07/21/2026 09:46:45,13.64,1697.92
2885,07/21/2026 10:01:45,13.73,3799.04
2886,07/21/2026 10:16:45,13.73,2658.56
2887,07/21/2026 10:31:45,13.81,2250.24
2888,07/21/2026 10:46:45,13.90,5327.36
2889,07/21/2026 11:01:45,14.07,8153.60
2890,07/21/2026 11:16:45,14.20,8345.60
2891,07/21/2026 11:31:45,14.15,4938.24
2892,07/21/2026 11:46:45,14.20,3667.20
2893,07/21/2026 12:01:45,14.11,2743.04
2894,07/21/2026 12:16:45,14.07,2792.96
2895,07/21/2026 12:31:45,14.20,2550.40
2896,07/21/2026 12:46:45,14.33,1661.44
2897,07/21/2026 13:01:45,13.64,1490.56
2898,07/21/2026 13:16:45,13.43,1467.52
2899,07/21/2026 13:31:45,13.30,835.52
2900,07/21/2026 13:46:45,13.21,1256.64
2901,07/21/2026 14:01:45,13.17,1425.28
2902,07/21/2026 14:16:45,13.12,995.52
2903,07/21/2026 14:31:45,13.08,1334.40
2904,07/21/2026 14:46:45,13.08,1336.32
2905,07/21/2026 15:01:45,13.00,937.28
2906,07/21/2026 15:16:45,12.91,1447.68
2907,07/21/2026 15:31:45,12.87,1072.00
2908,07/21/2026 15:46:45,12.87,1758.72
2909,07/21/2026 16:01:45,12.91,549.12
2910,07/21/2026 16:16:45,12.91,744.00
2911,07/21/2026 16:31:45,13.00,935.36
2912,07/21/2026 16:46:45,13.00,550.72
2913,07/21/2026 17:01:45,13.04,971.84
2914,07/21/2026 17:16:45,13.00,891.52
2915,07/21/2026 17:31:45,12.95,973.44
2916,07/21/2026 17:46:45,13.00,466.40
2917,07/21/2026 18:01:45,13.04,505.92
2918,07/21/2026 18:16:45,13.00,381.28
2919,07/21/2026 18:31:45,13.08,396.48
2920,07/21/2026 18:46:45,13.12,495.68
2921,07/21/2026 19:01:45,13.08,346.56
2922,07/21/2026 19:16:45,10.81,242.56
2923,07/21/2026 19:31:45,10.42,220.48
2924,07/21/2026 19:46:45,10.46,216.24
2925,07/21/2026 20:01:45,10.51,207.84
2926,07/21/2026 20:16:45,11.15,213.76
2927,07/21/2026 20:31:45,11.28,65.40
2928,07/21/2026 20:46:45,11.15,78.22
2929,07/21/2026 21:01:45,11.15,63.28
2930,07/21/2026 21:16:45,11.02,34.37
2931,07/21/2026 21:31:45,11.02,7.41
2932,07/21/2026 21:46:45,11.32,1.05
2933,07/21/2026 22:01:45,11.49,0.00
2934,07/21/2026 22:16:45,11.41,0.00
2935,07/21/2026 22:31:45,11.41,0.00
2936,07/21/2026 22:46:45,11.49,0.00
2937,07/21/2026 23:01:45,11.49,0.00
2938,07/21/2026 23:16:45,11.67,0.00
2939,07/21/2026 23:31:45,11.79,0.00
2940,07/21/2026 23:46:45,11.84,0.00
2941,07/22/2026 00:01:45,11.84,0.00
2942,07/22/2026 00:16:45,11.88,0.00
2943,07/22/2026 00:31:45,11.97,0.00
2944,07/22/2026 00:46:45,12.14,0.00
2945,07/22/2026 01:01:45,12.27,0.00
2946,07/22/2026 01:16:45,12.31,0.00
2947,07/22/2026 01:31:45,12.57,0.00
2948,07/22/2026 01:46:45,13.00,0.00
2949,07/22/2026 02:01:45,12.78,0.42
2950,07/22/2026 02:16:45,12.61,0.00
2951,07/22/2026 02:31:45,12.57,0.00
2952,07/22/2026 02:46:45,12.74,0.00
2953,07/22/2026 03:01:45,12.74,0.00
2954,07/22/2026 03:16:45,12.70,0.00
2955,07/22/2026 03:31:45,12.70,0.00
2956,07/22/2026 03:46:45,12.61,0.00
2957,07/22/2026 04:01:45,12.57,0.00
2958,07/22/2026 04:16:45,12.61,0.00
2959,07/22/2026 04:31:45,12.52,0.00
2960,07/22/2026 04:46:45,12.57,0.21
2961,07/22/2026 05:01:45,12.44,2.33
2962,07/22/2026 05:16:45,12.35,11.65
2963,07/22/2026 05:31:45,12.22,32.25
2964,07/22/2026 05:46:45,12.14,66.72
2965,07/22/2026 06:01:45,12.05,85.04
2966,07/22/2026 06:16:45,11.97,150.72
2967,07/22/2026 06:31:45,11.92,252.08
2968,07/22/2026 06:46:45,11.88,280.08
2969,07/22/2026 07:01:45,11.88,366.88
2970,07/22/2026 07:16:45,11.79,481.12
2971,07/22/2026 07:31:45,11.79,735.36
2972,07/22/2026 07:46:45,11.75,764.80
2973,07/22/2026 08:01:45,11.75,720.32
2974,07/22/2026 08:16:45,11.84,1173.44
2975,07/22/2026 08:31:45,11.84,1745.28
2976,07/22/2026 08:46:45,11.88,1415.68
2977,07/22/2026 09:01:45,11.97,1611.52
2978,07/22/2026 09:16:45,11.75,1820.16
2979,07/22/2026 09:31:45,11.75,1567.36
2980,07/22/2026 09:46:45,11.19,2411.52
2981,07/22/2026 10:01:45,10.29,2700.80
2982,07/22/2026 10:16:45,10.21,3066.88
2983,07/22/2026 10:31:45,10.12,3331.84
2984,07/22/2026 10:46:45,9.95,3477.76
2985,07/22/2026 11:01:45,9.86,3772.16
2986,07/22/2026 11:16:45,10.29,4874.24
2987,07/22/2026 11:31:45,10.68,3944.96
2988,07/22/2026 11:46:45,11.41,4561.92
2989,07/22/2026 12:01:45,11.67,5158.40
2990,07/22/2026 12:16:45,11.54,5125.12
2991,07/22/2026 12:31:45,11.54,4938.24
2992,07/22/2026 12:46:45,11.49,4808.96
2993,07/22/2026 13:01:45,11.54,4823.04
2994,07/22/2026 13:16:45,11.45,4806.40
2995,07/22/2026 13:31:45,11.49,4327.68
2996,07/22/2026 13:46:45,11.45,4104.96
2997,07/22/2026 14:01:45,11.54,3636.48
2998,07/22/2026 14:16:45,11.41,3365.12
2999,07/22/2026 14:31:45,11.41,3411.20
3000,07/22/2026 14:46:45,11.32,3778.56
3001,07/22/2026 15:01:45,11.28,3086.08
3002,07/22/2026 15:16:45,11.24,3112.96
3003,07/22/2026 15:31:45,11.24,2560.64
3004,07/22/2026 15:46:45,11.32,2430.08
3005,07/22/2026 16:01:45,11.37,1711.36
3006,07/22/2026 16:16:45,11.24,1604.48
3007,07/22/2026 16:31:45,11.24,1688.96
3008,07/22/2026 16:46:45,11.19,1765.76
3009,07/22/2026 17:01:45,11.02,1955.84
3010,07/22/2026 17:16:45,10.98,1937.28
3011,07/22/2026 17:31:45,10.94,2013.44
3012,07/22/2026 17:46:45,10.89,1187.84
3013,07/22/2026 18:01:45,10.94,1072.00
3014,07/22/2026 18:16:45,10.89,1097.28
3015,07/22/2026 18:31:45,10.77,940.48
3016,07/22/2026 18:46:45,10.81,893.44
3017,07/22/2026 19:01:45,10.81,851.52
3018,07/22/2026 19:16:45,10.72,1297.28
3019,07/22/2026 19:31:45,10.72,976.96
3020,07/22/2026 19:46:45,10.68,462.40
3021,07/22/2026 20:01:45,10.59,691.52
3022,07/22/2026 20:16:45,10.59,401.12
3023,07/22/2026 20:31:45,10.55,295.52
3024,07/22/2026 20:46:45,10.46,166.08
3025,07/22/2026 21:01:45,10.55,77.80
3026,07/22/2026 21:16:45,10.46,33.58
3027,07/22/2026 21:31:45,10.46,13.34
3028,07/22/2026 21:46:45,10.42,2.75
3029,07/22/2026 22:01:45,10.46,0.21
3030,07/22/2026 22:16:45,9.65,0.00
3031,07/22/2026 22:31:45,9.26,0.00
3032,07/22/2026 22:46:45,9.14,0.00
3033,07/22/2026 23:01:45,9.05,0.00
3034,07/22/2026 23:16:45,9.01,0.00
3035,07/22/2026 23:31:45,9.05,0.00
3036,07/22/2026 23:46:45,9.05,0.00
3037,07/23/2026 00:01:45,9.05,0.00
3038,07/23/2026 00:16:45,9.01,0.00
3039,07/23/2026 00:31:45,8.92,0.00
3040,07/23/2026 00:46:45,9.01,0.00
3041,07/23/2026 01:01:45,9.09,0.00
3042,07/23/2026 01:16:45,9.18,0.00
3043,07/23/2026 01:31:45,9.31,0.00
3044,07/23/2026 01:46:45,9.52,0.00
3045,07/23/2026 02:01:45,9.56,0.00
3046,07/23/2026 02:16:45,9.65,0.00
3047,07/23/2026 02:31:45,9.65,0.00
3048,07/23/2026 02:46:45,9.65,0.00
3049,07/23/2026 03:01:45,9.65,0.00
3050,07/23/2026 03:16:45,9.65,0.00
3051,07/23/2026 03:31:45,9.74,0.00
3052,07/23/2026 03:46:45,9.69,0.00
3053,07/23/2026 04:01:45,9.74,0.00
3054,07/23/2026 04:16:45,9.78,0.00
3055,07/23/2026 04:31:45,9.74,0.00
3056,07/23/2026 04:46:45,9.78,0.21
3057,07/23/2026 05:01:45,9.74,3.81
3058,07/23/2026 05:16:45,9.74,20.60
3059,07/23/2026 05:31:45,9.65,53.12
3060,07/23/2026 05:46:45,9.65,145.64
3061,07/23/2026 06:01:45,9.69,183.76
3062,07/23/2026 06:16:45,9.65,213.76
3063,07/23/2026 06:31:45,9.69,430.08
3064,07/23/2026 06:46:45,9.65,747.84
3065,07/23/2026 07:01:45,9.65,1048.00
3066,07/23/2026 07:16:45,9.69,1185.60
3067,07/23/2026 07:31:45,9.65,2385.92
3068,07/23/2026 07:46:45,9.69,2231.68
3069,07/23/2026 08:01:45,9.74,3146.24
3070,07/23/2026 08:16:45,9.78,3749.12
3071,07/23/2026 08:31:45,9.86,4002.56
3072,07/23/2026 08:46:45,9.95,5350.40
3073,07/23/2026 09:01:45,9.95,6008.32
3074,07/23/2026 09:16:45,10.08,9999.36
3075,07/23/2026 09:31:45,10.04,7700.48
3076,07/23/2026 09:46:45,10.04,8115.20
3077,07/23/2026 10:01:45,9.99,7700.48
3078,07/23/2026 10:16:45,10.38,14976.00
3079,07/23/2026 10:31:45,10.34,11284.48
3080,07/23/2026 10:46:45,10.25,9679.36
3081,07/23/2026 11:01:45,10.42,10900.48
3082,07/23/2026 11:16:45,10.55,14131.20
3083,07/23/2026 11:31:45,10.51,15093.76
3084,07/23/2026 11:46:45,10.77,16660.48
3085,07/23/2026 12:01:45,10.64,10839.04
3086,07/23/2026 12:16:45,10.81,13178.88
3087,07/23/2026 12:31:45,11.19,8983.04
3088,07/23/2026 12:46:45,11.37,11494.40
3089,07/23/2026 13:01:45,11.54,11008.00
3090,07/23/2026 13:16:45,11.54,11653.12
3091,07/23/2026 13:31:45,11.49,6412.80
3092,07/23/2026 13:46:45,11.28,3537.92
3093,07/23/2026 14:01:45,11.54,9082.88
3094,07/23/2026 14:16:45,11.24,2542.08
3095,07/23/2026 14:31:45,11.32,5032.96
3096,07/23/2026 14:46:45,11.41,3132.16
3097,07/23/2026 15:01:45,11.67,2489.60
3098,07/23/2026 15:16:45,11.88,2179.20
3099,07/23/2026 15:31:45,11.75,1945.60
3100,07/23/2026 15:46:45,11.58,1248.96
3101,07/23/2026 16:01:45,11.45,2179.20
3102,07/23/2026 16:16:45,11.49,4243.20
3103,07/23/2026 16:31:45,11.45,4999.68
3104,07/23/2026 16:46:45,11.28,2997.76
3105,07/23/2026 17:01:45,11.19,2060.80
3106,07/23/2026 17:16:45,11.28,1387.52
3107,07/23/2026 17:31:45,11.11,2048.64
3108,07/23/2026 17:46:45,11.02,2201.60
3109,07/23/2026 18:01:45,11.11,2652.16
3110,07/23/2026 18:16:45,10.94,1860.48
3111,07/23/2026 18:31:45,10.94,2549.12
3112,07/23/2026 18:46:45,10.94,2538.88
3113,07/23/2026 19:01:45,10.98,2162.56
3114,07/23/2026 19:16:45,11.02,2065.92
3115,07/23/2026 19:31:45,11.02,1627.52
3116,07/23/2026 19:46:45,11.02,1711.36
3117,07/23/2026 20:01:45,11.15,1205.76
3118,07/23/2026 20:16:45,11.19,916.80
3119,07/23/2026 20:31:45,11.32,636.80
3120,07/23/2026 20:46:45,11.28,433.44
3121,07/23/2026 21:01:45,11.28,263.12
3122,07/23/2026 21:16:45,11.19,105.60
3123,07/23/2026 21:31:45,11.19,35.27
3124,07/23/2026 21:46:45,11.07,7.83
3125,07/23/2026 22:01:45,11.02,1.05
3126,07/23/2026 22:16:45,10.98,0.00
3127,07/23/2026 22:31:45,10.94,0.00
3128,07/23/2026 22:46:45,10.85,0.00
3129,07/23/2026 23:01:45,10.89,0.00
3130,07/23/2026 23:16:45,10.94,0.00
3131,07/23/2026 23:31:45,10.89,0.00
3132,07/23/2026 23:46:45,10.89,0.00
3133,07/24/2026 00:01:45,10.94,0.00
3134,07/24/2026 00:16:45,10.94,0.00
3135,07/24/2026 00:31:45,10.94,0.00
3136,07/24/2026 00:46:45,10.94,0.00
3137,07/24/2026 01:01:45,10.89,0.00
3138,07/24/2026 01:16:45,10.85,0.00
3139,07/24/2026 01:31:45,10.81,0.00
3140,07/24/2026 01:46:45,10.77,0.21
3141,07/24/2026 02:01:45,10.64,0.00
3142,07/24/2026 02:16:45,10.68,0.00
3143,07/24/2026 02:31:45,10.64,0.00
3144,07/24/2026 02:46:45,10.51,0.00
3145,07/24/2026 03:01:45,10.46,0.00
3146,07/24/2026 03:16:45,10.46,0.00
3147,07/24/2026 03:31:45,10.38,0.00
3148,07/24/2026 03:46:45,10.21,0.00
3149,07/24/2026 04:01:45,10.12,0.00
3150,07/24/2026 04:16:45,9.99,0.00
3151,07/24/2026 04:31:45,9.99,0.00
3152,07/24/2026 04:46:45,9.99,1.05
3153,07/24/2026 05:01:45,9.91,9.74
3154,07/24/2026 05:16:45,10.04,39.93
3155,07/24/2026 05:31:45,9.99,120.84
3156,07/24/2026 05:46:45,9.99,258.00
3157,07/24/2026 06:01:45,9.99,460.80
3158,07/24/2026 06:16:45,9.99,735.04
3159,07/24/2026 06:31:45,9.95,1144.64
3160,07/24/2026 06:46:45,9.99,1667.20
3161,07/24/2026 07:01:45,9.91,1623.68
3162,07/24/2026 07:16:45,10.08,2413.44
3163,07/24/2026 07:31:45,10.21,3363.84
3164,07/24/2026 07:46:45,10.21,3541.76
3165,07/24/2026 08:01:45,10.25,4298.24
3166,07/24/2026 08:16:45,10.34,6013.44
3167,07/24/2026 08:31:45,10.46,7951.36
3168,07/24/2026 08:46:45,10.51,7923.20
3169,07/24/2026 09:01:45,10.51,11719.68
3170,07/24/2026 09:16:45,10.77,11985.92
3171,07/24/2026 09:31:45,10.77,11612.16
3172,07/24/2026 09:46:45,10.85,8256.00
3173,07/24/2026 10:01:45,10.85,8750.08
3174,07/24/2026 10:16:45,11.24,10542.08
3175,07/24/2026 10:31:45,11.28,13388.80
3176,07/24/2026 10:46:45,11.32,13726.72
3177,07/24/2026 11:01:45,11.71,15779.84
3178,07/24/2026 11:16:45,11.62,9809.92
3179,07/24/2026 11:31:45,11.88,16537.60
3180,07/24/2026 11:46:45,12.01,17955.84
3181,07/24/2026 12:01:45,12.01,16389.12
3182,07/24/2026 12:16:45,12.14,20433.92
3183,07/24/2026 12:31:45,12.48,15360.00
3184,07/24/2026 12:46:45,12.52,13542.40
3185,07/24/2026 13:01:45,12.74,15948.80
3186,07/24/2026 13:16:45,12.91,12846.08
3187,07/24/2026 13:31:45,13.21,7979.52
3188,07/24/2026 13:46:45,13.17,14940.16
3189,07/24/2026 14:01:45,13.25,17075.20
3190,07/24/2026 14:16:45,14.07,15150.08
3191,07/24/2026 14:31:45,13.68,15523.84
3192,07/24/2026 14:46:45,14.20,16921.60
3193,07/24/2026 15:01:45,14.58,11264.00
3194,07/24/2026 15:16:45,14.75,10480.64
3195,07/24/2026 15:31:45,15.10,10782.72
3196,07/24/2026 15:46:45,15.23,8046.08
3197,07/24/2026 16:01:45,15.57,6464.00
3198,07/24/2026 16:16:45,15.57,4874.24
3199,07/24/2026 16:31:45,15.61,4152.32
3200,07/24/2026 16:46:45,16.47,3897.60
3201,07/24/2026 17:01:45,17.20,3738.88
3202,07/24/2026 17:16:45,17.16,3499.52
3203,07/24/2026 17:31:45,17.16,2928.64
3204,07/24/2026 17:46:45,17.29,2977.28
3205,07/24/2026 18:01:45,17.37,1352.96
3206,07/24/2026 18:16:45,17.54,887.68
3207,07/24/2026 18:31:45,17.54,794.24
3208,07/24/2026 18:46:45,17.33,1289.60
3209,07/24/2026 19:01:45,17.50,1443.20
3210,07/24/2026 19:16:45,16.51,2081.28
3211,07/24/2026 19:31:45,17.41,1218.56
3212,07/24/2026 19:46:45,16.43,385.28
3213,07/24/2026 20:01:45,15.91,363.04
3214,07/24/2026 20:16:45,15.40,75.74
3215,07/24/2026 20:31:45,15.27,49.78
3216,07/24/2026 20:46:45,15.48,49.40
3217,07/24/2026 21:01:45,15.61,26.80
3218,07/24/2026 21:16:45,15.57,12.07
3219,07/24/2026 21:31:45,16.39,2.75
3220,07/24/2026 21:46:45,15.96,0.21
3221,07/24/2026 22:01:45,15.78,0.00
3222,07/24/2026 22:16:45,15.70,0.00
3223,07/24/2026 22:31:45,15.70,0.00
3224,07/24/2026 22:46:45,15.70,0.00
3225,07/24/2026 23:01:45,15.61,0.00
3226,07/24/2026 23:16:45,16.08,0.00
3227,07/24/2026 23:31:45,16.00,0.00
3228,07/24/2026 23:46:45,16.04,0.00
3229,07/25/2026 00:01:45,15.83,0.00
3230,07/25/2026 00:16:45,16.08,0.00
3231,07/25/2026 00:31:45,15.66,0.00
3232,07/25/2026 00:46:45,15.57,0.00
3233,07/25/2026 01:01:45,15.48,0.00
3234,07/25/2026 01:16:45,15.70,0.00
3235,07/25/2026 01:31:45,15.66,0.00
3236,07/25/2026 01:46:45,15.61,0.00
3237,07/25/2026 02:01:45,15.40,0.00
3238,07/25/2026 02:16:45,15.18,0.00
3239,07/25/2026 02:31:45,15.27,0.00
3240,07/25/2026 02:46:45,15.27,0.00
3241,07/25/2026 03:01:45,15.18,0.00
3242,07/25/2026 03:16:45,15.27,0.00
3243,07/25/2026 03:31:45,15.23,0.00
3244,07/25/2026 03:46:45,15.18,0.00
3245,07/25/2026 04:01:45,15.06,0.00
3246,07/25/2026 04:16:45,15.06,0.00
3247,07/25/2026 04:31:45,15.01,0.00
3248,07/25/2026 04:46:45,14.93,0.00
3249,07/25/2026 05:01:45,14.58,0.42
3250,07/25/2026 05:16:45,14.45,2.96
3251,07/25/2026 05:31:45,13.85,7.62
3252,07/25/2026 05:46:45,13.85,19.54
3253,07/25/2026 06:01:45,13.85,24.89
3254,07/25/2026 06:16:45,14.11,16.97
3255,07/25/2026 06:31:45,14.24,22.96
3256,07/25/2026 06:46:45,14.11,24.65
3257,07/25/2026 07:01:45,14.07,29.34
3258,07/25/2026 07:16:45,13.98,35.27
3259,07/25/2026 07:31:45,13.90,110.68
3260,07/25/2026 07:46:45,13.77,101.36
3261,07/25/2026 08:01:45,13.64,72.28
3262,07/25/2026 08:16:45,13.68,102.20
3263,07/25/2026 08:31:45,13.64,343.36
3264,07/25/2026 08:46:45,13.60,127.72
3265,07/25/2026 09:01:45,13.68,172.96
3266,07/25/2026 09:16:45,13.77,208.64
3267,07/25/2026 09:31:45,13.77,172.96
3268,07/25/2026 09:46:45,13.68,357.28
3269,07/25/2026 10:01:45,13.68,414.40
3270,07/25/2026 10:16:45,13.64,220.72
3271,07/25/2026 10:31:45,13.68,383.68
3272,07/25/2026 10:46:45,13.73,481.12
3273,07/25/2026 11:01:45,13.77,330.08
3274,07/25/2026 11:16:45,13.77,205.44
3275,07/25/2026 11:31:45,13.77,191.04
3276,07/25/2026 11:46:45,13.73,162.92
3277,07/25/2026 12:01:45,13.34,106.56
3278,07/25/2026 12:16:45,12.95,186.64
3279,07/25/2026 12:31:45,12.40,209.68
3280,07/25/2026 12:46:45,12.05,259.04
3281,07/25/2026 13:01:45,12.01,241.28
3282,07/25/2026 13:16:45,11.97,298.24
3283,07/25/2026 13:31:45,11.84,529.12
3284,07/25/2026 13:46:45,11.84,478.08
3285,07/25/2026 14:01:45,11.79,485.92
3286,07/25/2026 14:16:45,11.79,406.56
3287,07/25/2026 14:31:45,11.88,826.56
3288,07/25/2026 14:46:45,11.88,927.68
3289,07/25/2026 15:01:45,11.88,995.52
3290,07/25/2026 15:16:45,11.92,733.76
3291,07/25/2026 15:31:45,11.92,689.60
3292,07/25/2026 15:46:45,12.10,491.04
3293,07/25/2026 16:01:45,12.14,631.68
3294,07/25/2026 16:16:45,12.27,466.24
3295,07/25/2026 16:31:45,12.27,564.32
3296,07/25/2026 16:46:45,12.40,230.08
3297,07/25/2026 17:01:45,12.52,416.00
3298,07/25/2026 17:16:45,12.74,183.44
3299,07/25/2026 17:31:45,12.95,324.08
3300,07/25/2026 17:46:45,12.82,350.40
3301,07/25/2026 18:01:45,12.78,296.80
3302,07/25/2026 18:16:45,12.87,339.36
3303,07/25/2026 18:31:45,12.78,178.96
3304,07/25/2026 18:46:45,12.74,282.16
3305,07/25/2026 19:01:45,12.70,327.28
3306,07/25/2026 19:16:45,12.61,172.96
3307,07/25/2026 19:31:45,12.48,162.68
3308,07/25/2026 19:46:45,12.40,181.52
3309,07/25/2026 20:01:45,12.31,92.88
3310,07/25/2026 20:16:45,12.22,87.68
3311,07/25/2026 20:31:45,12.22,85.16
3312,07/25/2026 20:46:45,12.10,62.06
3313,07/25/2026 21:01:45,12.05,24.86
3314,07/25/2026 21:16:45,11.97,11.22
3315,07/25/2026 21:31:45,11.97,4.23
3316,07/25/2026 21:46:45,11.97,0.84
3317,07/25/2026 22:01:45,11.97,0.00
3318,07/25/2026 22:16:45,12.01,0.00
3319,07/25/2026 22:31:45,12.01,0.00
3320,07/25/2026 22:46:45,12.05,0.00
3321,07/25/2026 23:01:45,12.05,0.00
3322,07/25/2026 23:16:45,12.10,0.00
3323,07/25/2026 23:31:45,11.84,0.00
3324,07/25/2026 23:46:45,11.75,0.00
3325,07/26/2026 00:01:45,11.28,0.00
3326,07/26/2026 00:16:45,11.02,0.00
3327,07/26/2026 00:31:45,10.98,0.00
3328,07/26/2026 00:46:45,10.81,0.21
3329,07/26/2026 01:01:45,10.72,0.00
3330,07/26/2026 01:16:45,10.68,0.00
3331,07/26/2026 01:31:45,10.64,0.00
3332,07/26/2026 01:46:45,10.59,0.00
3333,07/26/2026 02:01:45,10.64,0.00
3334,07/26/2026 02:16:45,10.68,0.00
3335,07/26/2026 02:31:45,10.68,0.00
3336,07/26/2026 02:46:45,10.72,0.00
3337,07/26/2026 03:01:45,10.72,0.00
3338,07/26/2026 03:16:45,10.64,0.00
3339,07/26/2026 03:31:45,10.64,0.00
3340,07/26/2026 03:46:45,10.64,0.00
3341,07/26/2026 04:01:45,10.64,0.00
3342,07/26/2026 04:16:45,10.64,0.00
3343,07/26/2026 04:31:45,10.68,0.00
3344,07/26/2026 04:46:45,10.68,0.00
3345,07/26/2026 05:01:45,10.72,2.11
3346,07/26/2026 05:16:45,10.68,15.70
3347,07/26/2026 05:31:45,10.64,41.26
3348,07/26/2026 05:46:45,10.64,93.64
3349,07/26/2026 06:01:45,10.68,196.80
3350,07/26/2026 06:16:45,10.64,313.52
3351,07/26/2026 06:31:45,10.64,345.92
3352,07/26/2026 06:46:45,10.72,573.60
3353,07/26/2026 07:01:45,10.81,784.32
3354,07/26/2026 07:16:45,10.94,684.16
3355,07/26/2026 07:31:45,10.98,862.08
3356,07/26/2026 07:46:45,11.07,940.48
3357,07/26/2026 08:01:45,11.37,1966.08
3358,07/26/2026 08:16:45,11.24,1402.88
3359,07/26/2026 08:31:45,11.24,1559.04
3360,07/26/2026 08:46:45,11.19,1752.32
3361,07/26/2026 09:01:45,11.37,2167.68
3362,07/26/2026 09:16:45,11.49,2218.24
3363,07/26/2026 09:31:45,11.67,2736.64
3364,07/26/2026 09:46:45,11.84,2684.16
3365,07/26/2026 10:01:45,12.05,2240.64
3366,07/26/2026 10:16:45,11.97,3374.08
3367,07/26/2026 10:31:45,12.18,3402.24
3368,07/26/2026 10:46:45,12.14,4000.00
3369,07/26/2026 11:01:45,12.27,3233.28
3370,07/26/2026 11:16:45,12.48,4019.20
3371,07/26/2026 11:31:45,12.61,4934.40
3372,07/26/2026 11:46:45,12.82,4640.00
3373,07/26/2026 12:01:45,13.04,4253.44
3374,07/26/2026 12:16:45,13.08,4240.64
3375,07/26/2026 12:31:45,13.43,4029.44
3376,07/26/2026 12:46:45,13.47,5913.60
3377,07/26/2026 13:01:45,13.68,4829.44
3378,07/26/2026 13:16:45,13.77,4707.84
3379,07/26/2026 13:31:45,13.85,4131.84
3380,07/26/2026 13:46:45,13.94,5936.64
3381,07/26/2026 14:01:45,13.98,4460.80
3382,07/26/2026 14:16:45,14.07,4419.84
3383,07/26/2026 14:31:45,14.11,3718.40
3384,07/26/2026 14:46:45,14.11,3244.80
3385,07/26/2026 15:01:45,14.07,4440.32
3386,07/26/2026 15:16:45,14.11,3280.64
3387,07/26/2026 15:31:45,14.24,3598.08
3388,07/26/2026 15:46:45,14.24,3134.72
3389,07/26/2026 16:01:45,14.33,3887.36
3390,07/26/2026 16:16:45,14.41,3155.20
3391,07/26/2026 16:31:45,14.54,3289.60
3392,07/26/2026 16:46:45,14.80,2411.52
3393,07/26/2026 17:01:45,14.80,2677.76
3394,07/26/2026 17:16:45,14.75,2482.56
3395,07/26/2026 17:31:45,14.84,2086.40
3396,07/26/2026 17:46:45,14.97,1848.96
3397,07/26/2026 18:01:45,15.18,1694.72
3398,07/26/2026 18:16:45,15.53,1344.64
3399,07/26/2026 18:31:45,16.39,1123.52
3400,07/26/2026 18:46:45,16.21,827.84
3401,07/26/2026 19:01:45,16.08,354.40
3402,07/26/2026 19:16:45,15.70,225.60
3403,07/26/2026 19:31:45,15.40,281.12
3404,07/26/2026 19:46:45,15.18,451.04
3405,07/26/2026 20:01:45,15.10,351.20
3406,07/26/2026 20:16:45,14.93,224.96
3407,07/26/2026 20:31:45,14.63,148.20
3408,07/26/2026 20:46:45,14.63,78.22
3409,07/26/2026 21:01:45,14.54,45.48
3410,07/26/2026 21:16:45,14.33,19.54
3411,07/26/2026 21:31:45,14.20,5.93
3412,07/26/2026 21:46:45,14.20,0.84
3413,07/26/2026 22:01:45,14.24,0.00
3414,07/26/2026 22:16:45,14.11,0.00
3415,07/26/2026 22:31:45,13.81,0.00
3416,07/26/2026 22:46:45,13.85,0.00
3417,07/26/2026 23:01:45,13.94,0.00
3418,07/26/2026 23:16:45,13.98,0.00
3419,07/26/2026 23:31:45,14.07,0.00
3420,07/26/2026 23:46:45,14.33,0.00
3421,07/27/2026 00:01:45,14.28,0.00
3422,07/27/2026 00:16:45,14.24,0.00
3423,07/27/2026 00:31:45,14.24,0.00
3424,07/27/2026 00:46:45,14.20,0.00
3425,07/27/2026 01:01:45,14.11,0.00
3426,07/27/2026 01:16:45,13.98,0.00
3427,07/27/2026 01:31:45,13.94,0.00
3428,07/27/2026 01:46:45,13.90,0.00
3429,07/27/2026 02:01:45,13.90,0.00
3430,07/27/2026 02:16:45,14.37,0.00
3431,07/27/2026 02:31:45,14.20,0.00
3432,07/27/2026 02:46:45,14.37,0.00
3433,07/27/2026 03:01:45,14.37,0.00
3434,07/27/2026 03:16:45,14.20,0.00
3435,07/27/2026 03:31:45,14.41,0.00
3436,07/27/2026 03:46:45,14.33,0.00
3437,07/27/2026 04:01:45,14.33,0.00
3438,07/27/2026 04:16:45,14.33,0.00
3439,07/27/2026 04:31:45,14.15,0.00
3440,07/27/2026 04:46:45,14.11,0.42
3441,07/27/2026 05:01:45,13.94,1.69
3442,07/27/2026 05:16:45,13.98,9.95
3443,07/27/2026 05:31:45,13.85,29.76
3444,07/27/2026 05:46:45,13.94,70.18
3445,07/27/2026 06:01:45,13.81,131.12
3446,07/27/2026 06:16:45,13.85,295.12
3447,07/27/2026 06:31:45,13.81,260.56
3448,07/27/2026 06:46:45,13.77,624.96
3449,07/27/2026 07:01:45,13.68,720.64
3450,07/27/2026 07:16:45,13.08,951.68
3451,07/27/2026 07:31:45,12.74,1071.04
3452,07/27/2026 07:46:45,12.78,1381.12
3453,07/27/2026 08:01:45,12.91,1076.16
3454,07/27/2026 08:16:45,13.12,1860.48
3455,07/27/2026 08:31:45,13.12,2238.72
3456,07/27/2026 08:46:45,13.17,1888.00
3457,07/27/2026 09:01:45,13.21,1554.56
3458,07/27/2026 09:16:45,13.30,2800.64
3459,07/27/2026 09:31:45,13.43,3060.48
3460,07/27/2026 09:46:45,13.51,3280.64
3461,07/27/2026 10:01:45,13.60,2960.64
3462,07/27/2026 10:16:45,13.64,3079.68
3463,07/27/2026 10:31:45,13.64,3034.88
3464,07/27/2026 10:46:45,13.77,3301.12
3465,07/27/2026 11:01:45,13.81,5059.84
3466,07/27/2026 11:16:45,14.07,2997.76
3467,07/27/2026 11:31:45,14.15,2491.52
3468,07/27/2026 11:46:45,14.41,2762.24
3469,07/27/2026 12:01:45,14.37,2211.84
3470,07/27/2026 12:16:45,14.67,4331.52
3471,07/27/2026 12:31:45,14.75,2716.16
3472,07/27/2026 12:46:45,15.10,4711.68
3473,07/27/2026 13:01:45,15.31,5639.68
3474,07/27/2026 13:16:45,15.53,4576.00
3475,07/27/2026 13:31:45,15.83,4931.84
3476,07/27/2026 13:46:45,15.91,4582.40
3477,07/27/2026 14:01:45,15.78,6650.88
3478,07/27/2026 14:16:45,15.66,3965.44
3479,07/27/2026 14:31:45,14.97,3402.24
3480,07/27/2026 14:46:45,14.75,5276.16
3481,07/27/2026 15:01:45,14.88,4494.08
3482,07/27/2026 15:16:45,14.84,5059.84
3483,07/27/2026 15:31:45,14.93,4345.60
3484,07/27/2026 15:46:45,14.88,3448.32
3485,07/27/2026 16:01:45,14.84,4162.56
3486,07/27/2026 16:16:45,14.45,5821.44
3487,07/27/2026 16:31:45,14.07,3823.36
3488,07/27/2026 16:46:45,13.43,3928.32
3489,07/27/2026 17:01:45,13.43,3050.24
3490,07/27/2026 17:16:45,13.73,3375.36
3491,07/27/2026 17:31:45,13.73,2735.36
3492,07/27/2026 17:46:45,14.03,2772.48
3493,07/27/2026 18:01:45,14.45,2726.40
3494,07/27/2026 18:16:45,15.06,2298.24
3495,07/27/2026 18:31:45,15.57,2440.32
3496,07/27/2026 18:46:45,15.78,1783.04
3497,07/27/2026 19:01:45,17.46,1491.84
3498,07/27/2026 19:16:45,17.63,1160.00
3499,07/27/2026 19:31:45,16.86,840.64
3500,07/27/2026 19:46:45,16.60,440.64
3501,07/27/2026 20:01:45,16.30,321.36
3502,07/27/2026 20:16:45,15.48,195.92
3503,07/27/2026 20:31:45,15.14,76.52
3504,07/27/2026 20:46:45,15.06,67.20
3505,07/27/2026 21:01:45,15.01,50.58
3506,07/27/2026 21:16:45,15.01,9.53
3507,07/27/2026 21:31:45,15.01,2.11
3508,07/27/2026 21:46:45,14.93,0.42
3509,07/27/2026 22:01:45,14.80,0.00
3510,07/27/2026 22:16:45,14.63,0.00
3511,07/27/2026 22:31:45,14.50,0.00
3512,07/27/2026 22:46:45,14.45,0.00
3513,07/27/2026 23:01:45,14.41,0.00
3514,07/27/2026 23:16:45,14.37,0.00
3515,07/27/2026 23:31:45,14.33,0.42
3516,07/27/2026 23:46:45,14.28,0.00
3517,07/28/2026 00:01:45,14.28,0.00
3518,07/28/2026 00:16:45,14.33,0.00
3519,07/28/2026 00:31:45,14.37,0.00
3520,07/28/2026 00:46:45,14.33,0.00
3521,07/28/2026 01:01:45,14.33,0.00
3522,07/28/2026 01:16:45,14.41,0.00
3523,07/28/2026 01:31:45,14.50,0.00
3524,07/28/2026 01:46:45,14.50,0.00
3525,07/28/2026 02:01:45,14.63,0.00
3526,07/28/2026 02:16:45,14.75,0.00
3527,07/28/2026 02:31:45,14.71,0.00
3528,07/28/2026 02:46:45,14.58,0.00
3529,07/28/2026 03:01:45,14.58,0.00
3530,07/28/2026 03:16:45,14.58,0.00
3531,07/28/2026 03:31:45,14.54,0.00
3532,07/28/2026 03:46:45,14.63,0.00
3533,07/28/2026 04:01:45,14.58,0.00
3534,07/28/2026 04:16:45,14.71,0.00
3535,07/28/2026 04:31:45,14.67,0.00
3536,07/28/2026 04:46:45,14.67,0.00
3537,07/28/2026 05:01:45,14.67,2.11
3538,07/28/2026 05:16:45,14.71,12.31
3539,07/28/2026 05:31:45,14.80,41.68
3540,07/28/2026 05:46:45,14.80,103.92
3541,07/28/2026 06:01:45,14.80,205.44
3542,07/28/2026 06:16:45,14.75,208.64
3543,07/28/2026 06:31:45,14.80,542.24
3544,07/28/2026 06:46:45,14.75,472.16
3545,07/28/2026 07:01:45,14.93,1111.68
3546,07/28/2026 07:16:45,14.84,514.72
3547,07/28/2026 07:31:45,14.97,1168.64
3548,07/28/2026 07:46:45,15.01,1799.68
3549,07/28/2026 08:01:45,14.75,1172.80
3550,07/28/2026 08:16:45,14.75,717.76
3551,07/28/2026 08:31:45,14.97,2099.84
3552,07/28/2026 08:46:45,15.01,1750.40
3553,07/28/2026 09:01:45,14.97,2736.64
3554,07/28/2026 09:16:45,15.01,3002.88
3555,07/28/2026 09:31:45,15.06,2443.52
3556,07/28/2026 09:46:45,15.18,1808.00
3557,07/28/2026 10:01:45,15.36,2809.60
3558,07/28/2026 10:16:45,15.31,1783.04
3559,07/28/2026 10:31:45,15.40,2746.88
3560,07/28/2026 10:46:45,15.40,2482.56
3561,07/28/2026 11:01:45,15.44,2654.72
3562,07/28/2026 11:16:45,15.48,3096.32
3563,07/28/2026 11:31:45,15.66,3755.52
3564,07/28/2026 11:46:45,16.00,4321.28
3565,07/28/2026 12:01:45,15.78,3097.60
3566,07/28/2026 12:16:45,15.57,3339.52
3567,07/28/2026 12:31:45,15.87,3013.12
3568,07/28/2026 12:46:45,16.08,5795.84
3569,07/28/2026 13:01:45,16.08,3568.64
3570,07/28/2026 13:16:45,16.47,4837.12
3571,07/28/2026 13:31:45,16.56,4514.56
3572,07/28/2026 13:46:45,17.11,7063.04
3573,07/28/2026 14:01:45,17.11,7137.28
3574,07/28/2026 14:16:45,17.54,5493.76
3575,07/28/2026 14:31:45,17.37,4413.44
3576,07/28/2026 14:46:45,17.63,5706.24
3577,07/28/2026 15:01:45,17.50,5273.60
3578,07/28/2026 15:16:45,16.39,4551.68
3579,07/28/2026 15:31:45,15.87,7992.32
3580,07/28/2026 15:46:45,15.14,5555.20
3581,07/28/2026 16:01:45,14.11,3755.52
3582,07/28/2026 16:16:45,14.11,3338.24
3583,07/28/2026 16:31:45,13.73,4341.76
3584,07/28/2026 16:46:45,12.78,3626.24
3585,07/28/2026 17:01:45,12.65,4341.76
3586,07/28/2026 17:16:45,12.74,1930.24
3587,07/28/2026 17:31:45,13.34,3312.64
3588,07/28/2026 17:46:45,13.60,4183.04
3589,07/28/2026 18:01:45,14.20,2106.24
3590,07/28/2026 18:16:45,15.06,3087.36
3591,07/28/2026 18:31:45,15.66,4368.64
3592,07/28/2026 18:46:45,16.13,3148.80
3593,07/28/2026 19:01:45,16.56,2048.64
3594,07/28/2026 19:16:45,18.10,1932.16
3595,07/28/2026 19:31:45,17.89,1699.84
3596,07/28/2026 19:46:45,16.69,1383.68
3597,07/28/2026 20:01:45,15.78,723.52
3598,07/28/2026 20:16:45,15.27,589.76
3599,07/28/2026 20:31:45,15.14,368.96
3600,07/28/2026 20:46:45,14.97,170.32
3601,07/28/2026 21:01:45,14.93,82.60
3602,07/28/2026 21:16:45,14.80,33.58
3603,07/28/2026 21:31:45,14.71,6.14
3604,07/28/2026 21:46:45,14.58,0.84
3605,07/28/2026 22:01:45,14.63,0.00
3606,07/28/2026 22:16:45,14.54,0.00
3607,07/28/2026 22:31:45,14.37,0.00
3608,07/28/2026 22:46:45,14.33,0.00
3609,07/28/2026 23:01:45,14.28,0.00
3610,07/28/2026 23:16:45,14.20,0.00
3611,07/28/2026 23:31:45,14.15,0.00
3612,07/28/2026 23:46:45,14.07,0.00
3613,07/29/2026 00:01:45,13.98,0.00
3614,07/29/2026 00:16:45,13.90,0.00
3615,07/29/2026 00:31:45,13.90,0.00
3616,07/29/2026 00:46:45,13.85,0.00
3617,07/29/2026 01:01:45,13.81,0.00
3618,07/29/2026 01:16:45,13.81,0.00
3619,07/29/2026 01:31:45,13.81,0.00
3620,07/29/2026 01:46:45,13.73,0.00
3621,07/29/2026 02:01:45,13.68,0.00
3622,07/29/2026 02:16:45,13.64,0.00
3623,07/29/2026 02:31:45,13.55,0.00
3624,07/29/2026 02:46:45,13.55,0.00
3625,07/29/2026 03:01:45,13.51,0.00
3626,07/29/2026 03:16:45,13.47,0.42
3627,07/29/2026 03:31:45,13.38,0.00
3628,07/29/2026 03:46:45,13.25,0.00
3629,07/29/2026 04:01:45,13.21,0.00
3630,07/29/2026 04:16:45,13.17,0.00
3631,07/29/2026 04:31:45,13.25,0.00
3632,07/29/2026 04:46:45,13.12,0.21
3633,07/29/2026 05:01:45,13.08,2.96
3634,07/29/2026 05:16:45,12.87,17.69
3635,07/29/2026 05:31:45,12.78,61.74
3636,07/29/2026 05:46:45,12.70,163.76
3637,07/29/2026 06:01:45,12.52,382.08
3638,07/29/2026 06:16:45,12.70,493.60
3639,07/29/2026 06:31:45,12.57,635.04
3640,07/29/2026 06:46:45,12.61,1009.92
3641,07/29/2026 07:01:45,12.65,1624.96
3642,07/29/2026 07:16:45,12.95,2213.12
3643,07/29/2026 07:31:45,13.04,1980.80
3644,07/29/2026 07:46:45,12.74,847.68
3645,07/29/2026 08:01:45,13.30,3174.40
3646,07/29/2026 08:16:45,13.17,2391.04
3647,07/29/2026 08:31:45,13.60,4643.84
3648,07/29/2026 08:46:45,13.81,5742.08
3649,07/29/2026 09:01:45,13.51,3720.96
3650,07/29/2026 09:16:45,13.73,4785.92
3651,07/29/2026 09:31:45,14.11,5378.56
3652,07/29/2026 09:46:45,13.94,3372.80
3653,07/29/2026 10:01:45,14.41,8872.96
3654,07/29/2026 10:16:45,14.28,4551.68
3655,07/29/2026 10:31:45,14.84,7016.96
3656,07/29/2026 10:46:45,14.84,3907.84
3657,07/29/2026 11:01:45,14.97,8880.64
3658,07/29/2026 11:16:45,15.06,9267.20
3659,07/29/2026 11:31:45,15.36,14684.16
3660,07/29/2026 11:46:45,15.70,10114.56
3661,07/29/2026 12:01:45,15.96,12769.28
3662,07/29/2026 12:16:45,16.26,11852.80
3663,07/29/2026 12:31:45,16.56,11468.80
3664,07/29/2026 12:46:45,16.69,13603.84
3665,07/29/2026 13:01:45,16.86,9658.88
3666,07/29/2026 13:16:45,16.86,13475.84
3667,07/29/2026 13:31:45,16.73,9646.08
3668,07/29/2026 13:46:45,16.86,7823.36
3669,07/29/2026 14:01:45,16.99,8860.16
3670,07/29/2026 14:16:45,17.07,6766.08
3671,07/29/2026 14:31:45,17.16,14453.76
3672,07/29/2026 14:46:45,17.33,9633.28
3673,07/29/2026 15:01:45,17.46,7170.56
3674,07/29/2026 15:16:45,17.50,7795.20
3675,07/29/2026 15:31:45,17.46,13224.96
3676,07/29/2026 15:46:45,17.16,16384.00
3677,07/29/2026 16:01:45,17.29,10160.64
3678,07/29/2026 16:16:45,16.86,10073.60
3679,07/29/2026 16:31:45,15.57,11504.64
3680,07/29/2026 16:46:45,15.44,10160.64
3681,07/29/2026 17:01:45,15.61,11422.72
3682,07/29/2026 17:16:45,16.56,10311.68
3683,07/29/2026 17:31:45,16.94,6568.96
3684,07/29/2026 17:46:45,16.86,5168.64
3685,07/29/2026 18:01:45,15.91,5030.40
3686,07/29/2026 18:16:45,15.74,5036.80
3687,07/29/2026 18:31:45,15.53,6730.24
3688,07/29/2026 18:46:45,15.57,6466.56
3689,07/29/2026 19:01:45,15.48,2632.96
3690,07/29/2026 19:16:45,15.53,2306.56
3691,07/29/2026 19:31:45,15.78,2424.96
3692,07/29/2026 19:46:45,16.00,2270.72
3693,07/29/2026 20:01:45,16.51,1221.76
3694,07/29/2026 20:16:45,16.90,904.00
3695,07/29/2026 20:31:45,16.94,534.72
3696,07/29/2026 20:46:45,17.80,286.16
3697,07/29/2026 21:01:45,18.74,123.40
3698,07/29/2026 21:16:45,18.53,38.66
3699,07/29/2026 21:31:45,18.10,7.20
3700,07/29/2026 21:46:45,17.63,1.27
3701,07/29/2026 22:01:45,16.56,0.00
3702,07/29/2026 22:16:45,15.87,0.00
3703,07/29/2026 22:31:45,15.53,0.00
3704,07/29/2026 22:46:45,15.27,0.00
3705,07/29/2026 23:01:45,15.10,0.00
3706,07/29/2026 23:16:45,14.93,0.00
3707,07/29/2026 23:31:45,14.88,0.00
3708,07/29/2026 23:46:45,14.88,0.00
3709,07/30/2026 00:01:45,14.84,0.00
3710,07/30/2026 00:16:45,14.80,0.00
3711,07/30/2026 00:31:45,14.75,0.00
3712,07/30/2026 00:46:45,14.71,0.00
3713,07/30/2026 01:01:45,14.71,0.00
3714,07/30/2026 01:16:45,14.67,0.00
3715,07/30/2026 01:31:45,14.71,0.00
3716,07/30/2026 01:46:45,14.71,0.00
3717,07/30/2026 02:01:45,14.67,0.00
3718,07/30/2026 02:16:45,14.80,0.00
3719,07/30/2026 02:31:45,14.88,0.00
3720,07/30/2026 02:46:45,14.80,0.00
3721,07/30/2026 03:01:45,14.88,0.00
3722,07/30/2026 03:16:45,14.93,0.00
3723,07/30/2026 03:31:45,15.01,0.00
3724,07/30/2026 03:46:45,14.93,0.00
3725,07/30/2026 04:01:45,14.88,0.00
3726,07/30/2026 04:16:45,14.88,0.00
3727,07/30/2026 04:31:45,14.88,0.00
3728,07/30/2026 04:46:45,14.84,0.42
3729,07/30/2026 05:01:45,14.84,3.38
3730,07/30/2026 05:16:45,14.80,23.83
3731,07/30/2026 05:31:45,14.54,92.04
3732,07/30/2026 05:46:45,13.60,219.04
3733,07/30/2026 06:01:45,13.43,442.24
3734,07/30/2026 06:16:45,13.17,757.44
3735,07/30/2026 06:31:45,13.25,1055.04
3736,07/30/2026 06:46:45,13.00,1007.36
3737,07/30/2026 07:01:45,13.34,4367.36
3738,07/30/2026 07:16:45,13.38,3153.92
3739,07/30/2026 07:31:45,13.60,6458.88
3740,07/30/2026 07:46:45,13.73,5141.76
3741,07/30/2026 08:01:45,13.94,6167.04
3742,07/30/2026 08:16:45,14.41,8079.36
3743,07/30/2026 08:31:45,14.71,9116.16
3744,07/30/2026 08:46:45,14.97,9884.16
3745,07/30/2026 09:01:45,15.06,10147.84
3746,07/30/2026 09:16:45,16.13,6960.64
3747,07/30/2026 09:31:45,16.60,11381.76
3748,07/30/2026 09:46:45,16.34,11929.60
3749,07/30/2026 10:01:45,16.04,9333.76
3750,07/30/2026 10:16:45,16.77,14336.00
3751,07/30/2026 10:31:45,16.60,10462.72
3752,07/30/2026 10:46:45,17.07,9123.84
3753,07/30/2026 11:01:45,17.33,11827.20
3754,07/30/2026 11:16:45,16.90,10936.32
3755,07/30/2026 11:31:45,17.07,15467.52
3756,07/30/2026 11:46:45,17.37,10531.84
3757,07/30/2026 12:01:45,18.36,13532.16
3758,07/30/2026 12:16:45,19.05,16808.96
3759,07/30/2026 12:31:45,19.00,15841.28
3760,07/30/2026 12:46:45,18.83,14673.92
3761,07/30/2026 13:01:45,19.13,12262.40
3762,07/30/2026 13:16:45,19.47,18365.44
3763,07/30/2026 13:31:45,19.30,23296.00
3764,07/30/2026 13:46:45,19.30,11504.64
3765,07/30/2026 14:01:45,19.52,16696.32
3766,07/30/2026 14:16:45,19.56,11827.20
3767,07/30/2026 14:31:45,20.07,17848.32
3768,07/30/2026 14:46:45,19.77,18984.96
3769,07/30/2026 15:01:45,19.90,14668.80
3770,07/30/2026 15:16:45,20.07,19978.24
3771,07/30/2026 15:31:45,21.40,13158.40
3772,07/30/2026 15:46:45,20.46,15482.88
3773,07/30/2026 16:01:45,21.58,9047.04
3774,07/30/2026 16:16:45,21.40,11084.80
3775,07/30/2026 16:31:45,21.83,10849.28
3776,07/30/2026 16:46:45,21.10,13936.64
3777,07/30/2026 17:01:45,21.88,12789.76
3778,07/30/2026 17:16:45,22.01,15595.52
3779,07/30/2026 17:31:45,21.62,8514.56
3780,07/30/2026 17:46:45,21.75,6771.20
3781,07/30/2026 18:01:45,21.88,7720.96
3782,07/30/2026 18:16:45,21.83,7897.60
3783,07/30/2026 18:31:45,21.70,4843.52
3784,07/30/2026 18:46:45,21.75,5742.08
3785,07/30/2026 19:01:45,21.66,5680.64
3786,07/30/2026 19:16:45,21.66,1792.64
3787,07/30/2026 19:31:45,21.62,2001.28
3788,07/30/2026 19:46:45,21.53,2391.04
3789,07/30/2026 20:01:45,21.40,779.20
3790,07/30/2026 20:16:45,21.36,1105.92
3791,07/30/2026 20:31:45,21.23,664.64
3792,07/30/2026 20:46:45,21.28,319.44
3793,07/30/2026 21:01:45,21.28,124.24
3794,07/30/2026 21:16:45,21.15,41.62
3795,07/30/2026 21:31:45,21.06,7.62
3796,07/30/2026 21:46:45,20.98,1.05
3797,07/30/2026 22:01:45,20.85,0.00
3798,07/30/2026 22:16:45,20.89,0.00
3799,07/30/2026 22:31:45,20.80,0.00
3800,07/30/2026 22:46:45,20.80,0.00
3801,07/30/2026 23:01:45,18.96,0.00
3802,07/30/2026 23:16:45,17.67,0.00
3803,07/30/2026 23:31:45,17.11,0.00
3804,07/30/2026 23:46:45,16.86,0.00
3805,07/31/2026 00:01:45,16.81,0.00
3806,07/31/2026 00:16:45,16.77,0.00
3807,07/31/2026 00:31:45,16.77,0.00
3808,07/31/2026 00:46:45,16.86,0.00
3809,07/31/2026 01:01:45,16.77,0.00
3810,07/31/2026 01:16:45,16.69,0.21
3811,07/31/2026 01:31:45,16.81,0.00
3812,07/31/2026 01:46:45,16.94,0.00
3813,07/31/2026 02:01:45,17.16,0.00
3814,07/31/2026 02:16:45,17.20,0.00
3815,07/31/2026 02:31:45,17.33,0.00
3816,07/31/2026 02:46:45,17.72,0.00
3817,07/31/2026 03:01:45,17.50,0.00
3818,07/31/2026 03:16:45,18.36,0.00
3819,07/31/2026 03:31:45,17.37,0.00
3820,07/31/2026 03:46:45,18.02,0.00
3821,07/31/2026 04:01:45,17.84,0.00
3822,07/31/2026 04:16:45,17.67,0.00
3823,07/31/2026 04:31:45,17.72,0.00
3824,07/31/2026 04:46:45,17.72,0.00
3825,07/31/2026 05:01:45,17.89,1.27
3826,07/31/2026 05:16:45,17.80,11.22
3827,07/31/2026 05:31:45,17.63,36.97
3828,07/31/2026 05:46:45,17.76,36.97
3829,07/31/2026 06:01:45,17.84,85.04
3830,07/31/2026 06:16:45,17.54,94.48
3831,07/31/2026 06:31:45,17.76,232.56
3832,07/31/2026 06:46:45,17.76,282.80
3833,07/31/2026 07:01:45,17.63,385.92
3834,07/31/2026 07:16:45,17.72,570.72
3835,07/31/2026 07:31:45,17.80,1137.28
3836,07/31/2026 07:46:45,17.93,3672.32
3837,07/31/2026 08:01:45,18.14,3697.92
3838,07/31/2026 08:16:45,17.67,2442.24
3839,07/31/2026 08:31:45,17.93,2403.20
3840,07/31/2026 08:46:45,17.97,2396.16
3841,07/31/2026 09:01:45,18.02,2968.32
3842,07/31/2026 09:16:45,18.23,5012.48
3843,07/31/2026 09:31:45,18.27,4829.44
3844,07/31/2026 09:46:45,18.36,3301.12
3845,07/31/2026 10:01:45,16.81,6008.32
3846,07/31/2026 10:16:45,16.17,6164.48
3847,07/31/2026 10:31:45,16.34,5158.40
3848,07/31/2026 10:46:45,16.81,4721.92
3849,07/31/2026 11:01:45,17.03,4165.12
3850,07/31/2026 11:16:45,16.86,3568.64
3851,07/31/2026 11:31:45,16.81,4800.00
3852,07/31/2026 11:46:45,16.90,4378.88
3853,07/31/2026 12:01:45,16.81,4335.36
3854,07/31/2026 12:16:45,16.81,4179.20
3855,07/31/2026 12:31:45,16.73,3887.36
3856,07/31/2026 12:46:45,16.81,4362.24
3857,07/31/2026 13:01:45,16.90,4257.28
3858,07/31/2026 13:16:45,16.94,4738.56
3859,07/31/2026 13:31:45,16.94,5273.60
3860,07/31/2026 13:46:45,17.03,4348.16
3861,07/31/2026 14:01:45,16.94,4070.40
3862,07/31/2026 14:16:45,16.99,4232.96
3863,07/31/2026 14:31:45,17.07,3880.96
3864,07/31/2026 14:46:45,17.03,3682.56
3865,07/31/2026 15:01:45,17.07,4481.28
3866,07/31/2026 15:16:45,17.20,8724.48
3867,07/31/2026 15:31:45,17.41,6174.72
3868,07/31/2026 15:46:45,17.50,5621.76
3869,07/31/2026 16:01:45,17.72,4829.44
3870,07/31/2026 16:16:45,17.67,6819.84
3871,07/31/2026 16:31:45,14.97,3877.12
3872,07/31/2026 16:46:45,12.91,3440.64
3873,07/31/2026 17:01:45,12.40,4195.84
3874,07/31/2026 17:16:45,11.79,3613.44
3875,07/31/2026 17:31:45,11.32,2814.72
3876,07/31/2026 17:46:45,11.28,2868.48
3877,07/31/2026 18:01:45,11.07,3402.24
3878,07/31/2026 18:16:45,11.07,3307.52
3879,07/31/2026 18:31:45,11.07,3616.00
3880,07/31/2026 18:46:45,11.11,2873.60
3881,07/31/2026 19:01:45,11.07,1818.24
3882,07/31/2026 19:16:45,11.02,1552.00
3883,07/31/2026 19:31:45,11.15,1012.48
3884,07/31/2026 19:46:45,11.11,1184.64
3885,07/31/2026 20:01:45,10.98,690.56
3886,07/31/2026 20:16:45,11.24,618.56
3887,07/31/2026 20:31:45,11.37,311.60
3888,07/31/2026 20:46:45,11.62,171.12
3889,07/31/2026 21:01:45,12.44,77.80
3890,07/31/2026 21:16:45,14.67,24.23
3891,07/31/2026 21:31:45,15.23,4.66
3892,07/31/2026 21:46:45,15.23,0.42
3893,07/31/2026 22:01:45,14.71,0.00
3894,07/31/2026 22:16:45,13.94,0.00
3895,07/31/2026 22:31:45,13.94,0.00
3896,07/31/2026 22:46:45,13.90,0.00
3897,07/31/2026 23:01:45,13.94,0.00
3898,07/31/2026 23:16:45,13.85,0.00
3899,07/31/2026 23:31:45,13.94,0.00
3900,07/31/2026 23:46:45,13.90,0.00
3901,08/01/2026 00:01:45,14.03,0.00
3902,08/01/2026 00:16:45,14.11,0.00
3903,08/01/2026 00:31:45,14.20,0.00
3904,08/01/2026 00:46:45,14.20,0.00
3905,08/01/2026 01:01:45,14.24,0.00
3906,08/01/2026 01:16:45,14.15,0.00
3907,08/01/2026 01:31:45,14.07,0.00
3908,08/01/2026 01:46:45,14.11,0.00
3909,08/01/2026 02:01:45,14.07,0.00
3910,08/01/2026 02:16:45,13.94,0.00
3911,08/01/2026 02:31:45,13.77,0.00
3912,08/01/2026 02:46:45,13.73,0.00
3913,08/01/2026 03:01:45,13.73,0.00
3914,08/01/2026 03:16:45,13.81,0.00
3915,08/01/2026 03:31:45,13.81,0.00
3916,08/01/2026 03:46:45,13.77,0.00
3917,08/01/2026 04:01:45,13.81,0.00
3918,08/01/2026 04:16:45,13.73,0.00
3919,08/01/2026 04:31:45,13.68,0.00
3920,08/01/2026 04:46:45,13.73,0.00
3921,08/01/2026 05:01:45,13.68,1.69
3922,08/01/2026 05:16:45,13.64,9.74
3923,08/01/2026 05:31:45,13.64,47.24
3924,08/01/2026 05:46:45,13.64,145.64
3925,08/01/2026 06:01:45,13.60,243.60
3926,08/01/2026 06:16:45,13.43,431.20
3927,08/01/2026 06:31:45,13.47,757.44
3928,08/01/2026 06:46:45,13.21,764.16
3929,08/01/2026 07:01:45,13.21,1067.52
3930,08/01/2026 07:16:45,13.08,1267.52
3931,08/01/2026 07:31:45,13.04,1543.68
3932,08/01/2026 07:46:45,13.04,1877.76
3933,08/01/2026 08:01:45,13.04,2594.56
3934,08/01/2026 08:16:45,13.12,2583.04
3935,08/01/2026 08:31:45,13.25,3537.92
3936,08/01/2026 08:46:45,13.38,5647.36
3937,08/01/2026 09:01:45,14.11,13685.76
3938,08/01/2026 09:16:45,14.33,14351.36
3939,08/01/2026 09:31:45,14.80,14986.24
3940,08/01/2026 09:46:45,14.58,7408.64
3941,08/01/2026 10:01:45,15.18,6958.08
3942,08/01/2026 10:16:45,15.18,11760.64
3943,08/01/2026 10:31:45,15.31,14289.92
3944,08/01/2026 10:46:45,15.53,9551.36
3945,08/01/2026 11:01:45,15.78,8765.44
3946,08/01/2026 11:16:45,15.78,12426.24
3947,08/01/2026 11:31:45,16.17,17745.92
3948,08/01/2026 11:46:45,16.43,11904.00
3949,08/01/2026 12:01:45,16.13,14172.16
3950,08/01/2026 12:16:45,15.74,11100.16
3951,08/01/2026 12:31:45,15.61,7974.40
3952,08/01/2026 12:46:45,15.53,7910.40
3953,08/01/2026 13:01:45,15.53,11217.92
3954,08/01/2026 13:16:45,15.57,11253.76
3955,08/01/2026 13:31:45,15.66,11217.92
3956,08/01/2026 13:46:45,15.91,11525.12
3957,08/01/2026 14:01:45,16.17,9876.48
3958,08/01/2026 14:16:45,16.34,7626.24
3959,08/01/2026 14:31:45,16.43,7759.36
3960,08/01/2026 14:46:45,16.69,14709.76
3961,08/01/2026 15:01:45,16.86,12677.12
3962,08/01/2026 15:16:45,16.90,10344.96
3963,08/01/2026 15:31:45,16.81,14853.12
3964,08/01/2026 15:46:45,16.90,10920.96
3965,08/01/2026 16:01:45,16.94,16276.48
3966,08/01/2026 16:16:45,17.29,13608.96
3967,08/01/2026 16:31:45,17.59,10961.92
3968,08/01/2026 16:46:45,17.84,11985.92
3969,08/01/2026 17:01:45,17.59,6937.60
3970,08/01/2026 17:16:45,16.60,9950.72
3971,08/01/2026 17:31:45,15.44,8494.08
3972,08/01/2026 17:46:45,14.97,8655.36
3973,08/01/2026 18:01:45,14.37,8235.52
3974,08/01/2026 18:16:45,13.85,4654.08
3975,08/01/2026 18:31:45,13.51,4070.40
3976,08/01/2026 18:46:45,13.21,3846.40
3977,08/01/2026 19:01:45,13.17,3704.32
3978,08/01/2026 19:16:45,13.00,3156.48
3979,08/01/2026 19:31:45,12.70,4497.92
3980,08/01/2026 19:46:45,12.78,2414.72
3981,08/01/2026 20:01:45,12.70,1726.72
3982,08/01/2026 20:16:45,12.61,1280.32
3983,08/01/2026 20:31:45,12.44,738.88
3984,08/01/2026 20:46:45,12.35,380.64
3985,08/01/2026 21:01:45,12.31,180.56
3986,08/01/2026 21:16:45,12.61,55.34
3987,08/01/2026 21:31:45,12.74,10.80
3988,08/01/2026 21:46:45,12.87,1.27
3989,08/01/2026 22:01:45,13.12,0.00
3990,08/01/2026 22:16:45,14.37,0.00
3991,08/01/2026 22:31:45,15.70,0.00
3992,08/01/2026 22:46:45,15.31,0.00
3993,08/01/2026 23:01:45,14.88,0.00
3994,08/01/2026 23:16:45,14.45,0.00
3995,08/01/2026 23:31:45,14.54,0.42
3996,08/01/2026 23:46:45,14.54,0.00
3997,08/02/2026 00:01:45,14.58,0.00
3998,08/02/2026 00:16:45,14.58,0.00
3999,08/02/2026 00:31:45,14.54,0.00
4000,08/02/2026 00:46:45,14.58,0.00
4001,08/02/2026 01:01:45,14.58,0.00
4002,08/02/2026 01:16:45,14.54,0.00
4003,08/02/2026 01:31:45,14.54,0.00
4004,08/02/2026 01:46:45,14.58,0.00
4005,08/02/2026 02:01:45,14.54,0.00
4006,08/02/2026 02:16:45,14.54,0.00
4007,08/02/2026 02:31:45,14.54,0.00
4008,08/02/2026 02:46:45,14.50,0.00
4009,08/02/2026 03:01:45,14.45,0.00
4010,08/02/2026 03:16:45,14.50,0.00
4011,08/02/2026 03:31:45,14.41,0.00
4012,08/02/2026 03:46:45,14.33,0.00
4013,08/02/2026 04:01:45,14.28,0.00
4014,08/02/2026 04:16:45,14.28,0.00
4015,08/02/2026 04:31:45,14.20,0.00
4016,08/02/2026 04:46:45,14.15,0.00
4017,08/02/2026 05:01:45,14.07,0.84
4018,08/02/2026 05:16:45,13.98,6.99
4019,08/02/2026 05:31:45,13.98,32.25
4020,08/02/2026 05:46:45,14.03,130.28
4021,08/02/2026 06:01:45,14.07,347.36
4022,08/02/2026 06:16:45,14.07,644.00
4023,08/02/2026 06:31:45,14.15,1014.40
4024,08/02/2026 06:46:45,14.24,1519.36
4025,08/02/2026 07:01:45,14.33,2118.40
4026,08/02/2026 07:16:45,14.41,2882.56
4027,08/02/2026 07:31:45,14.45,2978.56
4028,08/02/2026 07:46:45,14.33,5172.48
4029,08/02/2026 08:01:45,14.67,5537.28
4030,08/02/2026 08:16:45,14.63,7083.52
4031,08/02/2026 08:31:45,14.80,8222.72
4032,08/02/2026 08:46:45,15.10,9538.56
4033,08/02/2026 09:01:45,15.27,11100.16
4034,08/02/2026 09:16:45,15.44,12508.16
4035,08/02/2026 09:31:45,15.87,10209.28
4036,08/02/2026 09:46:45,16.00,11320.32
4037,08/02/2026 10:01:45,16.21,16650.24
4038,08/02/2026 10:16:45,16.30,14167.04
4039,08/02/2026 10:31:45,16.04,18252.80
4040,08/02/2026 10:46:45,16.81,18222.08
4041,08/02/2026 11:01:45,16.81,10119.68
4042,08/02/2026 11:16:45,17.07,17699.84
4043,08/02/2026 11:31:45,17.20,12738.56
4044,08/02/2026 11:46:45,17.24,15503.36
4045,08/02/2026 12:01:45,17.33,16844.80
4046,08/02/2026 12:16:45,17.67,11852.80
4047,08/02/2026 12:31:45,18.40,16732.16
4048,08/02/2026 12:46:45,18.10,15155.20
4049,08/02/2026 13:01:45,17.63,14049.28
4050,08/02/2026 13:16:45,17.54,13475.84
4051,08/02/2026 13:31:45,17.41,13726.72
4052,08/02/2026 13:46:45,17.54,14295.04
4053,08/02/2026 14:01:45,17.50,17233.92
4054,08/02/2026 14:16:45,17.46,10608.64
4055,08/02/2026 14:31:45,17.54,11294.72
4056,08/02/2026 14:46:45,17.76,10992.64
4057,08/02/2026 15:01:45,17.76,17945.60
4058,08/02/2026 15:16:45,18.02,11054.08
4059,08/02/2026 15:31:45,17.93,17433.60
4060,08/02/2026 15:46:45,18.10,11156.48
4061,08/02/2026 16:01:45,18.27,14243.84
4062,08/02/2026 16:16:45,18.44,18626.56
4063,08/02/2026 16:31:45,18.79,9789.44
4064,08/02/2026 16:46:45,19.00,10127.36
4065,08/02/2026 17:01:45,19.17,10792.96
4066,08/02/2026 17:16:45,19.30,11535.36
4067,08/02/2026 17:31:45,19.35,17213.44
4068,08/02/2026 17:46:45,19.35,10398.72
4069,08/02/2026 18:01:45,19.35,7155.20
4070,08/02/2026 18:16:45,19.39,5158.40
4071,08/02/2026 18:31:45,19.39,7859.20
4072,08/02/2026 18:46:45,19.26,9300.48
4073,08/02/2026 19:01:45,19.22,3443.20
4074,08/02/2026 19:16:45,19.13,4195.84
4075,08/02/2026 19:31:45,19.00,3464.96
4076,08/02/2026 19:46:45,18.83,1789.44
4077,08/02/2026 20:01:45,18.83,2154.24
4078,08/02/2026 20:16:45,18.66,1281.28
4079,08/02/2026 20:31:45,18.66,816.00
4080,08/02/2026 20:46:45,18.53,440.32
4081,08/02/2026 21:01:45,18.49,195.12
4082,08/02/2026 21:16:45,18.27,54.44
4083,08/02/2026 21:31:45,18.14,10.16
4084,08/02/2026 21:46:45,18.06,1.27
4085,08/02/2026 22:01:45,18.06,0.00
4086,08/02/2026 22:16:45,17.80,0.00
4087,08/02/2026 22:31:45,17.67,0.00
4088,08/02/2026 22:46:45,17.54,0.00
4089,08/02/2026 23:01:45,17.41,0.00
4090,08/02/2026 23:16:45,17.37,0.00
4091,08/02/2026 23:31:45,17.33,0.00
4092,08/02/2026 23:46:45,17.20,0.00
4093,08/03/2026 00:01:45,17.11,0.00
4094,08/03/2026 00:16:45,17.03,0.00
4095,08/03/2026 00:31:45,16.69,0.00
4096,08/03/2026 00:46:45,15.83,0.00
4097,08/03/2026 01:01:45,15.61,0.00
4098,08/03/2026 01:16:45,15.36,0.00
4099,08/03/2026 01:31:45,15.06,0.00
4100,08/03/2026 01:46:45,15.06,0.00
4101,08/03/2026 02:01:45,15.10,0.00
4102,08/03/2026 02:16:45,15.14,0.00
4103,08/03/2026 02:31:45,15.14,0.00
4104,08/03/2026 02:46:45,15.14,0.00
4105,08/03/2026 03:01:45,15.06,0.00
4106,08/03/2026 03:16:45,15.06,0.42
4107,08/03/2026 03:31:45,14.97,0.00
4108,08/03/2026 03:46:45,14.75,0.00
4109,08/03/2026 04:01:45,14.71,0.00
4110,08/03/2026 04:16:45,14.63,0.00
4111,08/03/2026 04:31:45,14.54,0.00
4112,08/03/2026 04:46:45,14.50,0.21
4113,08/03/2026 05:01:45,14.45,1.90
4114,08/03/2026 05:16:45,14.41,16.34
4115,08/03/2026 05:31:45,14.15,86.84
4116,08/03/2026 05:46:45,14.15,261.60
4117,08/03/2026 06:01:45,14.07,565.60
4118,08/03/2026 06:16:45,13.94,1006.72
4119,08/03/2026 06:31:45,13.77,1611.52
4120,08/03/2026 06:46:45,13.85,2328.32
4121,08/03/2026 07:01:45,13.81,3223.04
4122,08/03/2026 07:16:45,13.81,4416.00
4123,08/03/2026 07:31:45,13.94,5585.92
4124,08/03/2026 07:46:45,14.15,6899.20
4125,08/03/2026 08:01:45,15.31,9917.44
4126,08/03/2026 08:16:45,16.94,13020.16
4127,08/03/2026 08:31:45,18.32,15303.68
4128,08/03/2026 08:46:45,20.20,17735.68
4129,08/03/2026 09:01:45,18.62,20433.92
4130,08/03/2026 09:16:45,18.49,20684.80
4131,08/03/2026 09:31:45,18.49,19921.92
4132,08/03/2026 09:46:45,19.17,19558.40
4133,08/03/2026 10:01:45,20.07,20065.28
4134,08/03/2026 10:16:45,20.80,20444.16
4135,08/03/2026 10:31:45,21.28,19630.08
4136,08/03/2026 10:46:45,22.56,19266.56
4137,08/03/2026 11:01:45,22.86,20101.12
4138,08/03/2026 11:16:45,20.55,25518.08
4139,08/03/2026 11:31:45,18.92,26419.20
4140,08/03/2026 11:46:45,18.87,27607.04
4141,08/03/2026 12:01:45,18.44,32614.40
4142,08/03/2026 12:16:45,18.23,20730.88
4143,08/03/2026 12:31:45,17.54,30730.24
4144,08/03/2026 12:46:45,17.16,37468.16
4145,08/03/2026 13:01:45,17.20,24350.72
4146,08/03/2026 13:16:45,17.37,28497.92
4147,08/03/2026 13:31:45,17.41,35307.52
4148,08/03/2026 13:46:45,17.76,36823.04
4149,08/03/2026 14:01:45,18.96,21678.08
4150,08/03/2026 14:16:45,21.19,32860.16
4151,08/03/2026 14:31:45,21.40,25282.56
4152,08/03/2026 14:46:45,21.28,19911.68
4153,08/03/2026 15:01:45,21.02,20771.84
4154,08/03/2026 15:16:45,20.85,24053.76
4155,08/03/2026 15:31:45,20.50,22128.64
4156,08/03/2026 15:46:45,20.63,20894.72
4157,08/03/2026 16:01:45,20.72,17223.68
4158,08/03/2026 16:16:45,20.93,16824.32
4159,08/03/2026 16:31:45,20.89,19307.52
4160,08/03/2026 16:46:45,20.93,15948.80
4161,08/03/2026 17:01:45,21.06,15938.56
4162,08/03/2026 17:16:45,20.93,14535.68
4163,08/03/2026 17:31:45,20.98,12093.44
4164,08/03/2026 17:46:45,21.15,13875.20
4165,08/03/2026 18:01:45,21.02,19210.24
4166,08/03/2026 18:16:45,21.06,17592.32
4167,08/03/2026 18:31:45,21.10,12390.40
4168,08/03/2026 18:46:45,20.72,9098.24
4169,08/03/2026 19:01:45,21.32,10385.92
4170,08/03/2026 19:16:45,21.23,6164.48
4171,08/03/2026 19:31:45,20.80,4162.56
4172,08/03/2026 19:46:45,21.36,4026.88
4173,08/03/2026 20:01:45,21.28,1970.56
4174,08/03/2026 20:16:45,21.23,1588.48
4175,08/03/2026 20:31:45,20.46,1027.84
4176,08/03/2026 20:46:45,20.29,531.68
4177,08/03/2026 21:01:45,20.63,223.28
4178,08/03/2026 21:16:45,20.16,73.62
4179,08/03/2026 21:31:45,20.16,13.13
4180,08/03/2026 21:46:45,19.95,1.48
4181,08/03/2026 22:01:45,19.77,0.00
4182,08/03/2026 22:16:45,19.47,0.00
4183,08/03/2026 22:31:45,19.35,0.00
4184,08/03/2026 22:46:45,19.22,0.00
4185,08/03/2026 23:01:45,19.05,0.00
4186,08/03/2026 23:16:45,18.87,0.00
4187,08/03/2026 23:31:45,18.70,0.00
4188,08/03/2026 23:46:45,18.44,0.00
4189,08/04/2026 00:01:45,17.72,0.00
4190,08/04/2026 00:16:45,17.80,0.00
4191,08/04/2026 00:31:45,17.46,0.00
4192,08/04/2026 00:46:45,16.21,0.00
4193,08/04/2026 01:01:45,16.08,0.00
4194,08/04/2026 01:16:45,16.69,0.00
4195,08/04/2026 01:31:45,17.20,0.00
4196,08/04/2026 01:46:45,17.20,0.00
4197,08/04/2026 02:01:45,17.37,0.00
4198,08/04/2026 02:16:45,16.69,0.00
4199,08/04/2026 02:31:45,16.90,0.00
4200,08/04/2026 02:46:45,16.86,0.00
4201,08/04/2026 03:01:45,16.77,0.00
4202,08/04/2026 03:16:45,16.86,0.00
4203,08/04/2026 03:31:45,16.64,0.00
4204,08/04/2026 03:46:45,16.69,0.00
4205,08/04/2026 04:01:45,16.69,0.00
4206,08/04/2026 04:16:45,16.60,0.00
4207,08/04/2026 04:31:45,16.56,0.00
4208,08/04/2026 04:46:45,16.43,0.00
4209,08/04/2026 05:01:45,16.39,0.84
4210,08/04/2026 05:16:45,16.47,7.62
4211,08/04/2026 05:31:45,16.30,8.89
4212,08/04/2026 05:46:45,16.13,205.28
4213,08/04/2026 06:01:45,16.08,372.96
4214,08/04/2026 06:16:45,16.04,316.88
4215,08/04/2026 06:31:45,15.87,130.28
4216,08/04/2026 06:46:45,15.91,1823.36
4217,08/04/2026 07:01:45,15.87,1235.52
4218,08/04/2026 07:16:45,15.66,1104.00
4219,08/04/2026 07:31:45,15.48,1374.08
4220,08/04/2026 07:46:45,15.70,3537.92
4221,08/04/2026 08:01:45,15.78,4008.96
4222,08/04/2026 08:16:45,15.36,3102.72
4223,08/04/2026 08:31:45,15.74,5276.16
4224,08/04/2026 08:46:45,15.44,4352.00
4225,08/04/2026 09:01:45,15.53,5785.60
4226,08/04/2026 09:16:45,15.96,10951.68
4227,08/04/2026 09:31:45,15.91,6896.64
4228,08/04/2026 09:46:45,16.39,12871.68
4229,08/04/2026 10:01:45,17.33,22579.20
4230,08/04/2026 10:16:45,16.13,588.96
4231,08/04/2026 10:31:45,16.43,13.77
4232,08/04/2026 10:46:45,17.11,12748.80
4233,08/04/2026 11:01:45,16.73,2586.24
4234,08/04/2026 11:16:45,16.64,2513.28
4235,08/04/2026 11:31:45,16.81,3537.92
4236,08/04/2026 11:46:45,16.94,8967.68
4237,08/04/2026 12:01:45,16.99,10634.24
4238,08/04/2026 12:16:45,16.73,4724.48
4239,08/04/2026 12:31:45,16.64,7226.88
4240,08/04/2026 12:46:45,16.51,2243.84
4241,08/04/2026 13:01:45,16.77,4308.48
4242,08/04/2026 13:16:45,17.54,14755.84
4243,08/04/2026 13:31:45,17.67,6673.92
4244,08/04/2026 13:46:45,16.77,2976.00
4245,08/04/2026 14:01:45,16.69,8235.52
4246,08/04/2026 14:16:45,16.99,19768.32
4247,08/04/2026 14:31:45,16.69,13245.44
4248,08/04/2026 14:46:45,16.86,11929.60
4249,08/04/2026 15:01:45,16.86,13066.24
4250,08/04/2026 15:16:45,16.99,9308.16
4251,08/04/2026 15:31:45,17.11,8634.88
4252,08/04/2026 15:46:45,17.07,7761.92
4253,08/04/2026 16:01:45,17.33,6384.64
4254,08/04/2026 16:16:45,17.29,3609.60
4255,08/04/2026 16:31:45,17.29,2174.08
4256,08/04/2026 16:46:45,17.46,6097.92
4257,08/04/2026 17:01:45,17.46,2457.60
4258,08/04/2026 17:16:45,17.41,739.52
4259,08/04/2026 17:31:45,17.59,4497.92
4260,08/04/2026 17:46:45,17.54,1319.04
4261,08/04/2026 18:01:45,17.37,513.12
4262,08/04/2026 18:16:45,17.16,196.80
4263,08/04/2026 18:31:45,17.11,442.08
4264,08/04/2026 18:46:45,17.20,445.44
4265,08/04/2026 19:01:45,16.69,477.12
4266,08/04/2026 19:16:45,16.64,853.76
4267,08/04/2026 19:31:45,16.47,1192.96
4268,08/04/2026 19:46:45,16.69,1933.44
4269,08/04/2026 20:01:45,16.90,1901.44
4270,08/04/2026 20:16:45,17.16,1183.04
4271,08/04/2026 20:31:45,17.33,507.20
4272,08/04/2026 20:46:45,16.99,331.20
4273,08/04/2026 21:01:45,17.33,134.52
4274,08/04/2026 21:16:45,17.20,39.93
4275,08/04/2026 21:31:45,17.07,6.14
4276,08/04/2026 21:46:45,17.07,0.63
4277,08/04/2026 22:01:45,17.07,0.00
4278,08/04/2026 22:16:45,17.03,0.00
4279,08/04/2026 22:31:45,16.77,0.00
4280,08/04/2026 22:46:45,16.77,0.00
4281,08/04/2026 23:01:45,16.81,0.00
4282,08/04/2026 23:16:45,16.69,0.00
4283,08/04/2026 23:31:45,16.73,0.00
4284,08/04/2026 23:46:45,16.73,0.00
4285,08/05/2026 00:01:45,16.69,0.00
4286,08/05/2026 00:16:45,16.47,0.00
4287,08/05/2026 00:31:45,16.26,0.00
4288,08/05/2026 00:46:45,15.87,0.00
4289,08/05/2026 01:01:45,15.44,0.42
4290,08/05/2026 01:16:45,16.56,0.00
4291,08/05/2026 01:31:45,16.43,0.00
4292,08/05/2026 01:46:45,16.00,0.00
4293,08/05/2026 02:01:45,15.78,0.00
4294,08/05/2026 02:16:45,15.66,0.00
4295,08/05/2026 02:31:45,15.48,0.00
4296,08/05/2026 02:46:45,15.44,0.00
4297,08/05/2026 03:01:45,15.36,0.00
4298,08/05/2026 03:16:45,15.36,0.00
4299,08/05/2026 03:31:45,15.40,0.00
4300,08/05/2026 03:46:45,15.31,0.00
4301,08/05/2026 04:01:45,15.31,0.00
4302,08/05/2026 04:16:45,15.27,0.00
4303,08/05/2026 04:31:45,15.23,0.00
4304,08/05/2026 04:46:45,15.23,0.00
4305,08/05/2026 05:01:45,15.23,0.63
4306,08/05/2026 05:16:45,15.23,6.99
4307,08/05/2026 05:31:45,15.27,42.94
4308,08/05/2026 05:46:45,15.27,140.44
4309,08/05/2026 06:01:45,15.27,310.80
4310,08/05/2026 06:16:45,15.36,522.88
4311,08/05/2026 06:31:45,15.36,915.20
4312,08/05/2026 06:46:45,15.36,1443.20
4313,08/05/2026 07:01:45,15.44,1838.72
4314,08/05/2026 07:16:45,15.48,2991.36
4315,08/05/2026 07:31:45,15.53,3299.84
4316,08/05/2026 07:46:45,15.61,4907.52
4317,08/05/2026 08:01:45,15.66,6458.88
4318,08/05/2026 08:16:45,15.36,6530.56
4319,08/05/2026 08:31:45,15.48,6615.04
4320,08/05/2026 08:46:45,15.48,8192.00
4321,08/05/2026 09:01:45,15.53,8765.44
4322,08/05/2026 09:16:45,15.66,10670.08
4323,08/05/2026 09:31:45,15.96,11658.24
4324,08/05/2026 09:46:45,16.08,15902.72
4325,08/05/2026 10:01:45,16.26,13434.88
4326,08/05/2026 10:16:45,16.73,12620.80
4327,08/05/2026 10:31:45,16.99,24289.28
4328,08/05/2026 10:46:45,16.99,20433.92
4329,08/05/2026 11:01:45,17.29,19368.96
4330,08/05/2026 11:16:45,17.63,24791.04
4331,08/05/2026 11:31:45,17.76,27883.52
4332,08/05/2026 11:46:45,18.02,22036.48
4333,08/05/2026 12:01:45,18.10,24033.28
4334,08/05/2026 12:16:45,18.19,26265.60
4335,08/05/2026 12:31:45,18.44,23203.84
4336,08/05/2026 12:46:45,18.70,23162.88
4337,08/05/2026 13:01:45,19.30,19840.00
4338,08/05/2026 13:16:45,18.83,22507.52
4339,08/05/2026 13:31:45,18.57,21299.20
4340,08/05/2026 13:46:45,18.14,18795.52
4341,08/05/2026 14:01:45,18.14,18995.20
4342,08/05/2026 14:16:45,18.14,15421.44
4343,08/05/2026 14:31:45,18.06,14627.84
4344,08/05/2026 14:46:45,17.93,14494.72
4345,08/05/2026 15:01:45,17.93,13240.32
4346,08/05/2026 15:16:45,17.97,13219.84
4347,08/05/2026 15:31:45,17.89,12718.08
4348,08/05/2026 15:46:45,17.97,11622.40
4349,08/05/2026 16:01:45,18.02,13521.92
4350,08/05/2026 16:16:45,18.06,12267.52
4351,08/05/2026 16:31:45,18.19,12426.24
4352,08/05/2026 16:46:45,18.10,10931.20
4353,08/05/2026 17:01:45,18.10,10752.00
4354,08/05/2026 17:16:45,18.23,12236.80
4355,08/05/2026 17:31:45,18.87,10073.60
4356,08/05/2026 17:46:45,18.62,8942.08
4357,08/05/2026 18:01:45,18.53,8168.96
4358,08/05/2026 18:16:45,18.53,6615.04
4359,08/05/2026 18:31:45,18.74,6320.64
4360,08/05/2026 18:46:45,18.66,5532.16
4361,08/05/2026 19:01:45,18.66,4826.88
4362,08/05/2026 19:16:45,18.44,3864.32
4363,08/05/2026 19:31:45,18.57,3072.00
4364,08/05/2026 19:46:45,18.53,2704.64
4365,08/05/2026 20:01:45,18.49,1658.88
4366,08/05/2026 20:16:45,18.53,1140.48
4367,08/05/2026 20:31:45,18.49,677.12
4368,08/05/2026 20:46:45,18.40,369.60
4369,08/05/2026 21:01:45,18.49,139.72
4370,08/05/2026 21:16:45,18.44,33.95
4371,08/05/2026 21:31:45,18.40,4.66
4372,08/05/2026 21:46:45,18.44,0.42
4373,08/05/2026 22:01:45,18.36,0.00
4374,08/05/2026 22:16:45,18.36,0.00
4375,08/05/2026 22:31:45,18.32,0.00
4376,08/05/2026 22:46:45,17.72,0.00
4377,08/05/2026 23:01:45,17.37,0.00
4378,08/05/2026 23:16:45,17.33,0.00
4379,08/05/2026 23:31:45,17.54,0.00
4380,08/05/2026 23:46:45,17.84,0.00
4381,08/06/2026 00:01:45,17.89,0.00
4382,08/06/2026 00:16:45,18.06,0.00
4383,08/06/2026 00:31:45,18.02,0.00
4384,08/06/2026 00:46:45,17.84,0.00
4385,08/06/2026 01:01:45,17.84,0.00
4386,08/06/2026 01:16:45,16.94,0.00
4387,08/06/2026 01:31:45,17.37,0.00
4388,08/06/2026 01:46:45,16.99,0.00
4389,08/06/2026 02:01:45,17.24,0.00
4390,08/06/2026 02:16:45,17.24,0.00
4391,08/06/2026 02:31:45,17.11,0.00
4392,08/06/2026 02:46:45,16.90,0.00
4393,08/06/2026 03:01:45,16.69,0.00
4394,08/06/2026 03:16:45,16.43,0.00
4395,08/06/2026 03:31:45,16.26,0.00
4396,08/06/2026 03:46:45,16.13,0.00
4397,08/06/2026 04:01:45,16.08,0.00
4398,08/06/2026 04:16:45,16.04,0.21
4399,08/06/2026 04:31:45,16.00,0.00
4400,08/06/2026 04:46:45,16.00,0.00
4401,08/06/2026 05:01:45,15.96,0.42
4402,08/06/2026 05:16:45,15.87,4.44
4403,08/06/2026 05:31:45,15.83,31.83
4404,08/06/2026 05:46:45,15.83,93.64
4405,08/06/2026 06:01:45,15.91,255.44
4406,08/06/2026 06:16:45,16.04,496.48
4407,08/06/2026 06:31:45,16.17,748.48
4408,08/06/2026 06:46:45,16.13,951.68
4409,08/06/2026 07:01:45,16.04,1418.24
4410,08/06/2026 07:16:45,16.21,2186.24
4411,08/06/2026 07:31:45,16.21,3185.92
4412,08/06/2026 07:46:45,16.39,4243.20
4413,08/06/2026 08:01:45,16.51,5236.48
4414,08/06/2026 08:16:45,16.73,6497.28
4415,08/06/2026 08:31:45,16.64,7552.00
4416,08/06/2026 08:46:45,16.86,9233.92
4417,08/06/2026 09:01:45,16.86,9753.60
4418,08/06/2026 09:16:45,17.07,10365.44
4419,08/06/2026 09:31:45,17.24,10181.12
4420,08/06/2026 09:46:45,17.20,14105.60
4421,08/06/2026 10:01:45,17.72,14018.56
4422,08/06/2026 10:16:45,17.63,14044.16
4423,08/06/2026 10:31:45,17.84,15718.40
4424,08/06/2026 10:46:45,18.36,21422.08
4425,08/06/2026 11:01:45,18.66,2476.16
4426,08/06/2026 11:16:45,18.40,10332.16
4427,08/06/2026 11:31:45,18.53,20582.40
4428,08/06/2026 11:46:45,18.27,324.08
4429,08/06/2026 12:01:45,19.05,3185.92
4430,08/06/2026 12:16:45,30.20,34140.16
4431,08/06/2026 12:31:45,25.87,6804.48
4432,08/06/2026 12:46:45,21.83,3599.36
4433,08/06/2026 13:01:45,21.19,1833.60
4434,08/06/2026 13:16:45,17.80,879.36
4435,08/06/2026 13:31:45,21.66,3179.52
4436,08/06/2026 13:46:45,22.01,2408.32
4437,08/06/2026 14:01:45,20.85,289.60
4438,08/06/2026 14:16:45,19.43,313.28
4439,08/06/2026 14:31:45,23.68,9443.84
4440,08/06/2026 14:46:45,27.45,9382.40
4441,08/06/2026 15:01:45,31.70,36198.40
4442,08/06/2026 15:16:45,36.25,24750.08
4443,08/06/2026 15:31:45,36.68,25620.48
4444,08/06/2026 15:46:45,37.66,25876.48
4445,08/06/2026 16:01:45,37.79,29788.16
4446,08/06/2026 16:16:45,37.06,31733.76
4447,08/06/2026 16:31:45,36.85,33576.96
4448,08/06/2026 16:46:45,37.15,35747.84
4449,08/06/2026 17:01:45,38.78,38010.88
4450,08/06/2026 17:16:45,38.82,39884.80
4451,08/06/2026 17:31:45,37.66,40007.68
4452,08/06/2026 17:46:45,34.96,46346.24
4453,08/06/2026 18:01:45,21.75,45.12
4454,08/06/2026 18:16:45,22.43,3673.60
4455,08/06/2026 18:31:45,24.24,0.00
4456,08/06/2026 18:46:45,25.95,0.00
4457,08/06/2026 19:01:45,27.54,0.00
4458,08/06/2026 19:16:45,28.31,0.00
4459,08/06/2026 19:31:45,28.23,0.00
4460,08/06/2026 19:46:45,27.07,0.00
4461,08/06/2026 20:01:45,25.78,87.36
4462,08/06/2026 20:16:45,27.32,93.32
4463,08/06/2026 20:31:45,28.05,2.11
4464,08/06/2026 20:46:45,27.80,0.84
4465,08/06/2026 21:01:45,27.50,0.21
4466,08/06/2026 21:16:45,27.24,0.00
4467,08/06/2026 21:31:45,27.02,0.00
4468,08/06/2026 21:46:45,26.81,0.00
4469,08/06/2026 22:01:45,26.68,0.00
4470,08/06/2026 22:16:45,26.47,0.00
4471,08/06/2026 22:31:45,26.34,0.42
4472,08/06/2026 22:46:45,26.21,0.00
4473,08/06/2026 23:01:45,26.04,0.00
4474,08/06/2026 23:16:45,25.91,0.00
4475,08/06/2026 23:31:45,25.78,0.00
4476,08/06/2026 23:46:45,25.69,0.00
4477,08/07/2026 00:01:45,25.57,0.00
4478,08/07/2026 00:16:45,25.48,0.00
4479,08/07/2026 00:31:45,25.35,0.00
4480,08/07/2026 00:46:45,25.22,0.00
4481,08/07/2026 01:01:45,25.14,0.00
4482,08/07/2026 01:16:45,25.09,0.00
4483,08/07/2026 01:31:45,24.97,0.00
4484,08/07/2026 01:46:45,24.92,0.00
4485,08/07/2026 02:01:45,24.79,0.00
4486,08/07/2026 02:16:45,24.75,0.00
4487,08/07/2026 02:31:45,24.66,0.00
4488,08/07/2026 02:46:45,24.54,0.00
4489,08/07/2026 03:01:45,24.45,0.00
4490,08/07/2026 03:16:45,24.41,0.00
4491,08/07/2026 03:31:45,24.32,0.00
4492,08/07/2026 03:46:45,24.19,0.00
4493,08/07/2026 04:01:45,24.19,0.00
4494,08/07/2026 04:16:45,24.06,0.00
4495,08/07/2026 04:31:45,24.02,0.00
4496,08/07/2026 04:46:45,23.89,0.00
4497,08/07/2026 05:01:45,23.85,0.00
4498,08/07/2026 05:16:45,23.76,0.00
4499,08/07/2026 05:31:45,23.68,0.00
4500,08/07/2026 05:46:45,23.59,0.63
4501,08/07/2026 06:01:45,23.55,1.69
4502,08/07/2026 06:16:45,23.46,4.02
4503,08/07/2026 06:31:45,23.38,6.14
4504,08/07/2026 06:46:45,23.38,6.56
4505,08/07/2026 07:01:45,23.29,13.77
4506,08/07/2026 07:16:45,23.29,25.74
4507,08/07/2026 07:31:45,23.38,61.38
4508,08/07/2026 07:46:45,23.38,50.26
4509,08/07/2026 08:01:45,23.42,28.91
4510,08/07/2026 08:16:45,23.38,25.29
4511,08/07/2026 08:31:45,23.34,54.92
4512,08/07/2026 08:46:45,23.34,39.98
4513,08/07/2026 09:01:45,23.29,76.26
4514,08/07/2026 09:16:45,23.46,136.00
4515,08/07/2026 09:31:45,24.02,112.92
4516,08/07/2026 09:46:45,24.45,116.28
4517,08/07/2026 10:01:45,24.75,125.72
4518,08/07/2026 10:16:45,24.92,109.52
4519,08/07/2026 10:31:45,25.09,123.28
4520,08/07/2026 10:46:45,25.27,127.52
4521,08/07/2026 11:01:45,25.39,126.56
4522,08/07/2026 11:16:45,25.35,117.24
