#,Date-Time (EDT),"Temperature , øC","Light , lux"
1,06/21/2026 08:59:55,20.29,193.60
2,06/21/2026 09:14:55,19.73,269.12
3,06/21/2026 09:29:55,20.25,2127.36
4,06/21/2026 09:44:55,12.35,327.84
5,06/21/2026 09:59:55,11.67,436.16
6,06/21/2026 10:14:55,17.67,85688.32
7,06/21/2026 10:29:55,21.62,75816.96
8,06/21/2026 10:44:55,19.52,8386.56
9,06/21/2026 10:59:55,21.19,30085.12
10,06/21/2026 11:14:55,22.78,85647.36
11,06/21/2026 11:29:55,13.94,35297.28
12,06/21/2026 11:44:55,16.81,23244.80
13,06/21/2026 11:59:55,17.93,24207.36
14,06/21/2026 12:14:55,17.46,46366.72
15,06/21/2026 12:29:55,19.09,54968.32
16,06/21/2026 12:44:55,18.44,74403.84
17,06/21/2026 12:59:55,18.74,81797.12
18,06/21/2026 13:14:55,20.25,80527.36
19,06/21/2026 13:29:55,21.88,82636.80
20,06/21/2026 13:44:55,21.32,79564.80
21,06/21/2026 13:59:55,21.49,59166.72
22,06/21/2026 14:14:55,19.99,46592.00
23,06/21/2026 14:29:55,14.28,36433.92
24,06/21/2026 14:44:55,11.67,23572.48
25,06/21/2026 14:59:55,11.37,24627.20
26,06/21/2026 15:14:55,10.89,19072.00
27,06/21/2026 15:29:55,10.72,24924.16
28,06/21/2026 15:44:55,10.59,22282.24
29,06/21/2026 15:59:55,10.34,16711.68
30,06/21/2026 16:14:55,10.29,17208.32
31,06/21/2026 16:29:55,10.25,17177.60
32,06/21/2026 16:44:55,10.34,15124.48
33,06/21/2026 16:59:55,10.42,10316.80
34,06/21/2026 17:14:55,10.46,11386.88
35,06/21/2026 17:29:55,10.34,13127.68
36,06/21/2026 17:44:55,10.38,13450.24
37,06/21/2026 17:59:55,10.59,6177.28
38,06/21/2026 18:14:55,10.77,5985.28
39,06/21/2026 18:29:55,11.11,8921.60
40,06/21/2026 18:44:55,11.24,6056.96
41,06/21/2026 18:59:55,10.42,4628.48
42,06/21/2026 19:14:55,8.11,7979.52
43,06/21/2026 19:29:55,6.26,4207.36
44,06/21/2026 19:44:55,5.49,4015.36
45,06/21/2026 19:59:55,5.49,2927.36
46,06/21/2026 20:14:55,5.53,2327.04
47,06/21/2026 20:29:55,5.62,1286.72
48,06/21/2026 20:44:55,5.96,997.44
49,06/21/2026 20:59:55,6.35,680.00
50,06/21/2026 21:14:55,6.30,450.24
51,06/21/2026 21:29:55,6.52,284.48
52,06/21/2026 21:44:55,6.95,119.36
53,06/21/2026 21:59:55,8.11,40.13
54,06/21/2026 22:14:55,8.06,9.29
55,06/21/2026 22:29:55,8.32,1.81
56,06/21/2026 22:44:55,8.62,0.22
57,06/21/2026 22:59:55,8.79,0.00
58,06/21/2026 23:14:55,8.83,0.00
59,06/21/2026 23:29:55,8.88,0.00
60,06/21/2026 23:44:55,8.88,0.00
61,06/21/2026 23:59:55,8.92,0.00
62,06/22/2026 00:14:55,8.79,0.00
63,06/22/2026 00:29:55,8.45,0.00
64,06/22/2026 00:44:55,7.85,0.00
65,06/22/2026 00:59:55,7.85,0.00
66,06/22/2026 01:14:55,7.59,0.00
67,06/22/2026 01:29:55,7.20,0.00
68,06/22/2026 01:44:55,7.59,0.00
69,06/22/2026 01:59:55,7.93,0.00
70,06/22/2026 02:14:55,7.98,0.00
71,06/22/2026 02:29:55,7.98,0.00
72,06/22/2026 02:44:55,8.62,0.00
73,06/22/2026 02:59:55,8.96,0.00
74,06/22/2026 03:14:55,8.92,0.00
75,06/22/2026 03:29:55,8.92,0.00
76,06/22/2026 03:44:55,8.96,0.00
77,06/22/2026 03:59:55,9.01,0.68
78,06/22/2026 04:14:55,8.88,4.30
79,06/22/2026 04:29:55,8.79,21.59
80,06/22/2026 04:44:55,8.75,92.16
81,06/22/2026 04:59:55,8.71,280.88
82,06/22/2026 05:14:55,8.66,558.08
83,06/22/2026 05:29:55,8.66,974.72
84,06/22/2026 05:44:55,8.58,1586.56
85,06/22/2026 05:59:55,8.62,1969.28
86,06/22/2026 06:14:55,8.71,3216.64
87,06/22/2026 06:29:55,8.71,4062.72
88,06/22/2026 06:44:55,8.75,3953.92
89,06/22/2026 06:59:55,8.79,4421.12
90,06/22/2026 07:14:55,8.88,6120.96
91,06/22/2026 07:29:55,8.96,5893.12
92,06/22/2026 07:44:55,8.96,9822.72
93,06/22/2026 07:59:55,9.22,8960.00
94,06/22/2026 08:14:55,9.26,20188.16
95,06/22/2026 08:29:55,9.44,14008.32
96,06/22/2026 08:44:55,9.65,16901.12
97,06/22/2026 08:59:55,9.95,17981.44
98,06/22/2026 09:14:55,9.91,17418.24
99,06/22/2026 09:29:55,10.51,10511.36
100,06/22/2026 09:44:55,11.84,20295.68
101,06/22/2026 09:59:55,11.84,25569.28
102,06/22/2026 10:14:55,12.14,30423.04
103,06/22/2026 10:29:55,12.27,25108.48
104,06/22/2026 10:44:55,12.44,33177.60
105,06/22/2026 10:59:55,12.61,31006.72
106,06/22/2026 11:14:55,12.78,30412.80
107,06/22/2026 11:29:55,12.57,46530.56
108,06/22/2026 11:44:55,12.74,39301.12
109,06/22/2026 11:59:55,12.65,48844.80
110,06/22/2026 12:14:55,13.17,41338.88
111,06/22/2026 12:29:55,13.51,41523.20
112,06/22/2026 12:44:55,13.94,51404.80
113,06/22/2026 12:59:55,13.64,48005.12
114,06/22/2026 13:14:55,13.90,29327.36
115,06/22/2026 13:29:55,13.85,37908.48
116,06/22/2026 13:44:55,13.85,26972.16
117,06/22/2026 13:59:55,14.20,22446.08
118,06/22/2026 14:14:55,15.10,29091.84
119,06/22/2026 14:29:55,14.33,27842.56
120,06/22/2026 14:44:55,14.03,25600.00
121,06/22/2026 14:59:55,14.03,23142.40
122,06/22/2026 15:14:55,13.43,26808.32
123,06/22/2026 15:29:55,12.57,18795.52
124,06/22/2026 15:44:55,11.79,14284.80
125,06/22/2026 15:59:55,11.67,22968.32
126,06/22/2026 16:14:55,11.41,20864.00
127,06/22/2026 16:29:55,10.94,12503.04
128,06/22/2026 16:44:55,11.02,13178.88
129,06/22/2026 16:59:55,10.89,15866.88
130,06/22/2026 17:14:55,10.85,9684.48
131,06/22/2026 17:29:55,10.68,6420.48
132,06/22/2026 17:44:55,10.55,7362.56
133,06/22/2026 17:59:55,10.46,6177.28
134,06/22/2026 18:14:55,10.34,5219.84
135,06/22/2026 18:29:55,10.38,5363.20
136,06/22/2026 18:44:55,10.55,12221.44
137,06/22/2026 18:59:55,10.42,4654.08
138,06/22/2026 19:14:55,10.38,2945.28
139,06/22/2026 19:29:55,10.46,2152.96
140,06/22/2026 19:44:55,10.85,1681.92
141,06/22/2026 19:59:55,10.77,1929.60
142,06/22/2026 20:14:55,8.92,1866.88
143,06/22/2026 20:29:55,5.53,907.52
144,06/22/2026 20:44:55,4.67,480.64
145,06/22/2026 20:59:55,4.46,345.92
146,06/22/2026 21:14:55,4.37,269.12
147,06/22/2026 21:29:55,4.29,126.72
148,06/22/2026 21:44:55,4.42,51.96
149,06/22/2026 21:59:55,4.50,23.23
150,06/22/2026 22:14:55,4.59,3.62
151,06/22/2026 22:29:55,4.63,0.22
152,06/22/2026 22:44:55,4.67,0.00
153,06/22/2026 22:59:55,4.72,0.00
154,06/22/2026 23:14:55,4.80,0.00
155,06/22/2026 23:29:55,4.89,0.00
156,06/22/2026 23:44:55,5.02,0.00
157,06/22/2026 23:59:55,5.10,0.00
158,06/23/2026 00:14:55,5.19,0.00
159,06/23/2026 00:29:55,5.19,0.00
160,06/23/2026 00:44:55,5.19,0.00
161,06/23/2026 00:59:55,5.23,0.00
162,06/23/2026 01:14:55,4.93,0.00
163,06/23/2026 01:29:55,4.97,0.00
164,06/23/2026 01:44:55,5.02,0.00
165,06/23/2026 01:59:55,5.10,0.00
166,06/23/2026 02:14:55,7.25,0.00
167,06/23/2026 02:29:55,7.55,0.00
168,06/23/2026 02:44:55,7.81,0.00
169,06/23/2026 02:59:55,7.81,0.00
170,06/23/2026 03:14:55,7.63,0.00
171,06/23/2026 03:29:55,7.81,0.00
172,06/23/2026 03:44:55,8.06,0.00
173,06/23/2026 03:59:55,8.23,0.68
174,06/23/2026 04:14:55,8.45,4.53
175,06/23/2026 04:29:55,8.45,21.85
176,06/23/2026 04:44:55,8.45,82.84
177,06/23/2026 04:59:55,8.41,219.68
178,06/23/2026 05:14:55,8.41,432.00
179,06/23/2026 05:29:55,8.45,801.92
180,06/23/2026 05:44:55,8.49,1167.04
181,06/23/2026 05:59:55,8.49,1760.64
182,06/23/2026 06:14:55,8.45,2161.92
183,06/23/2026 06:29:55,8.49,3663.36
184,06/23/2026 06:44:55,8.53,4302.08
185,06/23/2026 06:59:55,8.66,5180.16
186,06/23/2026 07:14:55,8.66,6699.52
187,06/23/2026 07:29:55,8.75,7994.88
188,06/23/2026 07:44:55,8.83,13593.60
189,06/23/2026 07:59:55,8.88,12774.40
190,06/23/2026 08:14:55,9.05,20817.92
191,06/23/2026 08:29:55,9.22,21278.72
192,06/23/2026 08:44:55,9.35,14878.72
193,06/23/2026 08:59:55,9.52,22026.24
194,06/23/2026 09:14:55,9.69,23982.08
195,06/23/2026 09:29:55,9.86,25620.48
196,06/23/2026 09:44:55,10.08,30863.36
197,06/23/2026 09:59:55,10.16,33648.64
198,06/23/2026 10:14:55,10.29,25354.24
199,06/23/2026 10:29:55,10.55,28846.08
200,06/23/2026 10:44:55,10.68,40202.24
201,06/23/2026 10:59:55,10.89,42455.04
202,06/23/2026 11:14:55,11.02,55848.96
203,06/23/2026 11:29:55,11.19,30494.72
204,06/23/2026 11:44:55,11.37,51261.44
205,06/23/2026 11:59:55,11.54,43806.72
206,06/23/2026 12:14:55,11.71,60846.08
207,06/23/2026 12:29:55,12.01,39372.80
208,06/23/2026 12:44:55,12.05,62013.44
209,06/23/2026 12:59:55,12.18,38123.52
210,06/23/2026 13:14:55,12.40,82350.08
211,06/23/2026 13:29:55,12.70,53084.16
212,06/23/2026 13:44:55,12.91,50032.64
213,06/23/2026 13:59:55,13.12,55889.92
214,06/23/2026 14:14:55,13.51,41615.36
215,06/23/2026 14:29:55,14.28,41615.36
216,06/23/2026 14:44:55,14.75,35430.40
217,06/23/2026 14:59:55,15.74,34109.44
218,06/23/2026 15:14:55,14.03,49029.12
219,06/23/2026 15:29:55,13.08,31877.12
220,06/23/2026 15:44:55,12.44,18452.48
221,06/23/2026 15:59:55,12.10,23142.40
222,06/23/2026 16:14:55,11.88,16373.76
223,06/23/2026 16:29:55,11.71,16322.56
224,06/23/2026 16:44:55,11.54,18078.72
225,06/23/2026 16:59:55,11.45,19558.40
226,06/23/2026 17:14:55,11.28,12743.68
227,06/23/2026 17:29:55,11.19,12241.92
228,06/23/2026 17:44:55,11.24,9495.04
229,06/23/2026 17:59:55,11.37,10736.64
230,06/23/2026 18:14:55,11.41,9815.04
231,06/23/2026 18:29:55,11.41,9047.04
232,06/23/2026 18:44:55,11.41,7477.76
233,06/23/2026 18:59:55,11.37,6438.40
234,06/23/2026 19:14:55,11.37,5552.64
235,06/23/2026 19:29:55,11.45,4719.36
236,06/23/2026 19:44:55,11.32,3916.80
237,06/23/2026 19:59:55,11.32,2917.12
238,06/23/2026 20:14:55,11.24,2337.92
239,06/23/2026 20:29:55,11.28,1896.96
240,06/23/2026 20:44:55,11.37,1400.96
241,06/23/2026 20:59:55,9.35,886.72
242,06/23/2026 21:14:55,7.38,519.52
243,06/23/2026 21:29:55,6.65,294.48
244,06/23/2026 21:44:55,5.57,132.16
245,06/23/2026 21:59:55,5.27,45.44
246,06/23/2026 22:14:55,5.32,10.65
247,06/23/2026 22:29:55,5.70,1.58
248,06/23/2026 22:44:55,6.09,0.00
249,06/23/2026 22:59:55,6.52,0.00
250,06/23/2026 23:14:55,6.60,0.00
251,06/23/2026 23:29:55,6.82,0.00
252,06/23/2026 23:44:55,7.20,0.00
253,06/23/2026 23:59:55,7.25,0.00
254,06/24/2026 00:14:55,7.55,0.00
255,06/24/2026 00:29:55,7.76,0.00
256,06/24/2026 00:44:55,7.93,0.00
257,06/24/2026 00:59:55,7.72,0.00
258,06/24/2026 01:14:55,8.15,0.00
259,06/24/2026 01:29:55,8.36,0.00
260,06/24/2026 01:44:55,8.41,0.00
261,06/24/2026 01:59:55,8.53,0.00
262,06/24/2026 02:14:55,8.49,0.00
263,06/24/2026 02:29:55,8.36,0.00
264,06/24/2026 02:44:55,8.19,0.00
265,06/24/2026 02:59:55,7.81,0.00
266,06/24/2026 03:14:55,7.55,0.00
267,06/24/2026 03:29:55,7.46,0.00
268,06/24/2026 03:44:55,7.68,0.22
269,06/24/2026 03:59:55,7.72,0.68
270,06/24/2026 04:14:55,7.63,6.12
271,06/24/2026 04:29:55,7.38,29.58
272,06/24/2026 04:44:55,7.72,107.56
273,06/24/2026 04:59:55,8.53,287.20
274,06/24/2026 05:14:55,8.75,564.00
275,06/24/2026 05:29:55,8.83,951.04
276,06/24/2026 05:44:55,8.88,1448.96
277,06/24/2026 05:59:55,8.83,2010.88
278,06/24/2026 06:14:55,8.92,2819.84
279,06/24/2026 06:29:55,8.96,3975.68
280,06/24/2026 06:44:55,9.05,4990.72
281,06/24/2026 06:59:55,9.18,6120.96
282,06/24/2026 07:14:55,9.26,7667.20
283,06/24/2026 07:29:55,9.44,9003.52
284,06/24/2026 07:44:55,9.39,9205.76
285,06/24/2026 07:59:55,9.39,10839.04
286,06/24/2026 08:14:55,9.61,11315.20
287,06/24/2026 08:29:55,9.99,10309.12
288,06/24/2026 08:44:55,10.25,16911.36
289,06/24/2026 08:59:55,10.38,23736.32
290,06/24/2026 09:14:55,10.46,20725.76
291,06/24/2026 09:29:55,10.64,28866.56
292,06/24/2026 09:44:55,11.07,27002.88
293,06/24/2026 09:59:55,11.07,29798.40
294,06/24/2026 10:14:55,11.07,38676.48
295,06/24/2026 10:29:55,11.62,34222.08
296,06/24/2026 10:44:55,12.74,37109.76
297,06/24/2026 10:59:55,13.34,37007.36
298,06/24/2026 11:14:55,13.68,43233.28
299,06/24/2026 11:29:55,13.98,51322.88
300,06/24/2026 11:44:55,14.11,47882.24
301,06/24/2026 11:59:55,14.33,40837.12
302,06/24/2026 12:14:55,14.71,53288.96
303,06/24/2026 12:29:55,15.01,47636.48
304,06/24/2026 12:44:55,15.06,49500.16
305,06/24/2026 12:59:55,15.57,53596.16
306,06/24/2026 13:14:55,15.74,61194.24
307,06/24/2026 13:29:55,16.08,52408.32
308,06/24/2026 13:44:55,16.13,57528.32
309,06/24/2026 13:59:55,16.21,41492.48
310,06/24/2026 14:14:55,16.47,39915.52
311,06/24/2026 14:29:55,16.69,37683.20
312,06/24/2026 14:44:55,17.33,35962.88
313,06/24/2026 14:59:55,17.20,40488.96
314,06/24/2026 15:14:55,17.33,38727.68
315,06/24/2026 15:29:55,17.24,38901.76
316,06/24/2026 15:44:55,16.86,27648.00
317,06/24/2026 15:59:55,17.41,23162.88
318,06/24/2026 16:14:55,19.09,18626.56
319,06/24/2026 16:29:55,18.70,17484.80
320,06/24/2026 16:44:55,18.27,16276.48
321,06/24/2026 16:59:55,17.16,15580.16
322,06/24/2026 17:14:55,16.17,12851.20
323,06/24/2026 17:29:55,15.36,15749.12
324,06/24/2026 17:44:55,14.97,11402.24
325,06/24/2026 17:59:55,14.33,11448.32
326,06/24/2026 18:14:55,13.85,12282.88
327,06/24/2026 18:29:55,13.55,9771.52
328,06/24/2026 18:44:55,13.08,7936.00
329,06/24/2026 18:59:55,12.70,5962.24
330,06/24/2026 19:14:55,12.48,5936.64
331,06/24/2026 19:29:55,12.35,4142.08
332,06/24/2026 19:44:55,12.27,3358.72
333,06/24/2026 19:59:55,12.18,2855.68
334,06/24/2026 20:14:55,12.18,2600.96
335,06/24/2026 20:29:55,12.10,1938.56
336,06/24/2026 20:44:55,12.31,1471.36
337,06/24/2026 20:59:55,12.48,1038.08
338,06/24/2026 21:14:55,12.65,630.72
339,06/24/2026 21:29:55,12.78,353.60
340,06/24/2026 21:44:55,12.91,150.40
341,06/24/2026 21:59:55,11.84,50.04
342,06/24/2026 22:14:55,8.71,11.78
343,06/24/2026 22:29:55,7.12,2.04
344,06/24/2026 22:44:55,6.86,0.00
345,06/24/2026 22:59:55,7.16,0.00
346,06/24/2026 23:14:55,7.29,0.00
347,06/24/2026 23:29:55,7.72,0.00
348,06/24/2026 23:44:55,8.32,0.00
349,06/24/2026 23:59:55,9.48,0.00
350,06/25/2026 00:14:55,9.82,0.22
351,06/25/2026 00:29:55,8.75,0.00
352,06/25/2026 00:44:55,9.01,0.00
353,06/25/2026 00:59:55,9.82,0.00
354,06/25/2026 01:14:55,10.29,0.00
355,06/25/2026 01:29:55,10.29,0.00
356,06/25/2026 01:44:55,10.38,0.00
357,06/25/2026 01:59:55,10.59,0.00
358,06/25/2026 02:14:55,10.77,0.00
359,06/25/2026 02:29:55,10.81,0.00
360,06/25/2026 02:44:55,10.89,0.00
361,06/25/2026 02:59:55,11.02,0.00
362,06/25/2026 03:14:55,11.15,0.00
363,06/25/2026 03:29:55,11.02,0.00
364,06/25/2026 03:44:55,11.15,0.00
365,06/25/2026 03:59:55,11.24,0.90
366,06/25/2026 04:14:55,10.94,6.12
367,06/25/2026 04:29:55,10.85,28.68
368,06/25/2026 04:44:55,10.29,104.96
369,06/25/2026 04:59:55,9.91,260.88
370,06/25/2026 05:14:55,9.39,490.56
371,06/25/2026 05:29:55,9.31,802.56
372,06/25/2026 05:44:55,9.95,1150.72
373,06/25/2026 05:59:55,9.99,1583.36
374,06/25/2026 06:14:55,9.95,2129.28
375,06/25/2026 06:29:55,10.59,2986.24
376,06/25/2026 06:44:55,11.11,3910.40
377,06/25/2026 06:59:55,11.37,5143.04
378,06/25/2026 07:14:55,11.54,5941.76
379,06/25/2026 07:29:55,11.67,5555.20
380,06/25/2026 07:44:55,11.84,7260.16
381,06/25/2026 07:59:55,12.01,8916.48
382,06/25/2026 08:14:55,12.14,10222.08
383,06/25/2026 08:29:55,12.35,10163.20
384,06/25/2026 08:44:55,12.52,11248.64
385,06/25/2026 08:59:55,12.70,14146.56
386,06/25/2026 09:14:55,12.82,12600.32
387,06/25/2026 09:29:55,12.95,16076.80
388,06/25/2026 09:44:55,13.04,16163.84
389,06/25/2026 09:59:55,13.25,18442.24
390,06/25/2026 10:14:55,13.34,26501.12
391,06/25/2026 10:29:55,13.38,22968.32
392,06/25/2026 10:44:55,13.55,28364.80
393,06/25/2026 10:59:55,13.77,23664.64
394,06/25/2026 11:14:55,14.11,30259.20
395,06/25/2026 11:29:55,14.93,29972.48
396,06/25/2026 11:44:55,15.61,30136.32
397,06/25/2026 11:59:55,16.08,42803.20
398,06/25/2026 12:14:55,16.77,29736.96
399,06/25/2026 12:29:55,18.32,36505.60
400,06/25/2026 12:44:55,16.69,33474.56
401,06/25/2026 12:59:55,17.46,45240.32
402,06/25/2026 13:14:55,18.23,30013.44
403,06/25/2026 13:29:55,18.62,39321.60
404,06/25/2026 13:44:55,19.00,30187.52
405,06/25/2026 13:59:55,17.50,33392.64
406,06/25/2026 14:14:55,18.02,29542.40
407,06/25/2026 14:29:55,18.40,31928.32
408,06/25/2026 14:44:55,17.29,35399.68
409,06/25/2026 14:59:55,16.47,24422.40
410,06/25/2026 15:14:55,16.04,27822.08
411,06/25/2026 15:29:55,15.40,22364.16
412,06/25/2026 15:44:55,15.36,22415.36
413,06/25/2026 15:59:55,16.04,19051.52
414,06/25/2026 16:14:55,19.05,20049.92
415,06/25/2026 16:29:55,20.33,17346.56
416,06/25/2026 16:44:55,20.72,14202.88
417,06/25/2026 16:59:55,20.55,12282.88
418,06/25/2026 17:14:55,19.05,12083.20
419,06/25/2026 17:29:55,17.76,13404.16
420,06/25/2026 17:44:55,16.94,11729.92
421,06/25/2026 17:59:55,16.43,9902.08
422,06/25/2026 18:14:55,16.00,10424.32
423,06/25/2026 18:29:55,15.61,8624.64
424,06/25/2026 18:44:55,15.40,6848.00
425,06/25/2026 18:59:55,15.31,6033.92
426,06/25/2026 19:14:55,15.14,5150.72
427,06/25/2026 19:29:55,15.14,4482.56
428,06/25/2026 19:44:55,15.01,3772.16
429,06/25/2026 19:59:55,14.97,2997.76
430,06/25/2026 20:14:55,14.80,2827.52
431,06/25/2026 20:29:55,14.41,1962.24
432,06/25/2026 20:44:55,14.24,1370.88
433,06/25/2026 20:59:55,14.20,926.72
434,06/25/2026 21:14:55,14.28,572.64
435,06/25/2026 21:29:55,14.28,288.16
436,06/25/2026 21:44:55,14.41,106.56
437,06/25/2026 21:59:55,14.54,36.33
438,06/25/2026 22:14:55,14.67,7.25
439,06/25/2026 22:29:55,14.75,0.90
440,06/25/2026 22:44:55,14.33,0.00
441,06/25/2026 22:59:55,9.44,0.00
442,06/25/2026 23:14:55,7.42,0.00
443,06/25/2026 23:29:55,8.28,0.00
444,06/25/2026 23:44:55,11.32,0.00
445,06/25/2026 23:59:55,12.95,0.00
446,06/26/2026 00:14:55,9.65,0.00
447,06/26/2026 00:29:55,9.44,0.00
448,06/26/2026 00:44:55,11.41,0.00
449,06/26/2026 00:59:55,11.75,0.00
450,06/26/2026 01:14:55,11.92,0.00
451,06/26/2026 01:29:55,12.18,0.00
452,06/26/2026 01:44:55,12.65,0.00
453,06/26/2026 01:59:55,13.08,0.00
454,06/26/2026 02:14:55,13.73,0.00
455,06/26/2026 02:29:55,13.68,0.00
456,06/26/2026 02:44:55,13.81,0.00
457,06/26/2026 02:59:55,13.94,0.00
458,06/26/2026 03:14:55,14.07,0.00
459,06/26/2026 03:29:55,14.37,0.00
460,06/26/2026 03:44:55,14.45,0.00
461,06/26/2026 03:59:55,14.63,0.45
462,06/26/2026 04:14:55,14.63,5.21
463,06/26/2026 04:29:55,14.58,26.86
464,06/26/2026 04:44:55,14.50,99.40
465,06/26/2026 04:59:55,14.37,257.28
466,06/26/2026 05:14:55,14.24,513.60
467,06/26/2026 05:29:55,14.11,879.68
468,06/26/2026 05:44:55,13.94,1372.80
469,06/26/2026 05:59:55,13.73,1803.52
470,06/26/2026 06:14:55,13.43,2506.24
471,06/26/2026 06:29:55,13.47,3092.48
472,06/26/2026 06:44:55,13.34,3793.92
473,06/26/2026 06:59:55,13.04,4628.48
474,06/26/2026 07:14:55,12.57,5473.28
475,06/26/2026 07:29:55,12.35,9082.88
476,06/26/2026 07:44:55,12.35,12963.84
477,06/26/2026 07:59:55,12.48,12656.64
478,06/26/2026 08:14:55,12.74,15129.60
479,06/26/2026 08:29:55,13.00,13859.84
480,06/26/2026 08:44:55,13.34,20085.76
481,06/26/2026 08:59:55,13.55,17223.68
482,06/26/2026 09:14:55,13.81,19799.04
483,06/26/2026 09:29:55,14.07,23869.44
484,06/26/2026 09:44:55,14.28,30883.84
485,06/26/2026 09:59:55,14.45,24309.76
486,06/26/2026 10:14:55,14.63,24186.88
487,06/26/2026 10:29:55,14.75,22876.16
488,06/26/2026 10:44:55,14.93,26071.04
489,06/26/2026 10:59:55,15.10,21350.40
490,06/26/2026 11:14:55,15.23,22927.36
491,06/26/2026 11:29:55,15.31,46837.76
492,06/26/2026 11:44:55,15.57,33976.32
493,06/26/2026 11:59:55,15.83,41338.88
494,06/26/2026 12:14:55,16.17,34140.16
495,06/26/2026 12:29:55,16.30,34672.64
496,06/26/2026 12:44:55,16.56,37908.48
497,06/26/2026 12:59:55,16.90,38748.16
498,06/26/2026 13:14:55,17.11,35287.04
499,06/26/2026 13:29:55,17.37,40478.72
500,06/26/2026 13:44:55,17.63,34519.04
501,06/26/2026 13:59:55,17.72,34099.20
502,06/26/2026 14:14:55,17.54,30208.00
503,06/26/2026 14:29:55,17.41,33003.52
504,06/26/2026 14:44:55,17.46,26757.12
505,06/26/2026 14:59:55,16.34,8320.00
506,06/26/2026 15:14:55,15.96,8138.24
507,06/26/2026 15:29:55,15.53,4951.04
508,06/26/2026 15:44:55,13.98,2526.08
509,06/26/2026 15:59:55,14.37,1808.00
510,06/26/2026 16:14:55,14.97,2888.96
511,06/26/2026 16:29:55,14.20,2745.60
512,06/26/2026 16:44:55,13.64,4403.20
513,06/26/2026 16:59:55,13.25,4395.52
514,06/26/2026 17:14:55,12.87,3888.64
515,06/26/2026 17:29:55,12.91,4399.36
516,06/26/2026 17:44:55,13.47,4389.12
517,06/26/2026 17:59:55,14.88,6003.20
518,06/26/2026 18:14:55,16.99,5967.36
519,06/26/2026 18:29:55,18.23,7639.04
520,06/26/2026 18:44:55,18.44,6371.84
521,06/26/2026 18:59:55,17.29,3530.24
522,06/26/2026 19:14:55,16.64,4842.24
523,06/26/2026 19:29:55,16.30,2557.44
524,06/26/2026 19:44:55,16.08,2388.48
525,06/26/2026 19:59:55,15.70,1166.08
526,06/26/2026 20:14:55,15.40,352.00
527,06/26/2026 20:29:55,15.23,234.40
528,06/26/2026 20:44:55,15.14,294.72
529,06/26/2026 20:59:55,15.44,324.64
530,06/26/2026 21:14:55,15.48,228.96
531,06/26/2026 21:29:55,15.57,77.48
532,06/26/2026 21:44:55,15.61,32.76
533,06/26/2026 21:59:55,15.61,10.88
534,06/26/2026 22:14:55,15.61,2.04
535,06/26/2026 22:29:55,15.61,0.45
536,06/26/2026 22:44:55,15.53,0.00
537,06/26/2026 22:59:55,15.48,0.00
538,06/26/2026 23:14:55,15.44,0.22
539,06/26/2026 23:29:55,15.40,0.00
540,06/26/2026 23:44:55,15.48,0.00
541,06/26/2026 23:59:55,15.44,0.00
542,06/27/2026 00:14:55,15.57,0.00
543,06/27/2026 00:29:55,15.57,0.00
544,06/27/2026 00:44:55,15.53,0.00
545,06/27/2026 00:59:55,15.44,0.00
546,06/27/2026 01:14:55,15.48,0.00
547,06/27/2026 01:29:55,15.57,0.00
548,06/27/2026 01:44:55,15.53,0.00
549,06/27/2026 01:59:55,15.53,0.00
550,06/27/2026 02:14:55,15.53,0.00
551,06/27/2026 02:29:55,15.48,0.00
552,06/27/2026 02:44:55,15.48,0.00
553,06/27/2026 02:59:55,15.53,0.00
554,06/27/2026 03:14:55,15.48,0.00
555,06/27/2026 03:29:55,15.40,0.00
556,06/27/2026 03:44:55,15.14,0.00
557,06/27/2026 03:59:55,15.06,0.68
558,06/27/2026 04:14:55,14.63,4.53
559,06/27/2026 04:29:55,14.50,25.44
560,06/27/2026 04:44:55,14.41,104.84
561,06/27/2026 04:59:55,14.45,269.12
562,06/27/2026 05:14:55,14.67,456.16
563,06/27/2026 05:29:55,14.75,615.68
564,06/27/2026 05:44:55,14.28,845.12
565,06/27/2026 05:59:55,13.94,1168.96
566,06/27/2026 06:14:55,13.51,1740.16
567,06/27/2026 06:29:55,13.30,2227.20
568,06/27/2026 06:44:55,13.81,3068.16
569,06/27/2026 06:59:55,14.15,3934.72
570,06/27/2026 07:14:55,14.63,4345.60
571,06/27/2026 07:29:55,14.84,5493.76
572,06/27/2026 07:44:55,14.88,6028.80
573,06/27/2026 07:59:55,15.06,6656.00
574,06/27/2026 08:14:55,15.14,7065.60
575,06/27/2026 08:29:55,14.75,7144.96
576,06/27/2026 08:44:55,14.03,6023.68
577,06/27/2026 08:59:55,14.11,6056.96
578,06/27/2026 09:14:55,13.98,6202.88
579,06/27/2026 09:29:55,14.07,6837.76
580,06/27/2026 09:44:55,14.28,7790.08
581,06/27/2026 09:59:55,14.67,7877.12
582,06/27/2026 10:14:55,15.06,10344.96
583,06/27/2026 10:29:55,15.27,11468.80
584,06/27/2026 10:44:55,15.27,12067.84
585,06/27/2026 10:59:55,15.48,14955.52
586,06/27/2026 11:14:55,15.44,16409.60
587,06/27/2026 11:29:55,15.40,17018.88
588,06/27/2026 11:44:55,15.40,11837.44
589,06/27/2026 11:59:55,15.53,14755.84
590,06/27/2026 12:14:55,15.57,17771.52
591,06/27/2026 12:29:55,15.66,18227.20
592,06/27/2026 12:44:55,16.43,31744.00
593,06/27/2026 12:59:55,16.56,32337.92
594,06/27/2026 13:14:55,16.60,36454.40
595,06/27/2026 13:29:55,16.77,33945.60
596,06/27/2026 13:44:55,16.81,32931.84
597,06/27/2026 13:59:55,16.86,28395.52
598,06/27/2026 14:14:55,17.07,30177.28
599,06/27/2026 14:29:55,17.16,29194.24
600,06/27/2026 14:44:55,17.20,29122.56
601,06/27/2026 14:59:55,17.46,27330.56
602,06/27/2026 15:14:55,17.67,27996.16
603,06/27/2026 15:29:55,17.76,23654.40
604,06/27/2026 15:44:55,17.80,26091.52
605,06/27/2026 15:59:55,17.93,36198.40
606,06/27/2026 16:14:55,17.67,19363.84
607,06/27/2026 16:29:55,17.89,24401.92
608,06/27/2026 16:44:55,17.76,14602.24
609,06/27/2026 16:59:55,18.06,18918.40
610,06/27/2026 17:14:55,17.84,14464.00
611,06/27/2026 17:29:55,18.19,14013.44
612,06/27/2026 17:44:55,18.10,9292.80
613,06/27/2026 17:59:55,18.06,11612.16
614,06/27/2026 18:14:55,17.84,8552.96
615,06/27/2026 18:29:55,18.14,6955.52
616,06/27/2026 18:44:55,19.43,6108.16
617,06/27/2026 18:59:55,19.26,5381.12
618,06/27/2026 19:14:55,19.73,4359.68
619,06/27/2026 19:29:55,20.63,3645.44
620,06/27/2026 19:44:55,21.15,3102.72
621,06/27/2026 19:59:55,20.03,2629.12
622,06/27/2026 20:14:55,18.96,2172.80
623,06/27/2026 20:29:55,18.23,1673.60
624,06/27/2026 20:44:55,17.89,1183.36
625,06/27/2026 20:59:55,17.59,793.92
626,06/27/2026 21:14:55,17.29,460.16
627,06/27/2026 21:29:55,16.90,259.76
628,06/27/2026 21:44:55,16.73,113.00
629,06/27/2026 21:59:55,16.60,32.30
630,06/27/2026 22:14:55,16.51,7.02
631,06/27/2026 22:29:55,16.43,1.13
632,06/27/2026 22:44:55,16.43,0.00
633,06/27/2026 22:59:55,16.39,0.00
634,06/27/2026 23:14:55,16.34,0.00
635,06/27/2026 23:29:55,16.30,0.00
636,06/27/2026 23:44:55,16.30,0.00
637,06/27/2026 23:59:55,16.26,0.00
638,06/28/2026 00:14:55,16.30,0.00
639,06/28/2026 00:29:55,16.30,0.00
640,06/28/2026 00:44:55,16.39,0.00
641,06/28/2026 00:59:55,16.34,0.00
642,06/28/2026 01:14:55,16.39,0.00
643,06/28/2026 01:29:55,16.39,0.00
644,06/28/2026 01:44:55,16.43,0.00
645,06/28/2026 01:59:55,16.43,0.00
646,06/28/2026 02:14:55,16.43,0.00
647,06/28/2026 02:29:55,16.43,0.00
648,06/28/2026 02:44:55,16.47,0.00
649,06/28/2026 02:59:55,16.43,0.22
650,06/28/2026 03:14:55,16.43,0.00
651,06/28/2026 03:29:55,16.43,0.00
652,06/28/2026 03:44:55,16.26,0.00
653,06/28/2026 03:59:55,16.17,0.90
654,06/28/2026 04:14:55,16.04,5.89
655,06/28/2026 04:29:55,16.00,31.00
656,06/28/2026 04:44:55,15.78,122.28
657,06/28/2026 04:59:55,15.74,342.08
658,06/28/2026 05:14:55,15.66,694.08
659,06/28/2026 05:29:55,15.66,1266.88
660,06/28/2026 05:44:55,15.74,1967.36
661,06/28/2026 05:59:55,15.66,2794.24
662,06/28/2026 06:14:55,15.78,3877.12
663,06/28/2026 06:29:55,15.78,5139.20
664,06/28/2026 06:44:55,15.91,6302.72
665,06/28/2026 06:59:55,15.06,7695.36
666,06/28/2026 07:14:55,15.53,8204.80
667,06/28/2026 07:29:55,15.91,8857.60
668,06/28/2026 07:44:55,16.86,9756.16
669,06/28/2026 07:59:55,17.24,10705.92
670,06/28/2026 08:14:55,17.33,7503.36
671,06/28/2026 08:29:55,17.20,10040.32
672,06/28/2026 08:44:55,17.50,9866.24
673,06/28/2026 08:59:55,17.54,12948.48
674,06/28/2026 09:14:55,17.11,13992.96
675,06/28/2026 09:29:55,16.39,15032.32
676,06/28/2026 09:44:55,16.56,17351.68
677,06/28/2026 09:59:55,16.81,17213.44
678,06/28/2026 10:14:55,17.16,19179.52
679,06/28/2026 10:29:55,17.50,19138.56
680,06/28/2026 10:44:55,17.93,21299.20
681,06/28/2026 10:59:55,18.27,22671.36
682,06/28/2026 11:14:55,18.44,25671.68
683,06/28/2026 11:29:55,18.57,28395.52
684,06/28/2026 11:44:55,18.92,25292.80
685,06/28/2026 11:59:55,19.00,23541.76
686,06/28/2026 12:14:55,19.22,26613.76
687,06/28/2026 12:29:55,19.43,24586.24
688,06/28/2026 12:44:55,19.60,25978.88
689,06/28/2026 12:59:55,19.69,32829.44
690,06/28/2026 13:14:55,20.03,31160.32
691,06/28/2026 13:29:55,20.25,25415.68
692,06/28/2026 13:44:55,20.29,23521.28
693,06/28/2026 13:59:55,20.33,19855.36
694,06/28/2026 14:14:55,20.46,28835.84
695,06/28/2026 14:29:55,20.76,30423.04
696,06/28/2026 14:44:55,20.68,24340.48
697,06/28/2026 14:59:55,20.80,23828.48
698,06/28/2026 15:14:55,20.85,26183.68
699,06/28/2026 15:29:55,20.93,19957.76
700,06/28/2026 15:44:55,20.98,24289.28
701,06/28/2026 15:59:55,21.15,19368.96
702,06/28/2026 16:14:55,21.06,7797.76
703,06/28/2026 16:29:55,21.36,16711.68
704,06/28/2026 16:44:55,21.45,15088.64
705,06/28/2026 16:59:55,21.49,13885.44
706,06/28/2026 17:14:55,21.40,11520.00
707,06/28/2026 17:29:55,20.80,12605.44
708,06/28/2026 17:44:55,20.50,9313.28
709,06/28/2026 17:59:55,19.95,9344.00
710,06/28/2026 18:14:55,19.73,7603.20
711,06/28/2026 18:29:55,19.99,6387.20
712,06/28/2026 18:44:55,19.77,6016.00
713,06/28/2026 18:59:55,19.82,3985.92
714,06/28/2026 19:14:55,20.33,3982.08
715,06/28/2026 19:29:55,20.76,3312.64
716,06/28/2026 19:44:55,20.93,2025.60
717,06/28/2026 19:59:55,21.49,1619.20
718,06/28/2026 20:14:55,21.96,1204.16
719,06/28/2026 20:29:55,22.52,743.36
720,06/28/2026 20:44:55,20.37,1016.32
721,06/28/2026 20:59:55,19.00,690.88
722,06/28/2026 21:14:55,18.66,429.28
723,06/28/2026 21:29:55,18.32,217.84
724,06/28/2026 21:44:55,18.14,86.48
725,06/28/2026 21:59:55,17.84,24.79
726,06/28/2026 22:14:55,17.67,5.44
727,06/28/2026 22:29:55,17.50,0.90
728,06/28/2026 22:44:55,17.41,0.00
729,06/28/2026 22:59:55,17.20,0.00
730,06/28/2026 23:14:55,17.11,0.00
731,06/28/2026 23:29:55,16.94,0.00
732,06/28/2026 23:44:55,16.73,0.00
733,06/28/2026 23:59:55,16.64,0.00
734,06/29/2026 00:14:55,16.81,0.00
735,06/29/2026 00:29:55,16.86,0.00
736,06/29/2026 00:44:55,16.86,0.00
737,06/29/2026 00:59:55,16.86,0.00
738,06/29/2026 01:14:55,16.86,0.00
739,06/29/2026 01:29:55,16.90,0.00
740,06/29/2026 01:44:55,16.90,0.00
741,06/29/2026 01:59:55,16.86,0.00
742,06/29/2026 02:14:55,16.90,0.00
743,06/29/2026 02:29:55,16.86,0.00
744,06/29/2026 02:44:55,16.81,0.00
745,06/29/2026 02:59:55,16.77,0.00
746,06/29/2026 03:14:55,16.77,0.00
747,06/29/2026 03:29:55,16.69,0.00
748,06/29/2026 03:44:55,16.64,0.00
749,06/29/2026 03:59:55,16.60,0.45
750,06/29/2026 04:14:55,16.47,2.26
751,06/29/2026 04:29:55,16.43,14.31
752,06/29/2026 04:44:55,16.34,60.98
753,06/29/2026 04:59:55,16.17,168.72
754,06/29/2026 05:14:55,16.00,463.84
755,06/29/2026 05:29:55,15.87,764.80
756,06/29/2026 05:44:55,16.17,1346.56
757,06/29/2026 05:59:55,16.13,2310.40
758,06/29/2026 06:14:55,15.66,2216.32
759,06/29/2026 06:29:55,16.08,3310.08
760,06/29/2026 06:44:55,15.78,4185.60
761,06/29/2026 06:59:55,16.21,5882.88
762,06/29/2026 07:14:55,16.34,6533.12
763,06/29/2026 07:29:55,16.39,5139.20
764,06/29/2026 07:44:55,16.47,5798.40
765,06/29/2026 07:59:55,17.07,6528.00
766,06/29/2026 08:14:55,16.99,203.52
767,06/29/2026 08:29:55,17.54,1176.00
768,06/29/2026 08:44:55,17.80,3407.36
769,06/29/2026 08:59:55,18.32,9728.00
770,06/29/2026 09:14:55,18.10,8327.68
771,06/29/2026 09:29:55,18.27,11765.76
772,06/29/2026 09:44:55,18.27,7651.84
773,06/29/2026 09:59:55,17.63,8102.40
774,06/29/2026 10:14:55,17.41,9177.60
775,06/29/2026 10:29:55,17.72,13588.48
776,06/29/2026 10:44:55,17.67,8785.92
777,06/29/2026 10:59:55,18.27,12533.76
778,06/29/2026 11:14:55,18.23,14131.20
779,06/29/2026 11:29:55,17.97,10618.88
780,06/29/2026 11:44:55,18.02,8081.92
781,06/29/2026 11:59:55,18.23,8501.76
782,06/29/2026 12:14:55,19.17,11504.64
783,06/29/2026 12:29:55,18.92,14597.12
784,06/29/2026 12:44:55,18.83,13455.36
785,06/29/2026 12:59:55,18.79,7413.76
786,06/29/2026 13:14:55,18.66,6248.96
787,06/29/2026 13:29:55,18.74,7129.60
788,06/29/2026 13:44:55,18.74,6597.12
789,06/29/2026 13:59:55,18.70,4867.84
790,06/29/2026 14:14:55,18.74,5690.88
791,06/29/2026 14:29:55,18.83,6228.48
792,06/29/2026 14:44:55,18.66,5309.44
793,06/29/2026 14:59:55,18.53,5693.44
794,06/29/2026 15:14:55,18.49,6241.28
795,06/29/2026 15:29:55,18.53,4747.52
796,06/29/2026 15:44:55,18.57,4885.76
797,06/29/2026 15:59:55,18.53,5934.08
798,06/29/2026 16:14:55,18.57,4588.80
799,06/29/2026 16:29:55,18.74,1697.28
800,06/29/2026 16:44:55,18.66,1562.24
801,06/29/2026 16:59:55,19.05,1678.08
802,06/29/2026 17:14:55,19.26,1546.24
803,06/29/2026 17:29:55,19.22,1281.28
804,06/29/2026 17:44:55,19.35,1302.08
805,06/29/2026 17:59:55,19.52,1944.32
806,06/29/2026 18:14:55,19.69,3284.48
807,06/29/2026 18:29:55,19.73,2749.44
808,06/29/2026 18:44:55,19.60,2081.92
809,06/29/2026 18:59:55,19.47,1158.08
810,06/29/2026 19:14:55,19.47,1416.32
811,06/29/2026 19:29:55,19.43,606.56
812,06/29/2026 19:44:55,19.39,716.16
813,06/29/2026 19:59:55,19.39,365.92
814,06/29/2026 20:14:55,19.35,386.88
815,06/29/2026 20:29:55,19.22,537.76
816,06/29/2026 20:44:55,19.05,259.12
817,06/29/2026 20:59:55,18.92,88.40
818,06/29/2026 21:14:55,18.74,24.57
819,06/29/2026 21:29:55,18.53,26.41
820,06/29/2026 21:44:55,17.29,8.84
821,06/29/2026 21:59:55,14.20,2.94
822,06/29/2026 22:14:55,11.41,1.13
823,06/29/2026 22:29:55,9.61,0.00
824,06/29/2026 22:44:55,9.14,0.00
825,06/29/2026 22:59:55,9.01,0.00
826,06/29/2026 23:14:55,9.01,0.00
827,06/29/2026 23:29:55,9.56,0.00
828,06/29/2026 23:44:55,9.74,0.00
829,06/29/2026 23:59:55,10.72,0.00
830,06/30/2026 00:14:55,12.01,0.00
831,06/30/2026 00:29:55,14.15,0.00
832,06/30/2026 00:44:55,15.36,0.22
833,06/30/2026 00:59:55,15.83,0.00
834,06/30/2026 01:14:55,15.61,0.00
835,06/30/2026 01:29:55,15.06,0.00
836,06/30/2026 01:44:55,15.36,0.00
837,06/30/2026 01:59:55,15.27,0.00
838,06/30/2026 02:14:55,15.31,0.00
839,06/30/2026 02:29:55,14.93,0.00
840,06/30/2026 02:44:55,14.11,0.00
841,06/30/2026 02:59:55,14.58,0.00
842,06/30/2026 03:14:55,15.31,0.00
843,06/30/2026 03:29:55,14.93,0.00
844,06/30/2026 03:44:55,14.80,0.00
845,06/30/2026 03:59:55,15.31,0.00
846,06/30/2026 04:14:55,15.44,1.13
847,06/30/2026 04:29:55,15.57,6.12
848,06/30/2026 04:44:55,15.57,28.22
849,06/30/2026 04:59:55,15.57,56.90
850,06/30/2026 05:14:55,15.57,92.04
851,06/30/2026 05:29:55,15.44,201.76
852,06/30/2026 05:44:55,15.48,223.52
853,06/30/2026 05:59:55,15.57,888.64
854,06/30/2026 06:14:55,15.61,992.00
855,06/30/2026 06:29:55,15.61,1431.68
856,06/30/2026 06:44:55,15.57,637.44
857,06/30/2026 06:59:55,15.57,1000.96
858,06/30/2026 07:14:55,15.74,3728.64
859,06/30/2026 07:29:55,15.78,5071.36
860,06/30/2026 07:44:55,15.83,6369.28
861,06/30/2026 07:59:55,15.83,8691.20
862,06/30/2026 08:14:55,16.30,14085.12
863,06/30/2026 08:29:55,16.56,18744.32
864,06/30/2026 08:44:55,15.87,9953.28
865,06/30/2026 08:59:55,15.70,7651.84
866,06/30/2026 09:14:55,15.70,7362.56
867,06/30/2026 09:29:55,15.44,4921.60
868,06/30/2026 09:44:55,15.48,5103.36
869,06/30/2026 09:59:55,15.48,3371.52
870,06/30/2026 10:14:55,16.08,12753.92
871,06/30/2026 10:29:55,16.39,12200.96
872,06/30/2026 10:44:55,16.73,15016.96
873,06/30/2026 10:59:55,16.69,7116.80
874,06/30/2026 11:14:55,16.43,6978.56
875,06/30/2026 11:29:55,13.73,8312.32
876,06/30/2026 11:44:55,12.78,10792.96
877,06/30/2026 11:59:55,12.82,10675.20
878,06/30/2026 12:14:55,12.61,6097.92
879,06/30/2026 12:29:55,12.61,5593.60
880,06/30/2026 12:44:55,12.78,8414.72
881,06/30/2026 12:59:55,12.87,6912.00
882,06/30/2026 13:14:55,12.95,6561.28
883,06/30/2026 13:29:55,13.08,5980.16
884,06/30/2026 13:44:55,13.04,4719.36
885,06/30/2026 13:59:55,13.25,3750.40
886,06/30/2026 14:14:55,13.34,3692.80
887,06/30/2026 14:29:55,13.38,2577.28
888,06/30/2026 14:44:55,13.68,2526.08
889,06/30/2026 14:59:55,13.60,2110.72
890,06/30/2026 15:14:55,13.68,1142.40
891,06/30/2026 15:29:55,13.90,1400.96
892,06/30/2026 15:44:55,13.81,1457.92
893,06/30/2026 15:59:55,14.37,1749.12
894,06/30/2026 16:14:55,14.75,5059.84
895,06/30/2026 16:29:55,14.58,5834.24
896,06/30/2026 16:44:55,14.33,3166.72
897,06/30/2026 16:59:55,14.88,5146.88
898,06/30/2026 17:14:55,14.97,5788.16
899,06/30/2026 17:29:55,15.44,4808.96
900,06/30/2026 17:44:55,15.27,2549.76
901,06/30/2026 17:59:55,15.48,3155.20
902,06/30/2026 18:14:55,15.57,1719.04
903,06/30/2026 18:29:55,15.83,2101.76
904,06/30/2026 18:44:55,16.04,2558.72
905,06/30/2026 18:59:55,16.13,2337.92
906,06/30/2026 19:14:55,16.13,2486.40
907,06/30/2026 19:29:55,16.08,2659.84
908,06/30/2026 19:44:55,16.00,1315.84
909,06/30/2026 19:59:55,16.00,702.08
910,06/30/2026 20:14:55,16.00,433.44
911,06/30/2026 20:29:55,15.78,33.21
912,06/30/2026 20:44:55,15.83,103.04
913,06/30/2026 20:59:55,16.21,75.14
914,06/30/2026 21:14:55,16.21,55.48
915,06/30/2026 21:29:55,16.26,71.46
916,06/30/2026 21:44:55,16.08,33.66
917,06/30/2026 21:59:55,14.33,17.23
918,06/30/2026 22:14:55,12.95,2.72
919,06/30/2026 22:29:55,12.01,0.22
920,06/30/2026 22:44:55,10.85,0.00
921,06/30/2026 22:59:55,10.38,0.00
922,06/30/2026 23:14:55,10.25,0.00
923,06/30/2026 23:29:55,10.38,0.00
924,06/30/2026 23:44:55,10.55,0.00
925,06/30/2026 23:59:55,10.68,0.00
926,07/01/2026 00:14:55,10.85,0.00
927,07/01/2026 00:29:55,10.89,0.00
928,07/01/2026 00:44:55,11.11,0.00
929,07/01/2026 00:59:55,11.11,0.00
930,07/01/2026 01:14:55,11.19,0.00
931,07/01/2026 01:29:55,11.37,0.00
932,07/01/2026 01:44:55,11.32,0.00
933,07/01/2026 01:59:55,11.24,0.00
934,07/01/2026 02:14:55,11.28,0.00
935,07/01/2026 02:29:55,11.24,0.00
936,07/01/2026 02:44:55,11.28,0.00
937,07/01/2026 02:59:55,11.32,0.00
938,07/01/2026 03:14:55,11.28,0.00
939,07/01/2026 03:29:55,11.28,0.00
940,07/01/2026 03:44:55,11.84,0.00
941,07/01/2026 03:59:55,12.14,0.00
942,07/01/2026 04:14:55,12.31,1.13
943,07/01/2026 04:29:55,12.35,9.06
944,07/01/2026 04:44:55,12.31,37.23
945,07/01/2026 04:59:55,12.57,94.76
946,07/01/2026 05:14:55,12.52,248.88
947,07/01/2026 05:29:55,12.78,588.96
948,07/01/2026 05:44:55,12.61,783.36
949,07/01/2026 05:59:55,12.82,1017.28
950,07/01/2026 06:14:55,12.78,1799.68
951,07/01/2026 06:29:55,12.82,1619.20
952,07/01/2026 06:44:55,12.95,972.80
953,07/01/2026 06:59:55,12.95,1101.76
954,07/01/2026 07:14:55,13.00,3077.12
955,07/01/2026 07:29:55,13.08,3388.16
956,07/01/2026 07:44:55,13.21,4298.24
957,07/01/2026 07:59:55,13.17,2003.84
958,07/01/2026 08:14:55,13.38,5977.60
959,07/01/2026 08:29:55,13.55,5908.48
960,07/01/2026 08:44:55,13.55,5944.32
961,07/01/2026 08:59:55,13.55,6172.16
962,07/01/2026 09:14:55,13.77,7805.44
963,07/01/2026 09:29:55,13.77,6638.08
964,07/01/2026 09:44:55,13.85,5226.24
965,07/01/2026 09:59:55,13.81,946.56
966,07/01/2026 10:14:55,14.37,7651.84
967,07/01/2026 10:29:55,14.58,8217.60
968,07/01/2026 10:44:55,13.90,4373.76
969,07/01/2026 10:59:55,13.81,4120.32
970,07/01/2026 11:14:55,14.11,4037.12
971,07/01/2026 11:29:55,14.41,4199.68
972,07/01/2026 11:44:55,14.67,4381.44
973,07/01/2026 11:59:55,14.84,3536.64
974,07/01/2026 12:14:55,15.10,3772.16
975,07/01/2026 12:29:55,15.18,3667.20
976,07/01/2026 12:44:55,15.18,1642.24
977,07/01/2026 12:59:55,15.36,5701.12
978,07/01/2026 13:14:55,15.61,4355.84
979,07/01/2026 13:29:55,15.91,3993.60
980,07/01/2026 13:44:55,16.17,19886.08
981,07/01/2026 13:59:55,16.34,20183.04
982,07/01/2026 14:14:55,16.39,21073.92
983,07/01/2026 14:29:55,16.39,17085.44
984,07/01/2026 14:44:55,16.47,15605.76
985,07/01/2026 14:59:55,16.64,19594.24
986,07/01/2026 15:14:55,16.64,7429.12
987,07/01/2026 15:29:55,16.81,11765.76
988,07/01/2026 15:44:55,16.99,11146.24
989,07/01/2026 15:59:55,14.45,11264.00
990,07/01/2026 16:14:55,11.49,12830.72
991,07/01/2026 16:29:55,9.52,10972.16
992,07/01/2026 16:44:55,9.48,14151.68
993,07/01/2026 16:59:55,10.08,7956.48
994,07/01/2026 17:14:55,10.64,12078.08
995,07/01/2026 17:29:55,11.02,8596.48
996,07/01/2026 17:44:55,11.54,5268.48
997,07/01/2026 17:59:55,11.84,5089.28
998,07/01/2026 18:14:55,11.88,3699.20
999,07/01/2026 18:29:55,12.05,2595.20
1000,07/01/2026 18:44:55,12.48,1329.28
1001,07/01/2026 18:59:55,12.61,1665.92
1002,07/01/2026 19:14:55,12.70,1605.12
1003,07/01/2026 19:29:55,12.82,1431.68
1004,07/01/2026 19:44:55,12.82,1415.04
1005,07/01/2026 19:59:55,12.78,914.88
1006,07/01/2026 20:14:55,12.82,784.32
1007,07/01/2026 20:29:55,12.82,629.28
1008,07/01/2026 20:44:55,12.82,549.12
1009,07/01/2026 20:59:55,12.61,263.44
1010,07/01/2026 21:14:55,12.52,159.48
1011,07/01/2026 21:29:55,12.40,54.12
1012,07/01/2026 21:44:55,12.22,25.67
1013,07/01/2026 21:59:55,13.38,6.57
1014,07/01/2026 22:14:55,14.97,0.90
1015,07/01/2026 22:29:55,14.63,0.00
1016,07/01/2026 22:44:55,13.68,0.00
1017,07/01/2026 22:59:55,13.64,0.00
1018,07/01/2026 23:14:55,13.81,0.00
1019,07/01/2026 23:29:55,13.60,0.00
1020,07/01/2026 23:44:55,13.34,0.00
1021,07/01/2026 23:59:55,13.30,0.00
1022,07/02/2026 00:14:55,13.21,0.00
1023,07/02/2026 00:29:55,13.17,0.00
1024,07/02/2026 00:44:55,13.00,0.00
1025,07/02/2026 00:59:55,12.95,0.00
1026,07/02/2026 01:14:55,13.00,0.00
1027,07/02/2026 01:29:55,13.00,0.00
1028,07/02/2026 01:44:55,12.95,0.00
1029,07/02/2026 01:59:55,12.91,0.00
1030,07/02/2026 02:14:55,12.91,0.00
1031,07/02/2026 02:29:55,12.70,0.00
1032,07/02/2026 02:44:55,12.78,0.00
1033,07/02/2026 02:59:55,12.78,0.00
1034,07/02/2026 03:14:55,12.78,0.00
1035,07/02/2026 03:29:55,12.74,0.00
1036,07/02/2026 03:44:55,12.74,0.00
1037,07/02/2026 03:59:55,12.74,0.00
1038,07/02/2026 04:14:55,12.74,0.90
1039,07/02/2026 04:29:55,12.70,8.38
1040,07/02/2026 04:44:55,12.74,21.34
1041,07/02/2026 04:59:55,12.65,49.58
1042,07/02/2026 05:14:55,12.61,226.24
1043,07/02/2026 05:29:55,12.70,531.84
1044,07/02/2026 05:44:55,12.70,968.32
1045,07/02/2026 05:59:55,12.74,1746.56
1046,07/02/2026 06:14:55,12.78,2542.72
1047,07/02/2026 06:29:55,12.70,1312.64
1048,07/02/2026 06:44:55,12.74,2192.64
1049,07/02/2026 06:59:55,12.65,1319.04
1050,07/02/2026 07:14:55,12.65,758.40
1051,07/02/2026 07:29:55,12.70,1842.56
1052,07/02/2026 07:44:55,12.78,3720.96
1053,07/02/2026 07:59:55,12.82,3558.40
1054,07/02/2026 08:14:55,12.87,3251.20
1055,07/02/2026 08:29:55,13.04,5182.72
1056,07/02/2026 08:44:55,13.25,7572.48
1057,07/02/2026 08:59:55,13.34,7761.92
1058,07/02/2026 09:14:55,13.60,14208.00
1059,07/02/2026 09:29:55,13.55,7856.64
1060,07/02/2026 09:44:55,13.68,8204.80
1061,07/02/2026 09:59:55,14.07,12692.48
1062,07/02/2026 10:14:55,14.11,11735.04
1063,07/02/2026 10:29:55,14.28,7690.24
1064,07/02/2026 10:44:55,14.80,17582.08
1065,07/02/2026 10:59:55,14.93,7987.20
1066,07/02/2026 11:14:55,15.36,4849.92
1067,07/02/2026 11:29:55,14.97,6474.24
1068,07/02/2026 11:44:55,14.50,8481.28
1069,07/02/2026 11:59:55,13.08,6794.24
1070,07/02/2026 12:14:55,12.95,9292.80
1071,07/02/2026 12:29:55,12.61,5276.16
1072,07/02/2026 12:44:55,12.44,5509.12
1073,07/02/2026 12:59:55,12.52,5885.44
1074,07/02/2026 13:14:55,12.61,5201.92
1075,07/02/2026 13:29:55,12.61,3605.76
1076,07/02/2026 13:44:55,12.61,3902.72
1077,07/02/2026 13:59:55,12.57,2421.12
1078,07/02/2026 14:14:55,12.48,1944.32
1079,07/02/2026 14:29:55,12.52,1940.48
1080,07/02/2026 14:44:55,12.61,3242.24
1081,07/02/2026 14:59:55,12.74,4149.76
1082,07/02/2026 15:14:55,12.82,2499.20
1083,07/02/2026 15:29:55,13.00,1110.72
1084,07/02/2026 15:44:55,13.04,321.92
1085,07/02/2026 15:59:55,13.21,550.88
1086,07/02/2026 16:14:55,13.47,559.04
1087,07/02/2026 16:29:55,13.51,2256.00
1088,07/02/2026 16:44:55,13.73,1962.24
1089,07/02/2026 16:59:55,13.55,1596.80
1090,07/02/2026 17:14:55,13.43,1399.68
1091,07/02/2026 17:29:55,13.12,1256.96
1092,07/02/2026 17:44:55,13.08,1324.80
1093,07/02/2026 17:59:55,13.38,1967.36
1094,07/02/2026 18:14:55,13.17,3680.00
1095,07/02/2026 18:29:55,13.00,2950.40
1096,07/02/2026 18:44:55,12.74,1438.08
1097,07/02/2026 18:59:55,12.65,617.44
1098,07/02/2026 19:14:55,12.52,770.56
1099,07/02/2026 19:29:55,12.40,530.08
1100,07/02/2026 19:44:55,12.35,631.20
1101,07/02/2026 19:59:55,12.44,1207.68
1102,07/02/2026 20:14:55,12.44,837.76
1103,07/02/2026 20:29:55,12.48,700.48
1104,07/02/2026 20:44:55,12.44,607.52
1105,07/02/2026 20:59:55,12.57,361.12
1106,07/02/2026 21:14:55,12.61,131.16
1107,07/02/2026 21:29:55,12.70,51.40
1108,07/02/2026 21:44:55,12.74,45.44
1109,07/02/2026 21:59:55,13.08,12.92
1110,07/02/2026 22:14:55,13.47,2.04
1111,07/02/2026 22:29:55,13.77,0.00
1112,07/02/2026 22:44:55,13.51,0.00
1113,07/02/2026 22:59:55,13.47,0.00
1114,07/02/2026 23:14:55,13.17,0.00
1115,07/02/2026 23:29:55,13.12,0.00
1116,07/02/2026 23:44:55,13.17,0.00
1117,07/02/2026 23:59:55,13.12,0.00
1118,07/03/2026 00:14:55,13.17,0.00
1119,07/03/2026 00:29:55,13.25,0.00
1120,07/03/2026 00:44:55,13.34,0.00
1121,07/03/2026 00:59:55,13.38,0.00
1122,07/03/2026 01:14:55,13.38,0.00
1123,07/03/2026 01:29:55,13.43,0.00
1124,07/03/2026 01:44:55,13.43,0.00
1125,07/03/2026 01:59:55,13.43,0.00
1126,07/03/2026 02:14:55,13.38,0.00
1127,07/03/2026 02:29:55,13.43,0.00
1128,07/03/2026 02:44:55,13.38,0.00
1129,07/03/2026 02:59:55,13.34,0.00
1130,07/03/2026 03:14:55,13.38,0.00
1131,07/03/2026 03:29:55,13.34,0.00
1132,07/03/2026 03:44:55,13.25,0.00
1133,07/03/2026 03:59:55,13.17,0.00
1134,07/03/2026 04:14:55,13.12,0.00
1135,07/03/2026 04:29:55,13.00,0.68
1136,07/03/2026 04:44:55,12.91,3.40
1137,07/03/2026 04:59:55,12.74,9.97
1138,07/03/2026 05:14:55,12.57,17.45
1139,07/03/2026 05:29:55,12.40,34.57
1140,07/03/2026 05:44:55,12.18,43.18
1141,07/03/2026 05:59:55,12.10,57.40
1142,07/03/2026 06:14:55,11.92,62.90
1143,07/03/2026 06:29:55,12.01,116.76
1144,07/03/2026 06:44:55,11.92,190.64
1145,07/03/2026 06:59:55,11.92,233.52
1146,07/03/2026 07:14:55,11.92,412.48
1147,07/03/2026 07:29:55,12.10,735.36
1148,07/03/2026 07:44:55,12.22,668.16
1149,07/03/2026 07:59:55,12.22,780.80
1150,07/03/2026 08:14:55,12.31,576.64
1151,07/03/2026 08:29:55,12.40,237.12
1152,07/03/2026 08:44:55,12.57,4776.96
1153,07/03/2026 08:59:55,12.57,1179.84
1154,07/03/2026 09:14:55,12.74,4142.08
1155,07/03/2026 09:29:55,12.87,3801.60
1156,07/03/2026 09:44:55,12.82,4654.08
1157,07/03/2026 09:59:55,12.91,3873.28
1158,07/03/2026 10:14:55,12.95,4268.80
1159,07/03/2026 10:29:55,13.08,5263.36
1160,07/03/2026 10:44:55,13.21,6295.04
1161,07/03/2026 10:59:55,13.68,9648.64
1162,07/03/2026 11:14:55,13.73,6883.84
1163,07/03/2026 11:29:55,13.73,7690.24
1164,07/03/2026 11:44:55,13.77,5501.44
1165,07/03/2026 11:59:55,13.73,4167.68
1166,07/03/2026 12:14:55,13.73,5798.40
1167,07/03/2026 12:29:55,13.73,8102.40
1168,07/03/2026 12:44:55,13.73,9241.60
1169,07/03/2026 12:59:55,13.77,9569.28
1170,07/03/2026 13:14:55,13.77,8660.48
1171,07/03/2026 13:29:55,13.55,4620.80
1172,07/03/2026 13:44:55,13.47,3829.76
1173,07/03/2026 13:59:55,13.25,2493.44
1174,07/03/2026 14:14:55,13.12,1749.76
1175,07/03/2026 14:29:55,13.08,3088.64
1176,07/03/2026 14:44:55,13.00,2941.44
1177,07/03/2026 14:59:55,13.00,3102.72
1178,07/03/2026 15:14:55,12.95,2227.20
1179,07/03/2026 15:29:55,12.87,1792.00
1180,07/03/2026 15:44:55,12.91,2851.84
1181,07/03/2026 15:59:55,12.87,1237.76
1182,07/03/2026 16:14:55,12.87,1649.92
1183,07/03/2026 16:29:55,12.95,1861.76
1184,07/03/2026 16:44:55,13.00,2275.84
1185,07/03/2026 16:59:55,13.08,2855.68
1186,07/03/2026 17:14:55,13.25,3605.76
1187,07/03/2026 17:29:55,13.34,3543.04
1188,07/03/2026 17:44:55,12.14,3138.56
1189,07/03/2026 17:59:55,9.82,2593.28
1190,07/03/2026 18:14:55,8.41,2168.96
1191,07/03/2026 18:29:55,7.72,2375.68
1192,07/03/2026 18:44:55,7.59,2560.64
1193,07/03/2026 18:59:55,7.59,837.76
1194,07/03/2026 19:14:55,7.59,780.80
1195,07/03/2026 19:29:55,7.46,934.72
1196,07/03/2026 19:44:55,7.29,744.32
1197,07/03/2026 19:59:55,7.33,858.56
1198,07/03/2026 20:14:55,7.38,783.36
1199,07/03/2026 20:29:55,7.33,497.76
1200,07/03/2026 20:44:55,7.33,404.80
1201,07/03/2026 20:59:55,7.29,264.56
1202,07/03/2026 21:14:55,7.29,185.20
1203,07/03/2026 21:29:55,7.33,95.64
1204,07/03/2026 21:44:55,7.38,44.60
1205,07/03/2026 21:59:55,7.38,12.72
1206,07/03/2026 22:14:55,7.76,2.49
1207,07/03/2026 22:29:55,8.45,0.22
1208,07/03/2026 22:44:55,10.38,0.00
1209,07/03/2026 22:59:55,11.28,0.00
1210,07/03/2026 23:14:55,11.28,0.22
1211,07/03/2026 23:29:55,11.24,0.00
1212,07/03/2026 23:44:55,11.19,0.00
1213,07/03/2026 23:59:55,11.24,0.00
1214,07/04/2026 00:14:55,11.24,0.00
1215,07/04/2026 00:29:55,11.28,0.00
1216,07/04/2026 00:44:55,11.24,0.00
1217,07/04/2026 00:59:55,11.24,0.00
1218,07/04/2026 01:14:55,11.24,0.00
1219,07/04/2026 01:29:55,11.24,0.00
1220,07/04/2026 01:44:55,11.15,0.00
1221,07/04/2026 01:59:55,11.15,0.00
1222,07/04/2026 02:14:55,11.11,0.00
1223,07/04/2026 02:29:55,11.07,0.00
1224,07/04/2026 02:44:55,11.02,0.00
1225,07/04/2026 02:59:55,10.98,0.00
1226,07/04/2026 03:14:55,10.98,0.00
1227,07/04/2026 03:29:55,10.94,0.00
1228,07/04/2026 03:44:55,10.89,0.00
1229,07/04/2026 03:59:55,10.89,0.00
1230,07/04/2026 04:14:55,10.85,0.00
1231,07/04/2026 04:29:55,10.81,2.04
1232,07/04/2026 04:44:55,10.72,12.01
1233,07/04/2026 04:59:55,10.68,37.74
1234,07/04/2026 05:14:55,10.68,88.40
1235,07/04/2026 05:29:55,10.59,174.00
1236,07/04/2026 05:44:55,10.55,318.08
1237,07/04/2026 05:59:55,10.25,392.80
1238,07/04/2026 06:14:55,9.26,534.08
1239,07/04/2026 06:29:55,8.06,712.96
1240,07/04/2026 06:44:55,7.81,949.44
1241,07/04/2026 06:59:55,7.89,1032.00
1242,07/04/2026 07:14:55,7.68,1587.84
1243,07/04/2026 07:29:55,7.46,2252.16
1244,07/04/2026 07:44:55,7.50,2094.72
1245,07/04/2026 07:59:55,7.72,4512.00
1246,07/04/2026 08:14:55,7.76,3147.52
1247,07/04/2026 08:29:55,7.81,3484.16
1248,07/04/2026 08:44:55,7.98,5593.60
1249,07/04/2026 08:59:55,8.06,6753.28
1250,07/04/2026 09:14:55,8.23,3978.24
1251,07/04/2026 09:29:55,8.41,6097.92
1252,07/04/2026 09:44:55,8.62,4968.96
1253,07/04/2026 09:59:55,9.31,3971.84
1254,07/04/2026 10:14:55,9.26,2955.52
1255,07/04/2026 10:29:55,10.46,14684.16
1256,07/04/2026 10:44:55,11.28,14371.84
1257,07/04/2026 10:59:55,11.11,21299.20
1258,07/04/2026 11:14:55,11.67,25559.04
1259,07/04/2026 11:29:55,12.27,20776.96
1260,07/04/2026 11:44:55,13.47,25518.08
1261,07/04/2026 11:59:55,13.30,17530.88
1262,07/04/2026 12:14:55,13.12,16788.48
1263,07/04/2026 12:29:55,13.00,15559.68
1264,07/04/2026 12:44:55,12.91,23930.88
1265,07/04/2026 12:59:55,12.70,14668.80
1266,07/04/2026 13:14:55,12.57,14059.52
1267,07/04/2026 13:29:55,12.57,12267.52
1268,07/04/2026 13:44:55,12.52,10588.16
1269,07/04/2026 13:59:55,12.40,16599.04
1270,07/04/2026 14:14:55,12.44,11535.36
1271,07/04/2026 14:29:55,12.48,20096.00
1272,07/04/2026 14:44:55,12.61,14970.88
1273,07/04/2026 14:59:55,12.57,11909.12
1274,07/04/2026 15:14:55,12.65,11560.96
1275,07/04/2026 15:29:55,12.78,15365.12
1276,07/04/2026 15:44:55,12.91,13813.76
1277,07/04/2026 15:59:55,13.08,15677.44
1278,07/04/2026 16:14:55,13.12,12011.52
1279,07/04/2026 16:29:55,13.30,8711.68
1280,07/04/2026 16:44:55,13.30,7833.60
1281,07/04/2026 16:59:55,13.47,13900.80
1282,07/04/2026 17:14:55,13.55,12241.92
1283,07/04/2026 17:29:55,13.51,13859.84
1284,07/04/2026 17:44:55,13.60,13240.32
1285,07/04/2026 17:59:55,13.60,7344.64
1286,07/04/2026 18:14:55,13.85,7316.48
1287,07/04/2026 18:29:55,14.03,6737.92
1288,07/04/2026 18:44:55,14.11,5216.00
1289,07/04/2026 18:59:55,14.03,5772.80
1290,07/04/2026 19:14:55,12.18,6576.64
1291,07/04/2026 19:29:55,10.64,3594.24
1292,07/04/2026 19:44:55,9.99,3468.80
1293,07/04/2026 19:59:55,9.56,2506.24
1294,07/04/2026 20:14:55,9.26,1816.96
1295,07/04/2026 20:29:55,9.31,1481.60
1296,07/04/2026 20:44:55,9.35,1173.44
1297,07/04/2026 20:59:55,9.35,790.08
1298,07/04/2026 21:14:55,9.31,435.68
1299,07/04/2026 21:29:55,9.39,237.12
1300,07/04/2026 21:44:55,9.48,92.04
1301,07/04/2026 21:59:55,9.52,23.21
1302,07/04/2026 22:14:55,9.48,4.53
1303,07/04/2026 22:29:55,9.31,0.68
1304,07/04/2026 22:44:55,9.56,0.00
1305,07/04/2026 22:59:55,9.78,0.00
1306,07/04/2026 23:14:55,9.99,0.00
1307,07/04/2026 23:29:55,10.64,0.00
1308,07/04/2026 23:44:55,12.05,0.00
1309,07/04/2026 23:59:55,12.82,0.00
1310,07/05/2026 00:14:55,13.00,0.00
1311,07/05/2026 00:29:55,11.67,0.00
1312,07/05/2026 00:44:55,10.68,0.00
1313,07/05/2026 00:59:55,10.68,0.00
1314,07/05/2026 01:14:55,10.85,0.00
1315,07/05/2026 01:29:55,10.94,0.00
1316,07/05/2026 01:44:55,10.98,0.00
1317,07/05/2026 01:59:55,10.94,0.00
1318,07/05/2026 02:14:55,10.98,0.00
1319,07/05/2026 02:29:55,11.02,0.00
1320,07/05/2026 02:44:55,11.02,0.00
1321,07/05/2026 02:59:55,11.02,0.00
1322,07/05/2026 03:14:55,11.02,0.00
1323,07/05/2026 03:29:55,10.98,0.00
1324,07/05/2026 03:44:55,10.98,0.00
1325,07/05/2026 03:59:55,10.98,0.22
1326,07/05/2026 04:14:55,10.89,0.90
1327,07/05/2026 04:29:55,10.94,5.44
1328,07/05/2026 04:44:55,10.89,27.26
1329,07/05/2026 04:59:55,10.89,91.12
1330,07/05/2026 05:14:55,10.94,216.96
1331,07/05/2026 05:29:55,10.89,424.80
1332,07/05/2026 05:44:55,10.89,776.00
1333,07/05/2026 05:59:55,10.94,1181.44
1334,07/05/2026 06:14:55,11.02,1813.76
1335,07/05/2026 06:29:55,11.02,2464.64
1336,07/05/2026 06:44:55,11.07,3173.12
1337,07/05/2026 06:59:55,11.15,3390.72
1338,07/05/2026 07:14:55,11.28,7004.16
1339,07/05/2026 07:29:55,11.32,7057.92
1340,07/05/2026 07:44:55,11.45,8458.24
1341,07/05/2026 07:59:55,11.67,9996.80
1342,07/05/2026 08:14:55,11.88,11581.44
1343,07/05/2026 08:29:55,12.10,11991.04
1344,07/05/2026 08:44:55,12.44,20464.64
1345,07/05/2026 08:59:55,12.95,18493.44
1346,07/05/2026 09:14:55,13.30,17930.24
1347,07/05/2026 09:29:55,13.60,22128.64
1348,07/05/2026 09:44:55,14.20,22077.44
1349,07/05/2026 09:59:55,14.58,31989.76
1350,07/05/2026 10:14:55,15.06,38819.84
1351,07/05/2026 10:29:55,15.36,33771.52
1352,07/05/2026 10:44:55,15.57,44441.60
1353,07/05/2026 10:59:55,15.87,45547.52
1354,07/05/2026 11:14:55,15.96,43683.84
1355,07/05/2026 11:29:55,16.21,46837.76
1356,07/05/2026 11:44:55,16.43,56709.12
1357,07/05/2026 11:59:55,16.56,45178.88
1358,07/05/2026 12:14:55,15.53,168.72
1359,07/05/2026 12:29:55,16.00,24565.76
1360,07/05/2026 12:44:55,16.39,33146.88
1361,07/05/2026 12:59:55,16.64,26675.20
1362,07/05/2026 13:14:55,16.81,26726.40
1363,07/05/2026 13:29:55,17.29,20382.72
1364,07/05/2026 13:44:55,18.06,21934.08
1365,07/05/2026 13:59:55,19.60,17955.84
1366,07/05/2026 14:14:55,17.50,20582.40
1367,07/05/2026 14:29:55,16.08,22620.16
1368,07/05/2026 14:44:55,15.40,17146.88
1369,07/05/2026 14:59:55,15.14,20495.36
1370,07/05/2026 15:14:55,14.97,13511.68
1371,07/05/2026 15:29:55,15.06,13209.60
1372,07/05/2026 15:44:55,15.27,22538.24
1373,07/05/2026 15:59:55,15.36,24463.36
1374,07/05/2026 16:14:55,15.31,12968.96
1375,07/05/2026 16:29:55,15.44,18268.16
1376,07/05/2026 16:44:55,15.74,14945.28
1377,07/05/2026 16:59:55,15.74,3485.44
1378,07/05/2026 17:14:55,15.78,3354.88
1379,07/05/2026 17:29:55,15.96,2912.00
1380,07/05/2026 17:44:55,16.34,7820.80
1381,07/05/2026 17:59:55,16.43,5729.28
1382,07/05/2026 18:14:55,16.60,8378.88
1383,07/05/2026 18:29:55,16.60,8343.04
1384,07/05/2026 18:44:55,16.60,6789.12
1385,07/05/2026 18:59:55,16.64,5216.00
1386,07/05/2026 19:14:55,16.60,5146.88
1387,07/05/2026 19:29:55,16.56,4616.96
1388,07/05/2026 19:44:55,16.47,3960.32
1389,07/05/2026 19:59:55,16.43,4062.72
1390,07/05/2026 20:14:55,16.30,2618.88
1391,07/05/2026 20:29:55,16.34,1975.04
1392,07/05/2026 20:44:55,16.21,1762.56
1393,07/05/2026 20:59:55,16.13,1038.08
1394,07/05/2026 21:14:55,16.04,632.96
1395,07/05/2026 21:29:55,15.96,310.08
1396,07/05/2026 21:44:55,15.87,111.20
1397,07/05/2026 21:59:55,15.87,31.40
1398,07/05/2026 22:14:55,15.83,6.57
1399,07/05/2026 22:29:55,15.70,1.13
1400,07/05/2026 22:44:55,15.70,0.45
1401,07/05/2026 22:59:55,15.66,0.00
1402,07/05/2026 23:14:55,15.57,0.00
1403,07/05/2026 23:29:55,15.53,0.00
1404,07/05/2026 23:44:55,15.40,0.00
1405,07/05/2026 23:59:55,15.40,0.00
1406,07/06/2026 00:14:55,15.27,0.00
1407,07/06/2026 00:29:55,15.27,0.00
1408,07/06/2026 00:44:55,15.18,0.00
1409,07/06/2026 00:59:55,15.10,0.00
1410,07/06/2026 01:14:55,14.97,0.00
1411,07/06/2026 01:29:55,14.84,0.00
1412,07/06/2026 01:44:55,14.80,0.00
1413,07/06/2026 01:59:55,14.63,0.00
1414,07/06/2026 02:14:55,14.58,0.00
1415,07/06/2026 02:29:55,15.10,0.00
1416,07/06/2026 02:44:55,15.23,0.00
1417,07/06/2026 02:59:55,14.97,0.00
1418,07/06/2026 03:14:55,14.63,0.00
1419,07/06/2026 03:29:55,14.24,0.00
1420,07/06/2026 03:44:55,14.03,0.00
1421,07/06/2026 03:59:55,13.85,0.00
1422,07/06/2026 04:14:55,13.68,0.68
1423,07/06/2026 04:29:55,13.64,6.80
1424,07/06/2026 04:44:55,13.64,35.87
1425,07/06/2026 04:59:55,13.55,131.24
1426,07/06/2026 05:14:55,13.51,326.64
1427,07/06/2026 05:29:55,13.51,642.08
1428,07/06/2026 05:44:55,13.55,1109.12
1429,07/06/2026 05:59:55,13.51,1651.20
1430,07/06/2026 06:14:55,13.47,2448.00
1431,07/06/2026 06:29:55,13.43,3493.12
1432,07/06/2026 06:44:55,13.43,4494.08
1433,07/06/2026 06:59:55,13.51,6781.44
1434,07/06/2026 07:14:55,13.73,8161.28
1435,07/06/2026 07:29:55,17.29,21217.28
1436,07/06/2026 07:44:55,17.80,22548.48
1437,07/06/2026 07:59:55,17.97,25026.56
1438,07/06/2026 08:14:55,18.70,26429.44
1439,07/06/2026 08:29:55,17.97,27013.12
1440,07/06/2026 08:44:55,19.09,27207.68
1441,07/06/2026 08:59:55,21.15,26132.48
1442,07/06/2026 09:14:55,22.78,25569.28
1443,07/06/2026 09:29:55,23.85,25835.52
1444,07/06/2026 09:44:55,23.68,27146.24
1445,07/06/2026 09:59:55,24.41,28047.36
1446,07/06/2026 10:14:55,24.15,28907.52
1447,07/06/2026 10:29:55,24.79,29829.12
1448,07/06/2026 10:44:55,26.47,30740.48
1449,07/06/2026 10:59:55,26.47,31477.76
1450,07/06/2026 11:14:55,26.90,31703.04
1451,07/06/2026 11:29:55,27.93,32501.76
1452,07/06/2026 11:44:55,28.23,32747.52
1453,07/06/2026 11:59:55,28.44,33617.92
1454,07/06/2026 12:14:55,28.10,34467.84
1455,07/06/2026 12:29:55,27.63,35153.92
1456,07/06/2026 12:44:55,29.21,35164.16
1457,07/06/2026 12:59:55,24.62,41287.68
1458,07/06/2026 13:14:55,20.07,20930.56
1459,07/06/2026 13:29:55,18.70,1147.84
1460,07/06/2026 13:44:55,19.22,28887.04
1461,07/06/2026 13:59:55,18.23,23756.80
1462,07/06/2026 14:14:55,17.03,1110.72
1463,07/06/2026 14:29:55,17.11,1756.16
1464,07/06/2026 14:44:55,17.20,1094.40
1465,07/06/2026 14:59:55,17.76,2161.92
1466,07/06/2026 15:14:55,17.89,2288.64
1467,07/06/2026 15:29:55,18.96,18877.44
1468,07/06/2026 15:44:55,18.74,6978.56
1469,07/06/2026 15:59:55,19.13,10844.16
1470,07/06/2026 16:14:55,19.95,12006.40
1471,07/06/2026 16:29:55,20.29,12108.80
1472,07/06/2026 16:44:55,20.25,11750.40
1473,07/06/2026 16:59:55,20.76,10480.64
1474,07/06/2026 17:14:55,20.76,6077.44
1475,07/06/2026 17:29:55,19.82,8821.76
1476,07/06/2026 17:44:55,20.46,7585.28
1477,07/06/2026 17:59:55,20.85,9182.72
1478,07/06/2026 18:14:55,20.85,5926.40
1479,07/06/2026 18:29:55,20.68,6684.16
1480,07/06/2026 18:44:55,22.43,6300.16
1481,07/06/2026 18:59:55,22.56,5642.24
1482,07/06/2026 19:14:55,23.51,4903.68
1483,07/06/2026 19:29:55,23.98,4349.44
1484,07/06/2026 19:44:55,23.94,3659.52
1485,07/06/2026 19:59:55,24.45,2597.12
1486,07/06/2026 20:14:55,24.84,1701.12
1487,07/06/2026 20:29:55,25.05,1207.68
1488,07/06/2026 20:44:55,24.45,1082.56
1489,07/06/2026 20:59:55,23.38,719.04
1490,07/06/2026 21:14:55,23.12,459.04
1491,07/06/2026 21:29:55,23.08,248.24
1492,07/06/2026 21:44:55,22.43,94.88
1493,07/06/2026 21:59:55,22.99,24.11
1494,07/06/2026 22:14:55,22.56,4.30
1495,07/06/2026 22:29:55,22.78,0.90
1496,07/06/2026 22:44:55,23.03,0.00
1497,07/06/2026 22:59:55,23.59,0.00
1498,07/06/2026 23:14:55,22.91,0.00
1499,07/06/2026 23:29:55,22.95,0.00
1500,07/06/2026 23:44:55,22.82,0.00
1501,07/06/2026 23:59:55,22.73,0.00
1502,07/07/2026 00:14:55,22.43,0.00
1503,07/07/2026 00:29:55,22.43,0.00
1504,07/07/2026 00:44:55,21.92,0.00
1505,07/07/2026 00:59:55,21.10,0.00
1506,07/07/2026 01:14:55,20.42,0.00
1507,07/07/2026 01:29:55,19.90,0.00
1508,07/07/2026 01:44:55,20.12,0.00
1509,07/07/2026 01:59:55,20.63,0.00
1510,07/07/2026 02:14:55,20.59,0.00
1511,07/07/2026 02:29:55,20.37,0.00
1512,07/07/2026 02:44:55,19.47,0.00
1513,07/07/2026 02:59:55,20.85,0.00
1514,07/07/2026 03:14:55,20.89,0.00
1515,07/07/2026 03:29:55,20.72,0.00
1516,07/07/2026 03:44:55,20.89,0.00
1517,07/07/2026 03:59:55,20.63,0.00
1518,07/07/2026 04:14:55,20.50,0.00
1519,07/07/2026 04:29:55,19.73,3.17
1520,07/07/2026 04:44:55,19.65,17.03
1521,07/07/2026 04:59:55,19.35,60.58
1522,07/07/2026 05:14:55,19.47,145.88
1523,07/07/2026 05:29:55,19.43,260.00
1524,07/07/2026 05:44:55,19.05,423.20
1525,07/07/2026 05:59:55,18.40,392.16
1526,07/07/2026 06:14:55,18.02,583.52
1527,07/07/2026 06:29:55,17.84,1094.40
1528,07/07/2026 06:44:55,17.76,1203.20
1529,07/07/2026 06:59:55,17.67,2364.80
1530,07/07/2026 07:14:55,17.24,2448.00
1531,07/07/2026 07:29:55,16.90,1996.80
1532,07/07/2026 07:44:55,16.60,2103.68
1533,07/07/2026 07:59:55,16.64,3795.20
1534,07/07/2026 08:14:55,16.56,6830.08
1535,07/07/2026 08:29:55,16.43,6686.72
1536,07/07/2026 08:44:55,16.51,8865.28
1537,07/07/2026 08:59:55,16.47,14289.92
1538,07/07/2026 09:14:55,16.81,21391.36
1539,07/07/2026 09:29:55,17.50,32675.84
1540,07/07/2026 09:44:55,17.50,22568.96
1541,07/07/2026 09:59:55,18.19,29102.08
1542,07/07/2026 10:14:55,17.97,20654.08
1543,07/07/2026 10:29:55,18.79,33894.40
1544,07/07/2026 10:44:55,18.19,29808.64
1545,07/07/2026 10:59:55,17.59,15559.68
1546,07/07/2026 11:14:55,20.37,48148.48
1547,07/07/2026 11:29:55,18.62,21104.64
1548,07/07/2026 11:44:55,18.14,9126.40
1549,07/07/2026 11:59:55,18.10,20121.60
1550,07/07/2026 12:14:55,19.22,55603.20
1551,07/07/2026 12:29:55,19.86,57077.76
1552,07/07/2026 12:44:55,20.12,63365.12
1553,07/07/2026 12:59:55,20.16,49827.84
1554,07/07/2026 13:14:55,19.90,50749.44
1555,07/07/2026 13:29:55,19.43,42885.12
1556,07/07/2026 13:44:55,19.05,37591.04
1557,07/07/2026 13:59:55,18.87,34662.40
1558,07/07/2026 14:14:55,19.09,25927.68
1559,07/07/2026 14:29:55,19.35,22220.80
1560,07/07/2026 14:44:55,20.50,19522.56
1561,07/07/2026 14:59:55,21.36,22886.40
1562,07/07/2026 15:14:55,21.88,19476.48
1563,07/07/2026 15:29:55,20.68,19957.76
1564,07/07/2026 15:44:55,19.39,28641.28
1565,07/07/2026 15:59:55,18.79,20853.76
1566,07/07/2026 16:14:55,18.57,17320.96
1567,07/07/2026 16:29:55,18.70,17817.60
1568,07/07/2026 16:44:55,18.70,14371.84
1569,07/07/2026 16:59:55,18.83,11381.76
1570,07/07/2026 17:14:55,18.83,8655.36
1571,07/07/2026 17:29:55,18.83,7080.96
1572,07/07/2026 17:44:55,18.92,820.16
1573,07/07/2026 17:59:55,19.86,12503.04
1574,07/07/2026 18:14:55,20.98,10293.76
1575,07/07/2026 18:29:55,20.25,7564.80
1576,07/07/2026 18:44:55,20.63,5616.64
1577,07/07/2026 18:59:55,20.63,5450.24
1578,07/07/2026 19:14:55,20.20,2649.60
1579,07/07/2026 19:29:55,19.73,3545.60
1580,07/07/2026 19:44:55,19.17,3008.00
1581,07/07/2026 19:59:55,18.27,2542.72
1582,07/07/2026 20:14:55,18.02,2248.96
1583,07/07/2026 20:29:55,17.50,864.00
1584,07/07/2026 20:44:55,17.07,632.48
1585,07/07/2026 20:59:55,16.99,217.20
1586,07/07/2026 21:14:55,17.29,158.56
1587,07/07/2026 21:29:55,17.63,46.86
1588,07/07/2026 21:44:55,17.72,25.70
1589,07/07/2026 21:59:55,17.80,10.42
1590,07/07/2026 22:14:55,17.89,2.72
1591,07/07/2026 22:29:55,17.84,0.45
1592,07/07/2026 22:44:55,17.76,0.00
1593,07/07/2026 22:59:55,17.89,0.00
1594,07/07/2026 23:14:55,17.76,0.00
1595,07/07/2026 23:29:55,17.63,0.00
1596,07/07/2026 23:44:55,17.63,0.00
1597,07/07/2026 23:59:55,17.54,0.00
1598,07/08/2026 00:14:55,17.54,0.00
1599,07/08/2026 00:29:55,17.59,0.00
1600,07/08/2026 00:44:55,16.90,0.00
1601,07/08/2026 00:59:55,17.11,0.00
1602,07/08/2026 01:14:55,17.16,0.00
1603,07/08/2026 01:29:55,17.07,0.00
1604,07/08/2026 01:44:55,16.73,0.00
1605,07/08/2026 01:59:55,16.34,0.00
1606,07/08/2026 02:14:55,16.39,0.00
1607,07/08/2026 02:29:55,16.69,0.00
1608,07/08/2026 02:44:55,17.29,0.00
1609,07/08/2026 02:59:55,17.37,0.00
1610,07/08/2026 03:14:55,17.03,0.00
1611,07/08/2026 03:29:55,16.73,0.00
1612,07/08/2026 03:44:55,16.47,0.00
1613,07/08/2026 03:59:55,16.26,0.00
1614,07/08/2026 04:14:55,16.04,0.22
1615,07/08/2026 04:29:55,15.91,2.72
1616,07/08/2026 04:44:55,15.78,15.44
1617,07/08/2026 04:59:55,15.66,55.48
1618,07/08/2026 05:14:55,15.66,143.96
1619,07/08/2026 05:29:55,15.57,237.76
1620,07/08/2026 05:44:55,15.53,489.60
1621,07/08/2026 05:59:55,15.48,847.68
1622,07/08/2026 06:14:55,15.53,1514.88
1623,07/08/2026 06:29:55,15.53,1617.28
1624,07/08/2026 06:44:55,15.57,1947.52
1625,07/08/2026 06:59:55,15.66,5747.20
1626,07/08/2026 07:14:55,15.61,3616.00
1627,07/08/2026 07:29:55,15.61,2936.32
1628,07/08/2026 07:44:55,15.70,5729.28
1629,07/08/2026 07:59:55,15.74,6387.20
1630,07/08/2026 08:14:55,15.70,5002.24
1631,07/08/2026 08:29:55,16.04,9502.72
1632,07/08/2026 08:44:55,16.04,10900.48
1633,07/08/2026 08:59:55,16.43,23869.44
1634,07/08/2026 09:14:55,16.60,27944.96
1635,07/08/2026 09:29:55,16.81,25241.60
1636,07/08/2026 09:44:55,16.94,28446.72
1637,07/08/2026 09:59:55,16.77,20014.08
1638,07/08/2026 10:14:55,16.86,19261.44
1639,07/08/2026 10:29:55,16.60,13521.92
1640,07/08/2026 10:44:55,16.39,12129.28
1641,07/08/2026 10:59:55,16.17,12113.92
1642,07/08/2026 11:14:55,16.17,12129.28
1643,07/08/2026 11:29:55,16.39,16414.72
1644,07/08/2026 11:44:55,16.26,16865.28
1645,07/08/2026 11:59:55,17.03,43130.88
1646,07/08/2026 12:14:55,17.07,23470.08
1647,07/08/2026 12:29:55,17.46,52060.16
1648,07/08/2026 12:44:55,17.24,16015.36
1649,07/08/2026 12:59:55,17.76,41338.88
1650,07/08/2026 13:14:55,17.93,47636.48
1651,07/08/2026 13:29:55,18.19,14254.08
1652,07/08/2026 13:44:55,18.70,24207.36
1653,07/08/2026 13:59:55,18.62,11504.64
1654,07/08/2026 14:14:55,18.70,26050.56
1655,07/08/2026 14:29:55,18.14,18222.08
1656,07/08/2026 14:44:55,17.76,10828.80
1657,07/08/2026 14:59:55,17.97,19783.68
1658,07/08/2026 15:14:55,17.97,30136.32
1659,07/08/2026 15:29:55,17.63,29829.12
1660,07/08/2026 15:44:55,17.33,18411.52
1661,07/08/2026 15:59:55,17.29,20116.48
1662,07/08/2026 16:14:55,17.24,16322.56
1663,07/08/2026 16:29:55,17.29,18119.68
1664,07/08/2026 16:44:55,17.24,11212.80
1665,07/08/2026 16:59:55,17.20,14842.88
1666,07/08/2026 17:14:55,17.11,11857.92
1667,07/08/2026 17:29:55,16.94,7124.48
1668,07/08/2026 17:44:55,17.03,7943.68
1669,07/08/2026 17:59:55,16.99,6901.76
1670,07/08/2026 18:14:55,17.03,8007.68
1671,07/08/2026 18:29:55,17.16,8742.40
1672,07/08/2026 18:44:55,17.11,6415.36
1673,07/08/2026 18:59:55,17.24,5839.36
1674,07/08/2026 19:14:55,17.29,2981.12
1675,07/08/2026 19:29:55,17.20,1649.92
1676,07/08/2026 19:44:55,15.44,1402.88
1677,07/08/2026 19:59:55,11.75,590.72
1678,07/08/2026 20:14:55,11.45,588.00
1679,07/08/2026 20:29:55,11.49,614.40
1680,07/08/2026 20:44:55,10.94,301.76
1681,07/08/2026 20:59:55,10.94,378.40
1682,07/08/2026 21:14:55,11.67,137.60
1683,07/08/2026 21:29:55,11.62,87.40
1684,07/08/2026 21:44:55,11.02,42.72
1685,07/08/2026 21:59:55,11.32,10.42
1686,07/08/2026 22:14:55,11.67,1.58
1687,07/08/2026 22:29:55,11.75,0.00
1688,07/08/2026 22:44:55,11.88,0.00
1689,07/08/2026 22:59:55,11.92,0.00
1690,07/08/2026 23:14:55,12.14,0.00
1691,07/08/2026 23:29:55,12.35,0.00
1692,07/08/2026 23:44:55,12.35,0.00
1693,07/08/2026 23:59:55,12.44,0.00
1694,07/09/2026 00:14:55,12.35,0.00
1695,07/09/2026 00:29:55,12.18,0.00
1696,07/09/2026 00:44:55,12.18,0.00
1697,07/09/2026 00:59:55,12.18,0.00
1698,07/09/2026 01:14:55,12.01,0.00
1699,07/09/2026 01:29:55,11.92,0.00
1700,07/09/2026 01:44:55,11.84,0.00
1701,07/09/2026 01:59:55,11.71,0.00
1702,07/09/2026 02:14:55,11.45,0.00
1703,07/09/2026 02:29:55,11.19,0.00
1704,07/09/2026 02:44:55,11.84,0.00
1705,07/09/2026 02:59:55,12.27,0.00
1706,07/09/2026 03:14:55,12.57,0.00
1707,07/09/2026 03:29:55,13.17,0.00
1708,07/09/2026 03:44:55,13.94,0.00
1709,07/09/2026 03:59:55,14.50,0.00
1710,07/09/2026 04:14:55,14.71,0.00
1711,07/09/2026 04:29:55,15.01,1.36
1712,07/09/2026 04:44:55,15.10,9.97
1713,07/09/2026 04:59:55,15.01,28.62
1714,07/09/2026 05:14:55,15.01,83.76
1715,07/09/2026 05:29:55,14.93,191.52
1716,07/09/2026 05:44:55,14.75,331.68
1717,07/09/2026 05:59:55,14.71,456.48
1718,07/09/2026 06:14:55,14.67,694.08
1719,07/09/2026 06:29:55,14.67,990.08
1720,07/09/2026 06:44:55,14.63,1194.24
1721,07/09/2026 06:59:55,14.63,1284.80
1722,07/09/2026 07:14:55,14.63,1139.84
1723,07/09/2026 07:29:55,14.63,1513.60
1724,07/09/2026 07:44:55,14.58,1598.72
1725,07/09/2026 07:59:55,14.58,1468.16
1726,07/09/2026 08:14:55,14.58,1777.28
1727,07/09/2026 08:29:55,14.50,3367.68
1728,07/09/2026 08:44:55,14.37,3299.84
1729,07/09/2026 08:59:55,14.33,3225.60
1730,07/09/2026 09:14:55,14.28,3932.16
1731,07/09/2026 09:29:55,14.20,3402.24
1732,07/09/2026 09:44:55,14.11,3808.00
1733,07/09/2026 09:59:55,14.03,4076.80
1734,07/09/2026 10:14:55,13.98,3790.08
1735,07/09/2026 10:29:55,13.85,4240.64
1736,07/09/2026 10:44:55,13.81,5501.44
1737,07/09/2026 10:59:55,13.77,4634.88
1738,07/09/2026 11:14:55,13.68,5182.72
1739,07/09/2026 11:29:55,13.64,4769.28
1740,07/09/2026 11:44:55,13.68,5788.16
1741,07/09/2026 11:59:55,13.68,4939.52
1742,07/09/2026 12:14:55,13.64,5230.08
1743,07/09/2026 12:29:55,13.73,6858.24
1744,07/09/2026 12:44:55,13.77,8785.92
1745,07/09/2026 12:59:55,13.81,7813.12
1746,07/09/2026 13:14:55,13.77,7303.68
1747,07/09/2026 13:29:55,13.85,8043.52
1748,07/09/2026 13:44:55,13.90,9126.40
1749,07/09/2026 13:59:55,13.98,8153.60
1750,07/09/2026 14:14:55,14.07,7856.64
1751,07/09/2026 14:29:55,14.15,8348.16
1752,07/09/2026 14:44:55,14.28,10987.52
1753,07/09/2026 14:59:55,14.28,7900.16
1754,07/09/2026 15:14:55,14.45,5864.96
1755,07/09/2026 15:29:55,14.63,6561.28
1756,07/09/2026 15:44:55,14.54,4700.16
1757,07/09/2026 15:59:55,14.45,4355.84
1758,07/09/2026 16:14:55,14.41,4545.28
1759,07/09/2026 16:29:55,14.41,3494.40
1760,07/09/2026 16:44:55,14.28,4102.40
1761,07/09/2026 16:59:55,14.20,2923.52
1762,07/09/2026 17:14:55,14.07,3029.76
1763,07/09/2026 17:29:55,14.03,2905.60
1764,07/09/2026 17:44:55,13.98,2759.68
1765,07/09/2026 17:59:55,13.94,4519.68
1766,07/09/2026 18:14:55,13.94,5319.68
1767,07/09/2026 18:29:55,13.98,6246.40
1768,07/09/2026 18:44:55,13.94,4846.08
1769,07/09/2026 18:59:55,13.98,5701.12
1770,07/09/2026 19:14:55,13.98,4958.72
1771,07/09/2026 19:29:55,13.94,2749.44
1772,07/09/2026 19:44:55,13.94,2743.04
1773,07/09/2026 19:59:55,13.98,2833.92
1774,07/09/2026 20:14:55,13.98,3354.88
1775,07/09/2026 20:29:55,13.68,1927.68
1776,07/09/2026 20:44:55,13.38,1175.04
1777,07/09/2026 20:59:55,12.91,733.44
1778,07/09/2026 21:14:55,12.48,392.80
1779,07/09/2026 21:29:55,12.22,219.68
1780,07/09/2026 21:44:55,12.35,84.76
1781,07/09/2026 21:59:55,12.18,21.56
1782,07/09/2026 22:14:55,11.97,3.40
1783,07/09/2026 22:29:55,11.97,0.22
1784,07/09/2026 22:44:55,12.01,0.00
1785,07/09/2026 22:59:55,12.10,0.00
1786,07/09/2026 23:14:55,12.14,0.00
1787,07/09/2026 23:29:55,12.14,0.00
1788,07/09/2026 23:44:55,12.31,0.00
1789,07/09/2026 23:59:55,12.18,0.00
1790,07/10/2026 00:14:55,12.10,0.00
1791,07/10/2026 00:29:55,12.01,0.00
1792,07/10/2026 00:44:55,11.92,0.00
1793,07/10/2026 00:59:55,11.84,0.00
1794,07/10/2026 01:14:55,11.79,0.00
1795,07/10/2026 01:29:55,11.88,0.00
1796,07/10/2026 01:44:55,11.92,0.00
1797,07/10/2026 01:59:55,11.84,0.00
1798,07/10/2026 02:14:55,11.67,0.00
1799,07/10/2026 02:29:55,11.49,0.00
1800,07/10/2026 02:44:55,11.28,0.00
1801,07/10/2026 02:59:55,11.19,0.00
1802,07/10/2026 03:14:55,11.15,0.00
1803,07/10/2026 03:29:55,11.07,0.00
1804,07/10/2026 03:44:55,11.11,0.00
1805,07/10/2026 03:59:55,11.11,0.00
1806,07/10/2026 04:14:55,11.15,0.90
1807,07/10/2026 04:29:55,11.19,4.30
1808,07/10/2026 04:44:55,11.37,23.60
1809,07/10/2026 04:59:55,11.49,101.08
1810,07/10/2026 05:14:55,11.92,268.88
1811,07/10/2026 05:29:55,12.10,535.84
1812,07/10/2026 05:44:55,12.14,926.72
1813,07/10/2026 05:59:55,12.18,1392.00
1814,07/10/2026 06:14:55,12.14,2299.52
1815,07/10/2026 06:29:55,12.18,2734.08
1816,07/10/2026 06:44:55,12.18,2457.60
1817,07/10/2026 06:59:55,12.14,2720.00
1818,07/10/2026 07:14:55,12.18,3440.64
1819,07/10/2026 07:29:55,12.18,4512.00
1820,07/10/2026 07:44:55,12.22,5335.04
1821,07/10/2026 07:59:55,12.31,7024.64
1822,07/10/2026 08:14:55,12.31,7856.64
1823,07/10/2026 08:29:55,12.31,8734.72
1824,07/10/2026 08:44:55,12.31,7144.96
1825,07/10/2026 08:59:55,12.70,20853.76
1826,07/10/2026 09:14:55,12.74,29798.40
1827,07/10/2026 09:29:55,12.87,28805.12
1828,07/10/2026 09:44:55,13.00,25774.08
1829,07/10/2026 09:59:55,13.08,31928.32
1830,07/10/2026 10:14:55,13.12,24750.08
1831,07/10/2026 10:29:55,13.04,28631.04
1832,07/10/2026 10:44:55,13.21,37601.28
1833,07/10/2026 10:59:55,13.43,39567.36
1834,07/10/2026 11:14:55,13.64,31805.44
1835,07/10/2026 11:29:55,13.77,34314.24
1836,07/10/2026 11:44:55,13.90,36331.52
1837,07/10/2026 11:59:55,13.94,42762.24
1838,07/10/2026 12:14:55,13.98,44974.08
1839,07/10/2026 12:29:55,14.15,64266.24
1840,07/10/2026 12:44:55,14.37,47534.08
1841,07/10/2026 12:59:55,14.50,51220.48
1842,07/10/2026 13:14:55,14.58,35317.76
1843,07/10/2026 13:29:55,14.75,41615.36
1844,07/10/2026 13:44:55,14.84,32716.80
1845,07/10/2026 13:59:55,15.06,33617.92
1846,07/10/2026 14:14:55,15.36,24637.44
1847,07/10/2026 14:29:55,15.57,40939.52
1848,07/10/2026 14:44:55,16.04,31846.40
1849,07/10/2026 14:59:55,16.30,24668.16
1850,07/10/2026 15:14:55,16.77,30689.28
1851,07/10/2026 15:29:55,17.11,23203.84
1852,07/10/2026 15:44:55,16.94,20756.48
1853,07/10/2026 15:59:55,16.51,18467.84
1854,07/10/2026 16:14:55,16.26,19399.68
1855,07/10/2026 16:29:55,15.91,21698.56
1856,07/10/2026 16:44:55,15.31,14817.28
1857,07/10/2026 16:59:55,15.01,17146.88
1858,07/10/2026 17:14:55,14.84,11770.88
1859,07/10/2026 17:29:55,14.63,12323.84
1860,07/10/2026 17:44:55,14.50,12544.00
1861,07/10/2026 17:59:55,14.37,10915.84
1862,07/10/2026 18:14:55,14.28,7659.52
1863,07/10/2026 18:29:55,14.28,7403.52
1864,07/10/2026 18:44:55,14.20,6405.12
1865,07/10/2026 18:59:55,14.15,5632.00
1866,07/10/2026 19:14:55,14.11,4860.16
1867,07/10/2026 19:29:55,14.11,4994.56
1868,07/10/2026 19:44:55,14.07,3503.36
1869,07/10/2026 19:59:55,14.07,3101.44
1870,07/10/2026 20:14:55,14.03,2379.52
1871,07/10/2026 20:29:55,13.94,1838.72
1872,07/10/2026 20:44:55,13.98,1352.96
1873,07/10/2026 20:59:55,14.11,874.88
1874,07/10/2026 21:14:55,14.24,521.44
1875,07/10/2026 21:29:55,14.03,258.00
1876,07/10/2026 21:44:55,13.81,94.76
1877,07/10/2026 21:59:55,13.60,24.28
1878,07/10/2026 22:14:55,13.21,3.85
1879,07/10/2026 22:29:55,13.12,0.22
1880,07/10/2026 22:44:55,12.87,0.00
1881,07/10/2026 22:59:55,12.74,0.00
1882,07/10/2026 23:14:55,12.65,0.00
1883,07/10/2026 23:29:55,12.61,0.00
1884,07/10/2026 23:44:55,12.57,0.00
1885,07/10/2026 23:59:55,12.44,0.00
1886,07/11/2026 00:14:55,12.44,0.00
1887,07/11/2026 00:29:55,12.40,0.00
1888,07/11/2026 00:44:55,12.40,0.00
1889,07/11/2026 00:59:55,12.35,0.00
1890,07/11/2026 01:14:55,12.35,0.00
1891,07/11/2026 01:29:55,12.40,0.00
1892,07/11/2026 01:44:55,12.22,0.00
1893,07/11/2026 01:59:55,12.27,0.00
1894,07/11/2026 02:14:55,12.18,0.00
1895,07/11/2026 02:29:55,12.01,0.00
1896,07/11/2026 02:44:55,11.97,0.00
1897,07/11/2026 02:59:55,11.92,0.00
1898,07/11/2026 03:14:55,11.88,0.00
1899,07/11/2026 03:29:55,11.88,0.00
1900,07/11/2026 03:44:55,11.88,0.00
1901,07/11/2026 03:59:55,11.75,0.00
1902,07/11/2026 04:14:55,11.58,1.36
1903,07/11/2026 04:29:55,11.58,8.38
1904,07/11/2026 04:44:55,11.58,43.24
1905,07/11/2026 04:59:55,11.49,160.40
1906,07/11/2026 05:14:55,11.41,413.92
1907,07/11/2026 05:29:55,11.49,769.28
1908,07/11/2026 05:44:55,11.49,1250.56
1909,07/11/2026 05:59:55,11.49,1816.96
1910,07/11/2026 06:14:55,11.28,2705.92
1911,07/11/2026 06:29:55,11.19,3619.84
1912,07/11/2026 06:44:55,11.37,4672.00
1913,07/11/2026 06:59:55,12.10,5849.60
1914,07/11/2026 07:14:55,12.40,8570.88
1915,07/11/2026 07:29:55,12.65,8865.28
1916,07/11/2026 07:44:55,12.87,10511.36
1917,07/11/2026 07:59:55,12.95,12431.36
1918,07/11/2026 08:14:55,13.21,13998.08
1919,07/11/2026 08:29:55,13.30,15877.12
1920,07/11/2026 08:44:55,13.38,18237.44
1921,07/11/2026 08:59:55,13.30,18810.88
1922,07/11/2026 09:14:55,13.21,21852.16
1923,07/11/2026 09:29:55,13.47,30433.28
1924,07/11/2026 09:44:55,13.60,25333.76
1925,07/11/2026 09:59:55,13.77,26951.68
1926,07/11/2026 10:14:55,13.73,36188.16
1927,07/11/2026 10:29:55,13.64,34222.08
1928,07/11/2026 10:44:55,13.85,29286.40
1929,07/11/2026 10:59:55,14.37,33628.16
1930,07/11/2026 11:14:55,14.67,29829.12
1931,07/11/2026 11:29:55,15.14,49991.68
1932,07/11/2026 11:44:55,15.40,29634.56
1933,07/11/2026 11:59:55,15.83,61194.24
1934,07/11/2026 12:14:55,16.17,38922.24
1935,07/11/2026 12:29:55,16.51,46981.12
1936,07/11/2026 12:44:55,16.81,36956.16
1937,07/11/2026 12:59:55,16.43,46428.16
1938,07/11/2026 13:14:55,17.24,65925.12
1939,07/11/2026 13:29:55,16.90,50831.36
1940,07/11/2026 13:44:55,17.29,36208.64
1941,07/11/2026 13:59:55,17.46,38850.56
1942,07/11/2026 14:14:55,18.19,40540.16
1943,07/11/2026 14:29:55,18.49,40519.68
1944,07/11/2026 14:44:55,18.32,37447.68
1945,07/11/2026 14:59:55,18.02,33617.92
1946,07/11/2026 15:14:55,18.10,29419.52
1947,07/11/2026 15:29:55,17.72,24432.64
1948,07/11/2026 15:44:55,18.10,29521.92
1949,07/11/2026 15:59:55,18.83,25743.36
1950,07/11/2026 16:14:55,18.96,21903.36
1951,07/11/2026 16:29:55,19.35,20520.96
1952,07/11/2026 16:44:55,19.30,18344.96
1953,07/11/2026 16:59:55,19.22,20915.20
1954,07/11/2026 17:14:55,19.65,15022.08
1955,07/11/2026 17:29:55,21.45,15262.72
1956,07/11/2026 17:44:55,21.28,12328.96
1957,07/11/2026 17:59:55,20.42,11386.88
1958,07/11/2026 18:14:55,19.43,9008.64
1959,07/11/2026 18:29:55,18.62,8458.24
1960,07/11/2026 18:44:55,18.14,7485.44
1961,07/11/2026 18:59:55,17.84,6028.80
1962,07/11/2026 19:14:55,17.54,4515.84
1963,07/11/2026 19:29:55,17.33,5263.36
1964,07/11/2026 19:44:55,17.16,5143.04
1965,07/11/2026 19:59:55,16.99,4040.96
1966,07/11/2026 20:14:55,16.81,2716.16
1967,07/11/2026 20:29:55,16.77,1971.20
1968,07/11/2026 20:44:55,16.69,1536.64
1969,07/11/2026 20:59:55,16.69,1022.72
1970,07/11/2026 21:14:55,16.56,581.28
1971,07/11/2026 21:29:55,16.64,244.16
1972,07/11/2026 21:44:55,16.73,89.20
1973,07/11/2026 21:59:55,16.99,18.61
1974,07/11/2026 22:14:55,17.37,3.40
1975,07/11/2026 22:29:55,17.37,0.45
1976,07/11/2026 22:44:55,17.67,0.00
1977,07/11/2026 22:59:55,17.50,0.00
1978,07/11/2026 23:14:55,17.11,0.00
1979,07/11/2026 23:29:55,17.33,0.00
1980,07/11/2026 23:44:55,17.67,0.00
1981,07/11/2026 23:59:55,17.93,0.00
1982,07/12/2026 00:14:55,17.97,0.00
1983,07/12/2026 00:29:55,17.59,0.00
1984,07/12/2026 00:44:55,17.29,0.00
1985,07/12/2026 00:59:55,17.24,0.00
1986,07/12/2026 01:14:55,17.20,0.00
1987,07/12/2026 01:29:55,17.07,0.00
1988,07/12/2026 01:44:55,17.16,0.00
1989,07/12/2026 01:59:55,16.69,0.00
1990,07/12/2026 02:14:55,16.39,0.00
1991,07/12/2026 02:29:55,16.39,0.00
1992,07/12/2026 02:44:55,16.30,0.00
1993,07/12/2026 02:59:55,16.04,0.00
1994,07/12/2026 03:14:55,15.96,0.22
1995,07/12/2026 03:29:55,15.83,0.00
1996,07/12/2026 03:44:55,15.78,0.00
1997,07/12/2026 03:59:55,15.74,0.00
1998,07/12/2026 04:14:55,15.40,0.90
1999,07/12/2026 04:29:55,15.53,5.21
2000,07/12/2026 04:44:55,15.70,31.85
2001,07/12/2026 04:59:55,15.61,116.64
2002,07/12/2026 05:14:55,15.66,342.88
2003,07/12/2026 05:29:55,16.08,625.60
2004,07/12/2026 05:44:55,16.00,883.20
2005,07/12/2026 05:59:55,16.04,1320.96
2006,07/12/2026 06:14:55,16.13,197.92
2007,07/12/2026 06:29:55,16.21,1209.60
2008,07/12/2026 06:44:55,16.26,2012.80
2009,07/12/2026 06:59:55,16.26,431.68
2010,07/12/2026 07:14:55,16.17,537.28
2011,07/12/2026 07:29:55,16.26,1168.00
2012,07/12/2026 07:44:55,16.39,8117.76
2013,07/12/2026 07:59:55,16.34,6717.44
2014,07/12/2026 08:14:55,16.43,7848.96
2015,07/12/2026 08:29:55,16.43,10278.40
2016,07/12/2026 08:44:55,16.56,11545.60
2017,07/12/2026 08:59:55,16.77,11694.08
2018,07/12/2026 09:14:55,16.90,13962.24
2019,07/12/2026 09:29:55,16.81,12881.92
2020,07/12/2026 09:44:55,17.16,15349.76
2021,07/12/2026 09:59:55,17.11,15180.80
2022,07/12/2026 10:14:55,17.33,10874.88
2023,07/12/2026 10:29:55,17.11,5685.76
2024,07/12/2026 10:44:55,17.33,6599.68
2025,07/12/2026 10:59:55,17.37,7782.40
2026,07/12/2026 11:14:55,17.59,8755.20
2027,07/12/2026 11:29:55,17.67,10373.12
2028,07/12/2026 11:44:55,17.89,12544.00
2029,07/12/2026 11:59:55,17.76,15805.44
2030,07/12/2026 12:14:55,17.59,12764.16
2031,07/12/2026 12:29:55,18.27,30453.76
2032,07/12/2026 12:44:55,18.70,27279.36
2033,07/12/2026 12:59:55,17.97,23029.76
2034,07/12/2026 13:14:55,18.10,22958.08
2035,07/12/2026 13:29:55,18.62,34242.56
2036,07/12/2026 13:44:55,18.83,26398.72
2037,07/12/2026 13:59:55,18.96,25999.36
2038,07/12/2026 14:14:55,18.57,11919.36
2039,07/12/2026 14:29:55,18.62,13900.80
2040,07/12/2026 14:44:55,18.70,11422.72
2041,07/12/2026 14:59:55,18.79,25487.36
2042,07/12/2026 15:14:55,18.79,19840.00
2043,07/12/2026 15:29:55,18.87,19671.04
2044,07/12/2026 15:44:55,18.92,19773.44
2045,07/12/2026 15:59:55,19.22,16916.48
2046,07/12/2026 16:14:55,19.09,16711.68
2047,07/12/2026 16:29:55,19.30,15626.24
2048,07/12/2026 16:44:55,19.17,12779.52
2049,07/12/2026 16:59:55,19.17,10885.12
2050,07/12/2026 17:14:55,19.47,10526.72
2051,07/12/2026 17:29:55,19.52,9213.44
2052,07/12/2026 17:44:55,20.07,6118.40
2053,07/12/2026 17:59:55,20.55,6725.12
2054,07/12/2026 18:14:55,20.55,5146.88
2055,07/12/2026 18:29:55,20.68,6394.88
2056,07/12/2026 18:44:55,19.82,6128.64
2057,07/12/2026 18:59:55,18.44,2712.32
2058,07/12/2026 19:14:55,17.76,2458.88
2059,07/12/2026 19:29:55,17.50,2892.80
2060,07/12/2026 19:44:55,17.24,1907.84
2061,07/12/2026 19:59:55,17.07,1792.00
2062,07/12/2026 20:14:55,16.86,318.08
2063,07/12/2026 20:29:55,16.64,209.68
2064,07/12/2026 20:44:55,16.69,278.80
2065,07/12/2026 20:59:55,16.51,158.48
2066,07/12/2026 21:14:55,16.47,165.84
2067,07/12/2026 21:29:55,16.43,111.08
2068,07/12/2026 21:44:55,16.43,40.52
2069,07/12/2026 21:59:55,16.34,7.93
2070,07/12/2026 22:14:55,16.30,1.13
2071,07/12/2026 22:29:55,16.39,0.00
2072,07/12/2026 22:44:55,16.39,0.00
2073,07/12/2026 22:59:55,16.43,0.00
2074,07/12/2026 23:14:55,16.47,0.00
2075,07/12/2026 23:29:55,16.60,0.00
2076,07/12/2026 23:44:55,16.60,0.00
2077,07/12/2026 23:59:55,16.60,0.00
2078,07/13/2026 00:14:55,16.69,0.00
2079,07/13/2026 00:29:55,16.64,0.00
2080,07/13/2026 00:44:55,16.60,0.00
2081,07/13/2026 00:59:55,16.73,0.00
2082,07/13/2026 01:14:55,16.69,0.00
2083,07/13/2026 01:29:55,16.64,0.00
2084,07/13/2026 01:44:55,16.60,0.00
2085,07/13/2026 01:59:55,16.64,0.00
2086,07/13/2026 02:14:55,16.69,0.00
2087,07/13/2026 02:29:55,16.60,0.00
2088,07/13/2026 02:44:55,16.56,0.00
2089,07/13/2026 02:59:55,16.43,0.00
2090,07/13/2026 03:14:55,16.39,0.00
2091,07/13/2026 03:29:55,16.30,0.00
2092,07/13/2026 03:44:55,16.26,0.00
2093,07/13/2026 03:59:55,16.21,0.00
2094,07/13/2026 04:14:55,16.13,0.68
2095,07/13/2026 04:29:55,16.13,4.98
2096,07/13/2026 04:44:55,15.96,27.32
2097,07/13/2026 04:59:55,15.83,119.48
2098,07/13/2026 05:14:55,15.74,306.48
2099,07/13/2026 05:29:55,15.83,588.48
2100,07/13/2026 05:44:55,15.74,1284.80
2101,07/13/2026 05:59:55,15.61,1477.76
2102,07/13/2026 06:14:55,15.66,2927.36
2103,07/13/2026 06:29:55,15.78,4864.00
2104,07/13/2026 06:44:55,15.91,5867.52
2105,07/13/2026 06:59:55,15.91,6881.28
2106,07/13/2026 07:14:55,15.87,9052.16
2107,07/13/2026 07:29:55,16.04,10242.56
2108,07/13/2026 07:44:55,16.17,13112.32
2109,07/13/2026 07:59:55,16.21,11330.56
2110,07/13/2026 08:14:55,16.39,13905.92
2111,07/13/2026 08:29:55,16.47,15564.80
2112,07/13/2026 08:44:55,16.47,19200.00
2113,07/13/2026 08:59:55,16.60,15953.92
2114,07/13/2026 09:14:55,16.43,19635.20
2115,07/13/2026 09:29:55,16.60,22302.72
2116,07/13/2026 09:44:55,16.77,18273.28
2117,07/13/2026 09:59:55,16.90,20720.64
2118,07/13/2026 10:14:55,17.11,17607.68
2119,07/13/2026 10:29:55,17.41,27842.56
2120,07/13/2026 10:44:55,17.37,23234.56
2121,07/13/2026 10:59:55,18.02,30873.60
2122,07/13/2026 11:14:55,18.02,23930.88
2123,07/13/2026 11:29:55,18.32,25630.72
2124,07/13/2026 11:44:55,18.40,28774.40
2125,07/13/2026 11:59:55,18.44,18590.72
2126,07/13/2026 12:14:55,18.49,17075.20
2127,07/13/2026 12:29:55,18.79,20290.56
2128,07/13/2026 12:44:55,18.62,11013.12
2129,07/13/2026 12:59:55,18.83,18186.24
2130,07/13/2026 13:14:55,18.62,7104.00
2131,07/13/2026 13:29:55,18.53,3168.00
2132,07/13/2026 13:44:55,19.17,20321.28
2133,07/13/2026 13:59:55,19.26,21135.36
2134,07/13/2026 14:14:55,19.30,17766.40
2135,07/13/2026 14:29:55,18.96,10823.68
2136,07/13/2026 14:44:55,19.17,15528.96
2137,07/13/2026 14:59:55,19.09,13332.48
2138,07/13/2026 15:14:55,19.05,8573.44
2139,07/13/2026 15:29:55,19.09,10321.92
2140,07/13/2026 15:44:55,19.13,11059.20
2141,07/13/2026 15:59:55,19.47,10460.16
2142,07/13/2026 16:14:55,19.39,10726.40
2143,07/13/2026 16:29:55,19.26,8371.20
2144,07/13/2026 16:44:55,19.13,7703.04
2145,07/13/2026 16:59:55,19.17,6551.04
2146,07/13/2026 17:14:55,19.05,4294.40
2147,07/13/2026 17:29:55,18.96,2736.64
2148,07/13/2026 17:44:55,19.05,4229.12
2149,07/13/2026 17:59:55,19.00,1140.80
2150,07/13/2026 18:14:55,18.23,231.68
2151,07/13/2026 18:29:55,18.10,273.60
2152,07/13/2026 18:44:55,18.14,303.52
2153,07/13/2026 18:59:55,18.10,888.64
2154,07/13/2026 19:14:55,18.36,1080.00
2155,07/13/2026 19:29:55,18.06,188.80
2156,07/13/2026 19:44:55,18.32,133.96
2157,07/13/2026 19:59:55,18.70,275.20
2158,07/13/2026 20:14:55,18.87,484.00
2159,07/13/2026 20:29:55,18.74,800.32
2160,07/13/2026 20:44:55,17.84,362.72
2161,07/13/2026 20:59:55,17.50,89.20
2162,07/13/2026 21:14:55,17.11,88.28
2163,07/13/2026 21:29:55,16.73,43.64
2164,07/13/2026 21:44:55,16.47,15.21
2165,07/13/2026 21:59:55,16.30,3.17
2166,07/13/2026 22:14:55,16.08,0.00
2167,07/13/2026 22:29:55,15.96,0.00
2168,07/13/2026 22:44:55,16.26,0.00
2169,07/13/2026 22:59:55,16.13,0.00
2170,07/13/2026 23:14:55,16.00,0.00
2171,07/13/2026 23:29:55,16.39,0.00
2172,07/13/2026 23:44:55,16.69,0.00
2173,07/13/2026 23:59:55,16.90,0.00
2174,07/14/2026 00:14:55,16.47,0.00
2175,07/14/2026 00:29:55,16.47,0.00
2176,07/14/2026 00:44:55,16.86,0.00
2177,07/14/2026 00:59:55,17.54,0.00
2178,07/14/2026 01:14:55,17.29,0.00
2179,07/14/2026 01:29:55,17.46,0.00
2180,07/14/2026 01:44:55,16.99,0.00
2181,07/14/2026 01:59:55,17.07,0.00
2182,07/14/2026 02:14:55,17.03,0.00
2183,07/14/2026 02:29:55,17.20,0.00
2184,07/14/2026 02:44:55,17.16,0.00
2185,07/14/2026 02:59:55,16.99,0.00
2186,07/14/2026 03:14:55,17.16,0.00
2187,07/14/2026 03:29:55,17.24,0.00
2188,07/14/2026 03:44:55,17.07,0.00
2189,07/14/2026 03:59:55,17.03,0.00
2190,07/14/2026 04:14:55,16.90,0.00
2191,07/14/2026 04:29:55,16.81,1.36
2192,07/14/2026 04:44:55,16.64,6.80
2193,07/14/2026 04:59:55,16.64,31.40
2194,07/14/2026 05:14:55,16.56,135.92
2195,07/14/2026 05:29:55,16.43,225.36
2196,07/14/2026 05:44:55,16.39,520.00
2197,07/14/2026 05:59:55,16.34,838.72
2198,07/14/2026 06:14:55,16.26,1268.48
2199,07/14/2026 06:29:55,16.39,1546.24
2200,07/14/2026 06:44:55,16.39,1936.64
2201,07/14/2026 06:59:55,16.30,2259.84
2202,07/14/2026 07:14:55,16.26,2377.60
2203,07/14/2026 07:29:55,16.21,3184.64
2204,07/14/2026 07:44:55,16.13,3345.92
2205,07/14/2026 07:59:55,16.21,3859.20
2206,07/14/2026 08:14:55,16.17,1847.04
2207,07/14/2026 08:29:55,16.34,4003.84
2208,07/14/2026 08:44:55,16.26,4911.36
2209,07/14/2026 08:59:55,16.17,3685.12
2210,07/14/2026 09:14:55,16.08,2830.08
2211,07/14/2026 09:29:55,16.00,990.08
2212,07/14/2026 09:44:55,15.96,3549.44
2213,07/14/2026 09:59:55,15.91,3956.48
2214,07/14/2026 10:14:55,15.70,4523.52
2215,07/14/2026 10:29:55,15.74,5063.68
2216,07/14/2026 10:44:55,15.74,15232.00
2217,07/14/2026 10:59:55,15.57,5038.08
2218,07/14/2026 11:14:55,15.61,10278.40
2219,07/14/2026 11:29:55,15.70,9356.80
2220,07/14/2026 11:44:55,15.53,7825.92
2221,07/14/2026 11:59:55,15.48,10119.68
2222,07/14/2026 12:14:55,15.53,6981.12
2223,07/14/2026 12:29:55,15.53,5821.44
2224,07/14/2026 12:44:55,15.53,6830.08
2225,07/14/2026 12:59:55,15.57,6448.64
2226,07/14/2026 13:14:55,15.57,7029.76
2227,07/14/2026 13:29:55,15.61,8552.96
2228,07/14/2026 13:44:55,15.74,8660.48
2229,07/14/2026 13:59:55,16.00,12154.88
2230,07/14/2026 14:14:55,13.94,20495.36
2231,07/14/2026 14:29:55,11.41,19281.92
2232,07/14/2026 14:44:55,10.55,22671.36
2233,07/14/2026 14:59:55,10.59,23613.44
2234,07/14/2026 15:14:55,10.46,29163.52
2235,07/14/2026 15:29:55,10.64,18257.92
2236,07/14/2026 15:44:55,10.64,17233.92
2237,07/14/2026 15:59:55,10.94,17469.44
2238,07/14/2026 16:14:55,10.85,18570.24
2239,07/14/2026 16:29:55,10.94,19671.04
2240,07/14/2026 16:44:55,10.77,17233.92
2241,07/14/2026 16:59:55,10.77,14602.24
2242,07/14/2026 17:14:55,10.68,14607.36
2243,07/14/2026 17:29:55,10.89,8517.12
2244,07/14/2026 17:44:55,10.89,6159.36
2245,07/14/2026 17:59:55,10.98,7790.08
2246,07/14/2026 18:14:55,11.28,3847.68
2247,07/14/2026 18:29:55,11.71,5386.24
2248,07/14/2026 18:44:55,12.52,3424.00
2249,07/14/2026 18:59:55,14.63,3182.08
2250,07/14/2026 19:14:55,14.84,3125.76
2251,07/14/2026 19:29:55,15.18,2203.52
2252,07/14/2026 19:44:55,15.48,1973.12
2253,07/14/2026 19:59:55,15.44,1138.88
2254,07/14/2026 20:14:55,15.48,598.08
2255,07/14/2026 20:29:55,14.97,341.76
2256,07/14/2026 20:44:55,14.58,252.32
2257,07/14/2026 20:59:55,14.33,125.68
2258,07/14/2026 21:14:55,14.15,98.36
2259,07/14/2026 21:29:55,14.15,27.03
2260,07/14/2026 21:44:55,14.20,13.37
2261,07/14/2026 21:59:55,14.24,2.04
2262,07/14/2026 22:14:55,14.20,0.00
2263,07/14/2026 22:29:55,14.28,0.00
2264,07/14/2026 22:44:55,14.33,0.00
2265,07/14/2026 22:59:55,14.24,0.00
2266,07/14/2026 23:14:55,14.07,0.00
2267,07/14/2026 23:29:55,13.98,0.00
2268,07/14/2026 23:44:55,13.85,0.00
2269,07/14/2026 23:59:55,13.85,0.00
2270,07/15/2026 00:14:55,13.73,0.00
2271,07/15/2026 00:29:55,13.73,0.00
2272,07/15/2026 00:44:55,13.68,0.00
2273,07/15/2026 00:59:55,13.73,0.00
2274,07/15/2026 01:14:55,13.81,0.00
2275,07/15/2026 01:29:55,13.90,0.00
2276,07/15/2026 01:44:55,13.64,0.00
2277,07/15/2026 01:59:55,11.28,0.00
2278,07/15/2026 02:14:55,10.94,0.00
2279,07/15/2026 02:29:55,10.81,0.00
2280,07/15/2026 02:44:55,10.81,0.00
2281,07/15/2026 02:59:55,10.85,0.00
2282,07/15/2026 03:14:55,10.89,0.00
2283,07/15/2026 03:29:55,10.85,0.00
2284,07/15/2026 03:44:55,10.85,0.00
2285,07/15/2026 03:59:55,10.98,0.00
2286,07/15/2026 04:14:55,10.98,0.00
2287,07/15/2026 04:29:55,11.02,0.45
2288,07/15/2026 04:44:55,11.02,5.66
2289,07/15/2026 04:59:55,11.02,27.66
2290,07/15/2026 05:14:55,11.02,90.12
2291,07/15/2026 05:29:55,11.02,174.00
2292,07/15/2026 05:44:55,11.11,291.52
2293,07/15/2026 05:59:55,11.15,724.80
2294,07/15/2026 06:14:55,10.98,1263.04
2295,07/15/2026 06:29:55,10.94,1731.84
2296,07/15/2026 06:44:55,10.98,2096.64
2297,07/15/2026 06:59:55,10.98,3381.76
2298,07/15/2026 07:14:55,11.07,3462.40
2299,07/15/2026 07:29:55,11.07,4015.36
2300,07/15/2026 07:44:55,11.02,3706.88
2301,07/15/2026 07:59:55,11.45,4171.52
2302,07/15/2026 08:14:55,12.14,4668.16
2303,07/15/2026 08:29:55,12.48,5675.52
2304,07/15/2026 08:44:55,12.61,4885.76
2305,07/15/2026 08:59:55,12.57,5716.48
2306,07/15/2026 09:14:55,12.95,4512.00
2307,07/15/2026 09:29:55,13.00,5752.32
2308,07/15/2026 09:44:55,12.95,3869.44
2309,07/15/2026 09:59:55,13.04,3869.44
2310,07/15/2026 10:14:55,13.00,3877.12
2311,07/15/2026 10:29:55,13.04,2542.72
2312,07/15/2026 10:44:55,12.95,2223.36
2313,07/15/2026 10:59:55,13.00,2098.56
2314,07/15/2026 11:14:55,12.95,1681.28
2315,07/15/2026 11:29:55,12.91,1790.08
2316,07/15/2026 11:44:55,12.95,2555.52
2317,07/15/2026 11:59:55,12.87,1505.92
2318,07/15/2026 12:14:55,12.91,1746.56
2319,07/15/2026 12:29:55,12.91,2067.20
2320,07/15/2026 12:44:55,13.00,1783.68
2321,07/15/2026 12:59:55,12.95,1923.84
2322,07/15/2026 13:14:55,13.00,1714.56
2323,07/15/2026 13:29:55,13.08,3054.08
2324,07/15/2026 13:44:55,13.17,4915.20
2325,07/15/2026 13:59:55,13.12,4504.32
2326,07/15/2026 14:14:55,13.04,4065.28
2327,07/15/2026 14:29:55,13.12,5724.16
2328,07/15/2026 14:44:55,13.25,5660.16
2329,07/15/2026 14:59:55,12.87,8481.28
2330,07/15/2026 15:14:55,10.85,6328.32
2331,07/15/2026 15:29:55,10.38,6031.36
2332,07/15/2026 15:44:55,10.38,7326.72
2333,07/15/2026 15:59:55,10.81,11018.24
2334,07/15/2026 16:14:55,10.98,10931.20
2335,07/15/2026 16:29:55,10.98,9190.40
2336,07/15/2026 16:44:55,11.19,9198.08
2337,07/15/2026 16:59:55,11.45,7347.20
2338,07/15/2026 17:14:55,11.54,6750.72
2339,07/15/2026 17:29:55,11.54,6169.60
2340,07/15/2026 17:44:55,11.45,7203.84
2341,07/15/2026 17:59:55,11.49,6781.44
2342,07/15/2026 18:14:55,11.49,7360.00
2343,07/15/2026 18:29:55,11.41,3742.72
2344,07/15/2026 18:44:55,11.49,2386.56
2345,07/15/2026 18:59:55,11.58,2016.64
2346,07/15/2026 19:14:55,11.71,1551.36
2347,07/15/2026 19:29:55,12.27,1199.68
2348,07/15/2026 19:44:55,13.77,971.20
2349,07/15/2026 19:59:55,13.43,734.08
2350,07/15/2026 20:14:55,12.78,545.92
2351,07/15/2026 20:29:55,12.52,360.80
2352,07/15/2026 20:44:55,12.40,241.68
2353,07/15/2026 20:59:55,12.35,108.36
2354,07/15/2026 21:14:55,12.40,59.62
2355,07/15/2026 21:29:55,12.48,24.28
2356,07/15/2026 21:44:55,12.48,7.93
2357,07/15/2026 21:59:55,12.52,1.13
2358,07/15/2026 22:14:55,12.52,0.00
2359,07/15/2026 22:29:55,12.52,0.00
2360,07/15/2026 22:44:55,12.44,0.00
2361,07/15/2026 22:59:55,12.35,0.00
2362,07/15/2026 23:14:55,12.31,0.00
2363,07/15/2026 23:29:55,12.27,0.00
2364,07/15/2026 23:44:55,12.22,0.00
2365,07/15/2026 23:59:55,12.18,0.00
2366,07/16/2026 00:14:55,12.10,0.00
2367,07/16/2026 00:29:55,12.10,0.00
2368,07/16/2026 00:44:55,12.05,0.00
2369,07/16/2026 00:59:55,12.01,0.00
2370,07/16/2026 01:14:55,12.01,0.00
2371,07/16/2026 01:29:55,11.92,0.00
2372,07/16/2026 01:44:55,11.92,0.00
2373,07/16/2026 01:59:55,11.92,0.00
2374,07/16/2026 02:14:55,11.88,0.00
2375,07/16/2026 02:29:55,11.84,0.00
2376,07/16/2026 02:44:55,11.79,0.00
2377,07/16/2026 02:59:55,11.79,0.00
2378,07/16/2026 03:14:55,11.79,0.00
2379,07/16/2026 03:29:55,11.71,0.00
2380,07/16/2026 03:44:55,10.94,0.00
2381,07/16/2026 03:59:55,10.04,0.00
2382,07/16/2026 04:14:55,9.61,0.00
2383,07/16/2026 04:29:55,9.22,0.22
2384,07/16/2026 04:44:55,9.31,3.17
2385,07/16/2026 04:59:55,9.14,15.89
2386,07/16/2026 05:14:55,9.05,44.14
2387,07/16/2026 05:29:55,9.26,104.72
2388,07/16/2026 05:44:55,9.44,117.52
2389,07/16/2026 05:59:55,9.56,226.00
2390,07/16/2026 06:14:55,9.65,212.40
2391,07/16/2026 06:29:55,9.69,268.88
2392,07/16/2026 06:44:55,9.48,248.88
2393,07/16/2026 06:59:55,9.14,262.48
2394,07/16/2026 07:14:55,9.31,394.88
2395,07/16/2026 07:29:55,9.78,643.84
2396,07/16/2026 07:44:55,10.21,529.60
2397,07/16/2026 07:59:55,10.38,599.84
2398,07/16/2026 08:14:55,10.38,797.44
2399,07/16/2026 08:29:55,10.38,559.04
2400,07/16/2026 08:44:55,10.68,1357.44
2401,07/16/2026 08:59:55,10.98,1416.96
2402,07/16/2026 09:14:55,11.07,1688.96
2403,07/16/2026 09:29:55,11.15,1271.36
2404,07/16/2026 09:44:55,11.19,1824.64
2405,07/16/2026 09:59:55,11.11,2469.76
2406,07/16/2026 10:14:55,11.07,1522.56
2407,07/16/2026 10:29:55,10.98,1536.00
2408,07/16/2026 10:44:55,10.98,1492.48
2409,07/16/2026 10:59:55,11.02,1466.88
2410,07/16/2026 11:14:55,10.98,1231.36
2411,07/16/2026 11:29:55,11.02,1368.32
2412,07/16/2026 11:44:55,10.94,820.48
2413,07/16/2026 11:59:55,10.89,2132.48
2414,07/16/2026 12:14:55,10.89,1777.28
2415,07/16/2026 12:29:55,10.89,1866.24
2416,07/16/2026 12:44:55,10.89,2606.08
2417,07/16/2026 12:59:55,10.98,1455.36
2418,07/16/2026 13:14:55,10.98,2663.68
2419,07/16/2026 13:29:55,11.02,2480.64
2420,07/16/2026 13:44:55,11.07,2414.08
2421,07/16/2026 13:59:55,11.11,2641.92
2422,07/16/2026 14:14:55,11.19,1607.68
2423,07/16/2026 14:29:55,11.19,1518.72
2424,07/16/2026 14:44:55,11.41,3311.36
2425,07/16/2026 14:59:55,11.45,7334.40
2426,07/16/2026 15:14:55,11.54,5544.96
2427,07/16/2026 15:29:55,11.71,5158.40
2428,07/16/2026 15:44:55,11.79,7449.60
2429,07/16/2026 15:59:55,11.92,8785.92
2430,07/16/2026 16:14:55,11.97,12482.56
2431,07/16/2026 16:29:55,11.97,8517.12
2432,07/16/2026 16:44:55,12.01,9111.04
2433,07/16/2026 16:59:55,12.05,8588.80
2434,07/16/2026 17:14:55,12.27,4584.96
2435,07/16/2026 17:29:55,12.01,7848.96
2436,07/16/2026 17:44:55,11.28,7738.88
2437,07/16/2026 17:59:55,11.19,6315.52
2438,07/16/2026 18:14:55,11.11,6059.52
2439,07/16/2026 18:29:55,11.11,5226.24
2440,07/16/2026 18:44:55,11.07,3717.12
2441,07/16/2026 18:59:55,11.02,3617.28
2442,07/16/2026 19:14:55,11.07,3328.00
2443,07/16/2026 19:29:55,11.02,2680.32
2444,07/16/2026 19:44:55,10.98,1779.20
2445,07/16/2026 19:59:55,10.89,981.12
2446,07/16/2026 20:14:55,11.15,469.28
2447,07/16/2026 20:29:55,11.15,341.76
2448,07/16/2026 20:44:55,11.71,226.00
2449,07/16/2026 20:59:55,11.71,142.12
2450,07/16/2026 21:14:55,11.58,53.22
2451,07/16/2026 21:29:55,10.72,21.34
2452,07/16/2026 21:44:55,10.51,8.84
2453,07/16/2026 21:59:55,10.42,1.58
2454,07/16/2026 22:14:55,10.42,0.00
2455,07/16/2026 22:29:55,10.46,0.00
2456,07/16/2026 22:44:55,10.51,0.00
2457,07/16/2026 22:59:55,10.46,0.00
2458,07/16/2026 23:14:55,10.51,0.00
2459,07/16/2026 23:29:55,10.55,0.00
2460,07/16/2026 23:44:55,10.55,0.00
2461,07/16/2026 23:59:55,10.51,0.00
2462,07/17/2026 00:14:55,10.51,0.00
2463,07/17/2026 00:29:55,10.46,0.00
2464,07/17/2026 00:44:55,10.42,0.00
2465,07/17/2026 00:59:55,10.38,0.00
2466,07/17/2026 01:14:55,10.38,0.00
2467,07/17/2026 01:29:55,10.38,0.00
2468,07/17/2026 01:44:55,10.34,0.00
2469,07/17/2026 01:59:55,10.34,0.00
2470,07/17/2026 02:14:55,10.34,0.00
2471,07/17/2026 02:29:55,10.34,0.00
2472,07/17/2026 02:44:55,10.29,0.00
2473,07/17/2026 02:59:55,10.25,0.00
2474,07/17/2026 03:14:55,10.25,0.00
2475,07/17/2026 03:29:55,10.16,0.00
2476,07/17/2026 03:44:55,10.04,0.00
2477,07/17/2026 03:59:55,9.95,0.00
2478,07/17/2026 04:14:55,9.91,0.00
2479,07/17/2026 04:29:55,9.82,0.90
2480,07/17/2026 04:44:55,9.86,6.80
2481,07/17/2026 04:59:55,9.82,34.97
2482,07/17/2026 05:14:55,9.78,126.72
2483,07/17/2026 05:29:55,9.78,298.08
2484,07/17/2026 05:44:55,9.78,530.08
2485,07/17/2026 05:59:55,9.74,764.80
2486,07/17/2026 06:14:55,9.78,1200.64
2487,07/17/2026 06:29:55,9.74,1703.04
2488,07/17/2026 06:44:55,9.78,1818.88
2489,07/17/2026 06:59:55,9.86,3038.72
2490,07/17/2026 07:14:55,9.91,4072.96
2491,07/17/2026 07:29:55,9.86,4043.52
2492,07/17/2026 07:44:55,9.95,5198.08
2493,07/17/2026 07:59:55,10.08,7316.48
2494,07/17/2026 08:14:55,10.25,9387.52
2495,07/17/2026 08:29:55,11.19,16409.60
2496,07/17/2026 08:44:55,11.49,17940.48
2497,07/17/2026 08:59:55,11.49,17484.80
2498,07/17/2026 09:14:55,11.24,15303.68
2499,07/17/2026 09:29:55,11.49,23910.40
2500,07/17/2026 09:44:55,12.22,29798.40
2501,07/17/2026 09:59:55,12.01,31180.80
2502,07/17/2026 10:14:55,12.05,32194.56
2503,07/17/2026 10:29:55,11.58,12789.76
2504,07/17/2026 10:44:55,11.84,19164.16
2505,07/17/2026 10:59:55,12.22,29900.80
2506,07/17/2026 11:14:55,12.40,30382.08
2507,07/17/2026 11:29:55,12.61,22917.12
2508,07/17/2026 11:44:55,12.65,18826.24
2509,07/17/2026 11:59:55,12.40,12241.92
2510,07/17/2026 12:14:55,12.10,11432.96
2511,07/17/2026 12:29:55,12.01,10787.84
2512,07/17/2026 12:44:55,12.01,9016.32
2513,07/17/2026 12:59:55,12.01,10536.96
2514,07/17/2026 13:14:55,12.05,15815.68
2515,07/17/2026 13:29:55,12.22,14110.72
2516,07/17/2026 13:44:55,12.40,16163.84
2517,07/17/2026 13:59:55,12.44,15022.08
2518,07/17/2026 14:14:55,12.87,17397.76
2519,07/17/2026 14:29:55,13.21,21565.44
2520,07/17/2026 14:44:55,13.08,25456.64
2521,07/17/2026 14:59:55,13.17,23142.40
2522,07/17/2026 15:14:55,13.30,20413.44
2523,07/17/2026 15:29:55,13.55,16742.40
2524,07/17/2026 15:44:55,13.98,17920.00
2525,07/17/2026 15:59:55,14.28,15703.04
2526,07/17/2026 16:14:55,14.97,13158.40
2527,07/17/2026 16:29:55,13.94,7943.68
2528,07/17/2026 16:44:55,14.54,18201.60
2529,07/17/2026 16:59:55,13.73,15902.72
2530,07/17/2026 17:14:55,13.68,17397.76
2531,07/17/2026 17:29:55,13.38,10352.64
2532,07/17/2026 17:44:55,13.21,12108.80
2533,07/17/2026 17:59:55,13.30,11345.92
2534,07/17/2026 18:14:55,13.25,13875.20
2535,07/17/2026 18:29:55,13.04,10736.64
2536,07/17/2026 18:44:55,12.91,9139.20
2537,07/17/2026 18:59:55,12.82,5368.32
2538,07/17/2026 19:14:55,12.57,6415.36
2539,07/17/2026 19:29:55,12.65,4203.52
2540,07/17/2026 19:44:55,12.48,3125.76
2541,07/17/2026 19:59:55,12.52,3027.20
2542,07/17/2026 20:14:55,12.48,2317.44
2543,07/17/2026 20:29:55,12.61,1530.24
2544,07/17/2026 20:44:55,12.61,1256.00
2545,07/17/2026 20:59:55,12.61,663.68
2546,07/17/2026 21:14:55,12.48,334.56
2547,07/17/2026 21:29:55,12.52,127.52
2548,07/17/2026 21:44:55,12.57,40.01
2549,07/17/2026 21:59:55,12.65,6.12
2550,07/17/2026 22:14:55,12.78,0.45
2551,07/17/2026 22:29:55,12.95,0.00
2552,07/17/2026 22:44:55,13.25,0.00
2553,07/17/2026 22:59:55,13.17,0.00
2554,07/17/2026 23:14:55,13.30,0.00
2555,07/17/2026 23:29:55,13.47,0.00
2556,07/17/2026 23:44:55,13.30,0.00
2557,07/17/2026 23:59:55,13.04,0.00
2558,07/18/2026 00:14:55,12.74,0.00
2559,07/18/2026 00:29:55,12.57,0.00
2560,07/18/2026 00:44:55,12.48,0.00
2561,07/18/2026 00:59:55,12.35,0.00
2562,07/18/2026 01:14:55,12.31,0.00
2563,07/18/2026 01:29:55,12.27,0.00
2564,07/18/2026 01:44:55,12.22,0.00
2565,07/18/2026 01:59:55,12.14,0.00
2566,07/18/2026 02:14:55,12.05,0.00
2567,07/18/2026 02:29:55,12.01,0.00
2568,07/18/2026 02:44:55,12.01,0.00
2569,07/18/2026 02:59:55,11.97,0.00
2570,07/18/2026 03:14:55,11.92,0.00
2571,07/18/2026 03:29:55,11.97,0.00
2572,07/18/2026 03:44:55,11.97,0.00
2573,07/18/2026 03:59:55,11.97,0.00
2574,07/18/2026 04:14:55,12.01,0.00
2575,07/18/2026 04:29:55,11.97,0.00
2576,07/18/2026 04:44:55,11.88,0.68
2577,07/18/2026 04:59:55,11.54,4.30
2578,07/18/2026 05:14:55,11.37,14.28
2579,07/18/2026 05:29:55,11.32,36.33
2580,07/18/2026 05:44:55,11.54,118.44
2581,07/18/2026 05:59:55,11.62,172.24
2582,07/18/2026 06:14:55,11.79,358.40
2583,07/18/2026 06:29:55,11.58,708.48
2584,07/18/2026 06:44:55,11.62,1639.04
2585,07/18/2026 06:59:55,11.84,1388.80
2586,07/18/2026 07:14:55,11.88,2038.40
2587,07/18/2026 07:29:55,11.79,1896.96
2588,07/18/2026 07:44:55,11.84,3528.96
2589,07/18/2026 07:59:55,12.05,5703.68
2590,07/18/2026 08:14:55,12.18,6684.16
2591,07/18/2026 08:29:55,11.97,6010.88
2592,07/18/2026 08:44:55,11.97,4776.96
2593,07/18/2026 08:59:55,12.01,4711.68
2594,07/18/2026 09:14:55,12.91,29112.32
2595,07/18/2026 09:29:55,13.12,33525.76
2596,07/18/2026 09:44:55,13.43,29736.96
2597,07/18/2026 09:59:55,13.25,22691.84
2598,07/18/2026 10:14:55,13.85,34713.60
2599,07/18/2026 10:29:55,13.77,32020.48
2600,07/18/2026 10:44:55,14.07,37519.36
2601,07/18/2026 10:59:55,14.45,28170.24
2602,07/18/2026 11:14:55,14.28,27832.32
2603,07/18/2026 11:29:55,14.67,16220.16
2604,07/18/2026 11:44:55,15.06,21217.28
2605,07/18/2026 11:59:55,14.41,24340.48
2606,07/18/2026 12:14:55,13.47,14668.80
2607,07/18/2026 12:29:55,12.74,13424.64
2608,07/18/2026 12:44:55,12.52,13762.56
2609,07/18/2026 12:59:55,12.52,9221.12
2610,07/18/2026 13:14:55,12.95,11069.44
2611,07/18/2026 13:29:55,13.25,9249.28
2612,07/18/2026 13:44:55,13.34,6906.88
2613,07/18/2026 13:59:55,13.47,7841.28
2614,07/18/2026 14:14:55,13.55,7449.60
2615,07/18/2026 14:29:55,13.73,5588.48
2616,07/18/2026 14:44:55,13.73,9285.12
2617,07/18/2026 14:59:55,13.81,6420.48
2618,07/18/2026 15:14:55,13.77,6092.80
2619,07/18/2026 15:29:55,13.94,6830.08
2620,07/18/2026 15:44:55,14.07,7398.40
2621,07/18/2026 15:59:55,14.28,6041.60
2622,07/18/2026 16:14:55,14.15,8980.48
2623,07/18/2026 16:29:55,14.11,11996.16
2624,07/18/2026 16:44:55,14.24,12206.08
2625,07/18/2026 16:59:55,14.84,11125.76
2626,07/18/2026 17:14:55,13.55,11735.04
2627,07/18/2026 17:29:55,11.49,10798.08
2628,07/18/2026 17:44:55,10.72,8791.04
2629,07/18/2026 17:59:55,10.21,9162.24
2630,07/18/2026 18:14:55,9.95,9973.76
2631,07/18/2026 18:29:55,9.82,5893.12
2632,07/18/2026 18:44:55,9.91,5150.72
2633,07/18/2026 18:59:55,9.91,4497.92
2634,07/18/2026 19:14:55,9.91,5317.12
2635,07/18/2026 19:29:55,9.91,4172.80
2636,07/18/2026 19:44:55,9.78,2433.92
2637,07/18/2026 19:59:55,9.69,1793.28
2638,07/18/2026 20:14:55,9.69,1486.72
2639,07/18/2026 20:29:55,9.56,1199.68
2640,07/18/2026 20:44:55,9.52,762.24
2641,07/18/2026 20:59:55,9.48,453.76
2642,07/18/2026 21:14:55,9.48,230.56
2643,07/18/2026 21:29:55,9.48,99.28
2644,07/18/2026 21:44:55,9.48,27.26
2645,07/18/2026 21:59:55,9.52,4.76
2646,07/18/2026 22:14:55,9.52,0.22
2647,07/18/2026 22:29:55,9.65,0.00
2648,07/18/2026 22:44:55,9.99,0.00
2649,07/18/2026 22:59:55,11.92,0.00
2650,07/18/2026 23:14:55,11.88,0.00
2651,07/18/2026 23:29:55,11.37,0.00
2652,07/18/2026 23:44:55,11.37,0.00
2653,07/18/2026 23:59:55,11.32,0.00
2654,07/19/2026 00:14:55,11.75,0.00
2655,07/19/2026 00:29:55,11.71,0.00
2656,07/19/2026 00:44:55,11.75,0.00
2657,07/19/2026 00:59:55,11.75,0.00
2658,07/19/2026 01:14:55,11.71,0.00
2659,07/19/2026 01:29:55,11.71,0.00
2660,07/19/2026 01:44:55,11.71,0.00
2661,07/19/2026 01:59:55,11.67,0.00
2662,07/19/2026 02:14:55,11.58,0.00
2663,07/19/2026 02:29:55,11.62,0.00
2664,07/19/2026 02:44:55,11.62,0.00
2665,07/19/2026 02:59:55,11.58,0.00
2666,07/19/2026 03:14:55,11.58,0.00
2667,07/19/2026 03:29:55,11.62,0.00
2668,07/19/2026 03:44:55,11.54,0.00
2669,07/19/2026 03:59:55,11.58,0.00
2670,07/19/2026 04:14:55,11.54,0.00
2671,07/19/2026 04:29:55,11.49,0.22
2672,07/19/2026 04:44:55,11.41,2.26
2673,07/19/2026 04:59:55,11.41,14.28
2674,07/19/2026 05:14:55,11.37,56.44
2675,07/19/2026 05:29:55,11.32,165.68
2676,07/19/2026 05:44:55,11.07,321.68
2677,07/19/2026 05:59:55,10.94,439.36
2678,07/19/2026 06:14:55,10.34,564.96
2679,07/19/2026 06:29:55,10.25,1170.56
2680,07/19/2026 06:44:55,10.42,1982.08
2681,07/19/2026 06:59:55,10.59,2823.68
2682,07/19/2026 07:14:55,10.64,3760.64
2683,07/19/2026 07:29:55,10.51,3902.72
2684,07/19/2026 07:44:55,10.51,4330.24
2685,07/19/2026 07:59:55,10.72,6108.16
2686,07/19/2026 08:14:55,10.77,7293.44
2687,07/19/2026 08:29:55,10.94,11678.72
2688,07/19/2026 08:44:55,11.37,16727.04
2689,07/19/2026 08:59:55,11.24,7782.40
2690,07/19/2026 09:14:55,10.98,8355.84
2691,07/19/2026 09:29:55,11.19,7848.96
2692,07/19/2026 09:44:55,11.58,8386.56
2693,07/19/2026 09:59:55,12.14,22200.32
2694,07/19/2026 10:14:55,12.14,17648.64
2695,07/19/2026 10:29:55,12.57,21370.88
2696,07/19/2026 10:44:55,12.70,31395.84
2697,07/19/2026 10:59:55,12.95,29941.76
2698,07/19/2026 11:14:55,12.95,16291.84
2699,07/19/2026 11:29:55,12.95,29532.16
2700,07/19/2026 11:44:55,12.87,23961.60
2701,07/19/2026 11:59:55,12.44,17699.84
2702,07/19/2026 12:14:55,12.82,24944.64
2703,07/19/2026 12:29:55,13.04,25896.96
2704,07/19/2026 12:44:55,13.51,14791.68
2705,07/19/2026 12:59:55,12.91,9518.08
2706,07/19/2026 13:14:55,12.40,9612.80
2707,07/19/2026 13:29:55,12.44,8102.40
2708,07/19/2026 13:44:55,12.78,9320.96
2709,07/19/2026 13:59:55,12.91,7180.80
2710,07/19/2026 14:14:55,12.91,7267.84
2711,07/19/2026 14:29:55,12.87,7022.08
2712,07/19/2026 14:44:55,12.78,7198.72
2713,07/19/2026 14:59:55,12.78,6228.48
2714,07/19/2026 15:14:55,12.78,5655.04
2715,07/19/2026 15:29:55,12.74,5136.64
2716,07/19/2026 15:44:55,12.82,4700.16
2717,07/19/2026 15:59:55,12.78,4352.00
2718,07/19/2026 16:14:55,12.87,4878.08
2719,07/19/2026 16:29:55,13.21,4711.68
2720,07/19/2026 16:44:55,13.08,7101.44
2721,07/19/2026 16:59:55,13.25,7907.84
2722,07/19/2026 17:14:55,13.38,8284.16
2723,07/19/2026 17:29:55,13.38,5742.08
2724,07/19/2026 17:44:55,13.00,5928.96
2725,07/19/2026 17:59:55,12.35,4983.04
2726,07/19/2026 18:14:55,12.01,8791.04
2727,07/19/2026 18:29:55,11.28,6049.28
2728,07/19/2026 18:44:55,11.15,9487.36
2729,07/19/2026 18:59:55,10.89,7544.32
2730,07/19/2026 19:14:55,10.81,7439.36
2731,07/19/2026 19:29:55,10.64,4305.92
2732,07/19/2026 19:44:55,10.34,5237.76
2733,07/19/2026 19:59:55,10.21,2693.12
2734,07/19/2026 20:14:55,10.08,1916.80
2735,07/19/2026 20:29:55,9.78,1131.52
2736,07/19/2026 20:44:55,9.69,723.52
2737,07/19/2026 20:59:55,9.69,461.92
2738,07/19/2026 21:14:55,9.61,258.88
2739,07/19/2026 21:29:55,9.61,119.36
2740,07/19/2026 21:44:55,9.69,37.29
2741,07/19/2026 21:59:55,9.69,3.62
2742,07/19/2026 22:14:55,9.65,0.45
2743,07/19/2026 22:29:55,9.52,0.00
2744,07/19/2026 22:44:55,9.48,0.00
2745,07/19/2026 22:59:55,9.56,0.00
2746,07/19/2026 23:14:55,9.56,0.00
2747,07/19/2026 23:29:55,9.61,0.00
2748,07/19/2026 23:44:55,9.61,0.22
2749,07/19/2026 23:59:55,9.61,0.00
2750,07/20/2026 00:14:55,9.61,0.00
2751,07/20/2026 00:29:55,9.74,0.00
2752,07/20/2026 00:44:55,10.42,0.00
2753,07/20/2026 00:59:55,11.07,0.00
2754,07/20/2026 01:14:55,11.37,0.00
2755,07/20/2026 01:29:55,11.28,0.00
2756,07/20/2026 01:44:55,11.24,0.00
2757,07/20/2026 01:59:55,11.62,0.00
2758,07/20/2026 02:14:55,11.67,0.00
2759,07/20/2026 02:29:55,11.67,0.00
2760,07/20/2026 02:44:55,11.67,0.00
2761,07/20/2026 02:59:55,11.62,0.00
2762,07/20/2026 03:14:55,11.58,0.00
2763,07/20/2026 03:29:55,11.58,0.00
2764,07/20/2026 03:44:55,11.54,0.00
2765,07/20/2026 03:59:55,11.45,0.00
2766,07/20/2026 04:14:55,11.49,0.00
2767,07/20/2026 04:29:55,11.49,0.00
2768,07/20/2026 04:44:55,11.45,2.49
2769,07/20/2026 04:59:55,11.45,17.68
2770,07/20/2026 05:14:55,11.41,59.62
2771,07/20/2026 05:29:55,11.32,178.48
2772,07/20/2026 05:44:55,11.41,464.64
2773,07/20/2026 05:59:55,11.41,806.40
2774,07/20/2026 06:14:55,11.41,1355.52
2775,07/20/2026 06:29:55,11.41,2136.32
2776,07/20/2026 06:44:55,11.28,3171.84
2777,07/20/2026 06:59:55,11.28,3916.80
2778,07/20/2026 07:14:55,11.19,5038.08
2779,07/20/2026 07:29:55,11.41,8821.76
2780,07/20/2026 07:44:55,11.41,8442.88
2781,07/20/2026 07:59:55,11.58,16000.00
2782,07/20/2026 08:14:55,11.49,15477.76
2783,07/20/2026 08:29:55,11.71,12119.04
2784,07/20/2026 08:44:55,12.01,19251.20
2785,07/20/2026 08:59:55,11.92,14320.64
2786,07/20/2026 09:14:55,12.27,19599.36
2787,07/20/2026 09:29:55,12.40,20638.72
2788,07/20/2026 09:44:55,12.61,23562.24
2789,07/20/2026 09:59:55,12.82,27535.36
2790,07/20/2026 10:14:55,13.21,30310.40
2791,07/20/2026 10:29:55,13.81,34396.16
2792,07/20/2026 10:44:55,14.54,36833.28
2793,07/20/2026 10:59:55,14.67,34447.36
2794,07/20/2026 11:14:55,14.80,35287.04
2795,07/20/2026 11:29:55,14.63,33617.92
2796,07/20/2026 11:44:55,15.44,41594.88
2797,07/20/2026 11:59:55,15.01,34713.60
2798,07/20/2026 12:14:55,15.27,35338.24
2799,07/20/2026 12:29:55,15.66,42516.48
2800,07/20/2026 12:44:55,15.70,43622.40
2801,07/20/2026 12:59:55,15.87,38348.80
2802,07/20/2026 13:14:55,16.13,37580.80
2803,07/20/2026 13:29:55,15.96,32552.96
2804,07/20/2026 13:44:55,17.33,32399.36
2805,07/20/2026 13:59:55,16.39,29736.96
2806,07/20/2026 14:14:55,15.91,27770.88
2807,07/20/2026 14:29:55,14.58,17126.40
2808,07/20/2026 14:44:55,14.63,28313.60
2809,07/20/2026 14:59:55,14.75,21995.52
2810,07/20/2026 15:14:55,14.97,24719.36
2811,07/20/2026 15:29:55,14.93,25139.20
2812,07/20/2026 15:44:55,14.93,20044.80
2813,07/20/2026 15:59:55,14.88,16424.96
2814,07/20/2026 16:14:55,14.88,14341.12
2815,07/20/2026 16:29:55,14.93,14146.56
2816,07/20/2026 16:44:55,14.80,11750.40
2817,07/20/2026 16:59:55,14.84,11632.64
2818,07/20/2026 17:14:55,14.84,10032.64
2819,07/20/2026 17:29:55,14.80,7651.84
2820,07/20/2026 17:44:55,14.84,7572.48
2821,07/20/2026 17:59:55,15.01,6197.76
2822,07/20/2026 18:14:55,15.91,5360.64
2823,07/20/2026 18:29:55,15.74,4395.52
2824,07/20/2026 18:44:55,15.66,3376.64
2825,07/20/2026 18:59:55,15.83,2336.00
2826,07/20/2026 19:14:55,16.00,1595.52
2827,07/20/2026 19:29:55,15.70,1184.32
2828,07/20/2026 19:44:55,15.91,920.32
2829,07/20/2026 19:59:55,16.17,472.48
2830,07/20/2026 20:14:55,16.08,370.24
2831,07/20/2026 20:29:55,16.13,189.76
2832,07/20/2026 20:44:55,16.08,96.56
2833,07/20/2026 20:59:55,16.08,40.52
2834,07/20/2026 21:14:55,16.17,22.04
2835,07/20/2026 21:29:55,16.04,14.99
2836,07/20/2026 21:44:55,16.08,4.30
2837,07/20/2026 21:59:55,16.13,0.45
2838,07/20/2026 22:14:55,15.91,0.00
2839,07/20/2026 22:29:55,15.83,0.00
2840,07/20/2026 22:44:55,15.83,0.00
2841,07/20/2026 22:59:55,15.66,0.00
2842,07/20/2026 23:14:55,15.61,0.00
2843,07/20/2026 23:29:55,15.61,0.00
2844,07/20/2026 23:44:55,15.57,0.00
2845,07/20/2026 23:59:55,15.66,0.00
2846,07/21/2026 00:14:55,15.83,0.00
2847,07/21/2026 00:29:55,15.83,0.00
2848,07/21/2026 00:44:55,15.78,0.00
2849,07/21/2026 00:59:55,15.66,0.00
2850,07/21/2026 01:14:55,13.30,0.00
2851,07/21/2026 01:29:55,11.28,0.00
2852,07/21/2026 01:44:55,11.15,0.00
2853,07/21/2026 01:59:55,11.24,0.00
2854,07/21/2026 02:14:55,11.49,0.00
2855,07/21/2026 02:29:55,11.62,0.00
2856,07/21/2026 02:44:55,11.62,0.00
2857,07/21/2026 02:59:55,11.58,0.00
2858,07/21/2026 03:14:55,11.54,0.00
2859,07/21/2026 03:29:55,11.49,0.00
2860,07/21/2026 03:44:55,11.71,0.00
2861,07/21/2026 03:59:55,11.79,0.00
2862,07/21/2026 04:14:55,11.75,0.00
2863,07/21/2026 04:29:55,11.79,0.00
2864,07/21/2026 04:44:55,11.84,0.00
2865,07/21/2026 04:59:55,11.79,0.90
2866,07/21/2026 05:14:55,11.75,4.30
2867,07/21/2026 05:29:55,11.75,23.15
2868,07/21/2026 05:44:55,11.88,33.61
2869,07/21/2026 05:59:55,11.92,88.28
2870,07/21/2026 06:14:55,12.48,190.40
2871,07/21/2026 06:29:55,12.18,233.28
2872,07/21/2026 06:44:55,12.48,421.12
2873,07/21/2026 06:59:55,12.65,504.16
2874,07/21/2026 07:14:55,12.70,302.64
2875,07/21/2026 07:29:55,12.82,340.00
2876,07/21/2026 07:44:55,13.00,467.36
2877,07/21/2026 07:59:55,13.08,899.52
2878,07/21/2026 08:14:55,13.30,1486.72
2879,07/21/2026 08:29:55,13.43,644.80
2880,07/21/2026 08:44:55,13.43,1138.88
2881,07/21/2026 08:59:55,13.43,1168.00
2882,07/21/2026 09:14:55,13.51,1714.56
2883,07/21/2026 09:29:55,13.43,1001.92
2884,07/21/2026 09:44:55,13.38,926.72
2885,07/21/2026 09:59:55,13.47,2236.16
2886,07/21/2026 10:14:55,13.51,1570.56
2887,07/21/2026 10:29:55,13.51,1440.64
2888,07/21/2026 10:44:55,13.64,2981.12
2889,07/21/2026 10:59:55,13.90,5146.88
2890,07/21/2026 11:14:55,13.90,4896.00
2891,07/21/2026 11:29:55,13.90,4577.28
2892,07/21/2026 11:44:55,13.98,2814.72
2893,07/21/2026 11:59:55,13.81,2855.68
2894,07/21/2026 12:14:55,13.73,1749.12
2895,07/21/2026 12:29:55,13.94,2109.44
2896,07/21/2026 12:44:55,14.03,1312.00
2897,07/21/2026 12:59:55,13.47,1185.28
2898,07/21/2026 13:14:55,13.17,1160.64
2899,07/21/2026 13:29:55,13.00,671.04
2900,07/21/2026 13:44:55,12.91,934.08
2901,07/21/2026 13:59:55,12.87,958.40
2902,07/21/2026 14:14:55,12.87,582.08
2903,07/21/2026 14:29:55,12.82,699.84
2904,07/21/2026 14:44:55,12.78,1072.64
2905,07/21/2026 14:59:55,12.74,810.24
2906,07/21/2026 15:14:55,12.65,1097.28
2907,07/21/2026 15:29:55,12.57,687.36
2908,07/21/2026 15:44:55,12.61,749.76
2909,07/21/2026 15:59:55,12.61,621.60
2910,07/21/2026 16:14:55,12.70,652.48
2911,07/21/2026 16:29:55,12.74,621.60
2912,07/21/2026 16:44:55,12.70,541.28
2913,07/21/2026 16:59:55,12.74,685.76
2914,07/21/2026 17:14:55,12.74,524.16
2915,07/21/2026 17:29:55,12.78,674.24
2916,07/21/2026 17:44:55,12.74,393.76
2917,07/21/2026 17:59:55,12.70,584.80
2918,07/21/2026 18:14:55,12.78,480.96
2919,07/21/2026 18:29:55,12.82,487.36
2920,07/21/2026 18:44:55,12.91,745.28
2921,07/21/2026 18:59:55,12.82,563.04
2922,07/21/2026 19:14:55,10.72,308.96
2923,07/21/2026 19:29:55,10.16,323.52
2924,07/21/2026 19:44:55,10.16,291.76
2925,07/21/2026 19:59:55,10.29,191.28
2926,07/21/2026 20:14:55,10.81,261.60
2927,07/21/2026 20:29:55,11.07,72.38
2928,07/21/2026 20:44:55,10.89,149.40
2929,07/21/2026 20:59:55,10.89,80.14
2930,07/21/2026 21:14:55,10.81,44.08
2931,07/21/2026 21:29:55,10.72,12.69
2932,07/21/2026 21:44:55,10.94,1.81
2933,07/21/2026 21:59:55,11.19,0.00
2934,07/21/2026 22:14:55,11.11,0.00
2935,07/21/2026 22:29:55,11.19,0.00
2936,07/21/2026 22:44:55,11.19,0.00
2937,07/21/2026 22:59:55,11.28,0.00
2938,07/21/2026 23:14:55,11.37,0.00
2939,07/21/2026 23:29:55,11.45,0.00
2940,07/21/2026 23:44:55,11.54,0.00
2941,07/21/2026 23:59:55,11.58,0.00
2942,07/22/2026 00:14:55,11.67,0.00
2943,07/22/2026 00:29:55,11.67,0.00
2944,07/22/2026 00:44:55,11.84,0.00
2945,07/22/2026 00:59:55,11.97,0.00
2946,07/22/2026 01:14:55,12.10,0.00
2947,07/22/2026 01:29:55,12.27,0.00
2948,07/22/2026 01:44:55,12.74,0.00
2949,07/22/2026 01:59:55,12.57,0.00
2950,07/22/2026 02:14:55,12.44,0.00
2951,07/22/2026 02:29:55,12.35,0.00
2952,07/22/2026 02:44:55,12.44,0.00
2953,07/22/2026 02:59:55,12.57,0.00
2954,07/22/2026 03:14:55,12.44,0.00
2955,07/22/2026 03:29:55,12.48,0.00
2956,07/22/2026 03:44:55,12.40,0.00
2957,07/22/2026 03:59:55,12.35,0.00
2958,07/22/2026 04:14:55,12.35,0.00
2959,07/22/2026 04:29:55,12.31,0.00
2960,07/22/2026 04:44:55,12.31,0.00
2961,07/22/2026 04:59:55,12.18,0.22
2962,07/22/2026 05:14:55,12.10,3.17
2963,07/22/2026 05:29:55,12.01,9.74
2964,07/22/2026 05:44:55,11.88,24.08
2965,07/22/2026 05:59:55,11.79,30.43
2966,07/22/2026 06:14:55,11.71,40.47
2967,07/22/2026 06:29:55,11.62,84.68
2968,07/22/2026 06:44:55,11.62,82.84
2969,07/22/2026 06:59:55,11.62,109.36
2970,07/22/2026 07:14:55,11.62,133.08
2971,07/22/2026 07:29:55,11.54,218.72
2972,07/22/2026 07:44:55,11.54,263.44
2973,07/22/2026 07:59:55,11.49,543.20
2974,07/22/2026 08:14:55,11.54,811.84
2975,07/22/2026 08:29:55,11.62,1587.84
2976,07/22/2026 08:44:55,11.62,1427.20
2977,07/22/2026 08:59:55,11.67,1068.16
2978,07/22/2026 09:14:55,11.54,1589.76
2979,07/22/2026 09:29:55,11.49,1561.60
2980,07/22/2026 09:44:55,11.11,2043.52
2981,07/22/2026 09:59:55,10.38,2125.44
2982,07/22/2026 10:14:55,10.04,2801.92
2983,07/22/2026 10:29:55,9.91,3290.88
2984,07/22/2026 10:44:55,9.74,3106.56
2985,07/22/2026 10:59:55,9.65,2880.00
2986,07/22/2026 11:14:55,9.95,2859.52
2987,07/22/2026 11:29:55,10.38,2152.96
2988,07/22/2026 11:44:55,10.98,2230.40
2989,07/22/2026 11:59:55,11.45,2212.48
2990,07/22/2026 12:14:55,11.24,2177.92
2991,07/22/2026 12:29:55,11.19,2238.08
2992,07/22/2026 12:44:55,11.19,2504.32
2993,07/22/2026 12:59:55,11.24,2486.40
2994,07/22/2026 13:14:55,11.19,2350.08
2995,07/22/2026 13:29:55,11.19,2458.88
2996,07/22/2026 13:44:55,11.19,1933.44
2997,07/22/2026 13:59:55,11.19,1845.12
2998,07/22/2026 14:14:55,11.19,1535.36
2999,07/22/2026 14:29:55,11.11,1173.44
3000,07/22/2026 14:44:55,11.02,1016.32
3001,07/22/2026 14:59:55,10.98,904.96
3002,07/22/2026 15:14:55,10.94,808.00
3003,07/22/2026 15:29:55,10.89,567.20
3004,07/22/2026 15:44:55,10.98,507.84
3005,07/22/2026 15:59:55,11.07,383.04
3006,07/22/2026 16:14:55,11.02,267.28
3007,07/22/2026 16:29:55,10.89,253.44
3008,07/22/2026 16:44:55,10.85,243.44
3009,07/22/2026 16:59:55,10.72,284.48
3010,07/22/2026 17:14:55,10.68,248.24
3011,07/22/2026 17:29:55,10.59,342.88
3012,07/22/2026 17:44:55,10.68,221.68
3013,07/22/2026 17:59:55,10.64,164.00
3014,07/22/2026 18:14:55,10.59,202.40
3015,07/22/2026 18:29:55,10.55,165.92
3016,07/22/2026 18:44:55,10.51,138.64
3017,07/22/2026 18:59:55,10.55,129.56
3018,07/22/2026 19:14:55,10.46,170.56
3019,07/22/2026 19:29:55,10.42,131.36
3020,07/22/2026 19:44:55,10.38,101.20
3021,07/22/2026 19:59:55,10.42,81.16
3022,07/22/2026 20:14:55,10.34,47.78
3023,07/22/2026 20:29:55,10.25,43.18
3024,07/22/2026 20:44:55,10.25,43.18
3025,07/22/2026 20:59:55,10.21,21.59
3026,07/22/2026 21:14:55,10.25,10.65
3027,07/22/2026 21:29:55,10.16,3.40
3028,07/22/2026 21:44:55,10.12,0.68
3029,07/22/2026 21:59:55,10.21,0.00
3030,07/22/2026 22:14:55,9.65,0.00
3031,07/22/2026 22:29:55,9.01,0.00
3032,07/22/2026 22:44:55,8.92,0.00
3033,07/22/2026 22:59:55,8.83,0.00
3034,07/22/2026 23:14:55,8.83,0.00
3035,07/22/2026 23:29:55,8.75,0.00
3036,07/22/2026 23:44:55,8.79,0.00
3037,07/22/2026 23:59:55,8.79,0.00
3038,07/23/2026 00:14:55,8.75,0.00
3039,07/23/2026 00:29:55,8.71,0.00
3040,07/23/2026 00:44:55,8.71,0.00
3041,07/23/2026 00:59:55,8.88,0.00
3042,07/23/2026 01:14:55,8.88,0.00
3043,07/23/2026 01:29:55,9.05,0.00
3044,07/23/2026 01:44:55,9.26,0.00
3045,07/23/2026 01:59:55,9.31,0.00
3046,07/23/2026 02:14:55,9.39,0.00
3047,07/23/2026 02:29:55,9.39,0.00
3048,07/23/2026 02:44:55,9.44,0.00
3049,07/23/2026 02:59:55,9.39,0.00
3050,07/23/2026 03:14:55,9.44,0.00
3051,07/23/2026 03:29:55,9.48,0.00
3052,07/23/2026 03:44:55,9.48,0.22
3053,07/23/2026 03:59:55,9.52,0.00
3054,07/23/2026 04:14:55,9.52,0.00
3055,07/23/2026 04:29:55,9.48,0.00
3056,07/23/2026 04:44:55,9.52,0.00
3057,07/23/2026 04:59:55,9.48,0.90
3058,07/23/2026 05:14:55,9.44,5.21
3059,07/23/2026 05:29:55,9.44,16.80
3060,07/23/2026 05:44:55,9.39,57.40
3061,07/23/2026 05:59:55,9.39,56.00
3062,07/23/2026 06:14:55,9.39,102.92
3063,07/23/2026 06:29:55,9.39,142.92
3064,07/23/2026 06:44:55,9.39,225.36
3065,07/23/2026 06:59:55,9.39,280.00
3066,07/23/2026 07:14:55,9.35,434.40
3067,07/23/2026 07:29:55,9.39,1273.28
3068,07/23/2026 07:44:55,9.39,1257.60
3069,07/23/2026 07:59:55,9.44,1834.24
3070,07/23/2026 08:14:55,9.48,2571.52
3071,07/23/2026 08:29:55,9.52,4316.16
3072,07/23/2026 08:44:55,9.56,2611.84
3073,07/23/2026 08:59:55,9.61,6067.20
3074,07/23/2026 09:14:55,9.78,13926.40
3075,07/23/2026 09:29:55,9.69,7283.20
3076,07/23/2026 09:44:55,9.65,7265.28
3077,07/23/2026 09:59:55,9.69,10416.64
3078,07/23/2026 10:14:55,9.99,20828.16
3079,07/23/2026 10:29:55,9.91,12282.88
3080,07/23/2026 10:44:55,9.91,11223.04
3081,07/23/2026 10:59:55,9.95,11258.88
3082,07/23/2026 11:14:55,10.16,15390.72
3083,07/23/2026 11:29:55,10.21,12968.96
3084,07/23/2026 11:44:55,10.12,13056.00
3085,07/23/2026 11:59:55,10.21,11944.96
3086,07/23/2026 12:14:55,10.38,12861.44
3087,07/23/2026 12:29:55,10.81,13511.68
3088,07/23/2026 12:44:55,10.94,12902.40
3089,07/23/2026 12:59:55,11.15,12666.88
3090,07/23/2026 13:14:55,11.15,12375.04
3091,07/23/2026 13:29:55,11.02,4990.72
3092,07/23/2026 13:44:55,11.07,3601.92
3093,07/23/2026 13:59:55,11.11,6551.04
3094,07/23/2026 14:14:55,10.89,1864.96
3095,07/23/2026 14:29:55,10.98,3837.44
3096,07/23/2026 14:44:55,11.07,2190.72
3097,07/23/2026 14:59:55,11.37,1000.00
3098,07/23/2026 15:14:55,11.58,1233.28
3099,07/23/2026 15:29:55,11.49,981.12
3100,07/23/2026 15:44:55,11.28,465.12
3101,07/23/2026 15:59:55,11.19,1088.00
3102,07/23/2026 16:14:55,11.11,1925.76
3103,07/23/2026 16:29:55,11.19,2568.32
3104,07/23/2026 16:44:55,10.94,1136.96
3105,07/23/2026 16:59:55,10.94,908.48
3106,07/23/2026 17:14:55,10.98,542.72
3107,07/23/2026 17:29:55,10.89,1213.12
3108,07/23/2026 17:44:55,10.77,1109.76
3109,07/23/2026 17:59:55,10.77,1159.68
3110,07/23/2026 18:14:55,10.68,1193.28
3111,07/23/2026 18:29:55,10.64,1245.12
3112,07/23/2026 18:44:55,10.68,1344.00
3113,07/23/2026 18:59:55,10.72,1273.28
3114,07/23/2026 19:14:55,10.72,1103.68
3115,07/23/2026 19:29:55,10.77,961.28
3116,07/23/2026 19:44:55,10.81,761.28
3117,07/23/2026 19:59:55,10.94,416.64
3118,07/23/2026 20:14:55,10.94,900.48
3119,07/23/2026 20:29:55,11.07,653.28
3120,07/23/2026 20:44:55,11.02,475.20
3121,07/23/2026 20:59:55,11.02,266.40
3122,07/23/2026 21:14:55,10.89,145.88
3123,07/23/2026 21:29:55,10.94,49.58
3124,07/23/2026 21:44:55,10.77,12.92
3125,07/23/2026 21:59:55,10.68,1.81
3126,07/23/2026 22:14:55,10.68,0.00
3127,07/23/2026 22:29:55,10.64,0.00
3128,07/23/2026 22:44:55,10.59,0.00
3129,07/23/2026 22:59:55,10.59,0.22
3130,07/23/2026 23:14:55,10.68,0.00
3131,07/23/2026 23:29:55,10.68,0.00
3132,07/23/2026 23:44:55,10.59,0.00
3133,07/23/2026 23:59:55,10.68,0.00
3134,07/24/2026 00:14:55,10.72,0.00
3135,07/24/2026 00:29:55,10.68,0.00
3136,07/24/2026 00:44:55,10.68,0.00
3137,07/24/2026 00:59:55,10.64,0.00
3138,07/24/2026 01:14:55,10.55,0.00
3139,07/24/2026 01:29:55,10.55,0.00
3140,07/24/2026 01:44:55,10.51,0.00
3141,07/24/2026 01:59:55,10.42,0.00
3142,07/24/2026 02:14:55,10.42,0.00
3143,07/24/2026 02:29:55,10.38,0.00
3144,07/24/2026 02:44:55,10.34,0.00
3145,07/24/2026 02:59:55,10.16,0.00
3146,07/24/2026 03:14:55,10.21,0.00
3147,07/24/2026 03:29:55,10.08,0.00
3148,07/24/2026 03:44:55,9.99,0.00
3149,07/24/2026 03:59:55,9.86,0.00
3150,07/24/2026 04:14:55,9.74,0.00
3151,07/24/2026 04:29:55,9.74,0.00
3152,07/24/2026 04:44:55,9.69,1.13
3153,07/24/2026 04:59:55,9.69,8.38
3154,07/24/2026 05:14:55,9.69,37.74
3155,07/24/2026 05:29:55,9.74,108.48
3156,07/24/2026 05:44:55,9.74,230.56
3157,07/24/2026 05:59:55,9.74,436.64
3158,07/24/2026 06:14:55,9.69,703.04
3159,07/24/2026 06:29:55,9.69,1061.76
3160,07/24/2026 06:44:55,9.78,1552.00
3161,07/24/2026 06:59:55,9.65,1115.20
3162,07/24/2026 07:14:55,9.78,2275.84
3163,07/24/2026 07:29:55,9.91,2984.96
3164,07/24/2026 07:44:55,9.86,3302.40
3165,07/24/2026 07:59:55,9.91,3347.20
3166,07/24/2026 08:14:55,9.99,5527.04
3167,07/24/2026 08:29:55,10.08,8240.64
3168,07/24/2026 08:44:55,10.16,7572.48
3169,07/24/2026 08:59:55,10.16,5744.64
3170,07/24/2026 09:14:55,10.38,7434.24
3171,07/24/2026 09:29:55,10.29,7398.40
3172,07/24/2026 09:44:55,10.46,5667.84
3173,07/24/2026 09:59:55,10.55,7979.52
3174,07/24/2026 10:14:55,10.68,4682.24
3175,07/24/2026 10:29:55,10.77,7137.28
3176,07/24/2026 10:44:55,10.85,10170.88
3177,07/24/2026 10:59:55,11.02,7111.68
3178,07/24/2026 11:14:55,11.24,9300.48
3179,07/24/2026 11:29:55,11.49,9525.76
3180,07/24/2026 11:44:55,11.28,9612.80
3181,07/24/2026 11:59:55,11.67,8995.84
3182,07/24/2026 12:14:55,11.54,12590.08
3183,07/24/2026 12:29:55,12.27,9873.92
3184,07/24/2026 12:44:55,11.84,8965.12
3185,07/24/2026 12:59:55,12.61,8747.52
3186,07/24/2026 13:14:55,12.27,8814.08
3187,07/24/2026 13:29:55,12.78,7216.64
3188,07/24/2026 13:44:55,13.34,8335.36
3189,07/24/2026 13:59:55,13.04,12953.60
3190,07/24/2026 14:14:55,13.85,21585.92
3191,07/24/2026 14:29:55,13.94,15703.04
3192,07/24/2026 14:44:55,14.50,17525.76
3193,07/24/2026 14:59:55,14.37,11054.08
3194,07/24/2026 15:14:55,14.50,11023.36
3195,07/24/2026 15:29:55,15.18,12497.92
3196,07/24/2026 15:44:55,15.36,6691.84
3197,07/24/2026 15:59:55,15.53,6364.16
3198,07/24/2026 16:14:55,15.91,5995.52
3199,07/24/2026 16:29:55,15.83,3898.88
3200,07/24/2026 16:44:55,16.34,2579.20
3201,07/24/2026 16:59:55,16.94,1858.56
3202,07/24/2026 17:14:55,16.90,5107.20
3203,07/24/2026 17:29:55,16.90,3782.40
3204,07/24/2026 17:44:55,17.07,3176.96
3205,07/24/2026 17:59:55,17.16,1751.68
3206,07/24/2026 18:14:55,17.24,1298.56
3207,07/24/2026 18:29:55,17.24,1342.72
3208,07/24/2026 18:44:55,17.29,664.00
3209,07/24/2026 18:59:55,17.37,1262.40
3210,07/24/2026 19:14:55,17.16,2837.76
3211,07/24/2026 19:29:55,17.24,1579.52
3212,07/24/2026 19:44:55,16.77,440.64
3213,07/24/2026 19:59:55,15.66,419.36
3214,07/24/2026 20:14:55,15.14,97.60
3215,07/24/2026 20:29:55,15.10,44.14
3216,07/24/2026 20:44:55,15.40,86.60
3217,07/24/2026 20:59:55,15.36,33.21
3218,07/24/2026 21:14:55,15.53,31.85
3219,07/24/2026 21:29:55,16.21,6.57
3220,07/24/2026 21:44:55,15.74,1.81
3221,07/24/2026 21:59:55,15.57,0.00
3222,07/24/2026 22:14:55,15.48,0.00
3223,07/24/2026 22:29:55,15.44,0.00
3224,07/24/2026 22:44:55,15.48,0.00
3225,07/24/2026 22:59:55,15.44,0.00
3226,07/24/2026 23:14:55,15.83,0.00
3227,07/24/2026 23:29:55,15.74,0.00
3228,07/24/2026 23:44:55,15.61,0.00
3229,07/24/2026 23:59:55,15.53,0.00
3230,07/25/2026 00:14:55,15.78,0.00
3231,07/25/2026 00:29:55,15.48,0.00
3232,07/25/2026 00:44:55,15.27,0.00
3233,07/25/2026 00:59:55,15.18,0.00
3234,07/25/2026 01:14:55,15.44,0.00
3235,07/25/2026 01:29:55,15.36,0.00
3236,07/25/2026 01:44:55,15.36,0.00
3237,07/25/2026 01:59:55,15.18,0.00
3238,07/25/2026 02:14:55,14.97,0.00
3239,07/25/2026 02:29:55,14.97,0.00
3240,07/25/2026 02:44:55,14.93,0.00
3241,07/25/2026 02:59:55,14.93,0.00
3242,07/25/2026 03:14:55,14.93,0.22
3243,07/25/2026 03:29:55,14.97,0.00
3244,07/25/2026 03:44:55,14.84,0.00
3245,07/25/2026 03:59:55,14.80,0.00
3246,07/25/2026 04:14:55,14.84,0.00
3247,07/25/2026 04:29:55,14.71,0.00
3248,07/25/2026 04:44:55,14.67,0.00
3249,07/25/2026 04:59:55,14.33,0.22
3250,07/25/2026 05:14:55,14.24,4.30
3251,07/25/2026 05:29:55,13.64,12.69
3252,07/25/2026 05:44:55,13.60,28.17
3253,07/25/2026 05:59:55,13.55,72.48
3254,07/25/2026 06:14:55,13.81,23.38
3255,07/25/2026 06:29:55,13.98,32.25
3256,07/25/2026 06:44:55,13.90,60.98
3257,07/25/2026 06:59:55,13.85,44.54
3258,07/25/2026 07:14:55,13.77,53.66
3259,07/25/2026 07:29:55,13.64,107.56
3260,07/25/2026 07:44:55,13.55,110.28
3261,07/25/2026 07:59:55,13.38,129.32
3262,07/25/2026 08:14:55,13.43,210.56
3263,07/25/2026 08:29:55,13.34,608.00
3264,07/25/2026 08:44:55,13.38,283.60
3265,07/25/2026 08:59:55,13.38,371.04
3266,07/25/2026 09:14:55,13.51,512.32
3267,07/25/2026 09:29:55,13.55,376.48
3268,07/25/2026 09:44:55,13.38,783.36
3269,07/25/2026 09:59:55,13.43,1027.20
3270,07/25/2026 10:14:55,13.38,709.44
3271,07/25/2026 10:29:55,13.43,876.80
3272,07/25/2026 10:44:55,13.47,1559.68
3273,07/25/2026 10:59:55,13.51,1136.96
3274,07/25/2026 11:14:55,13.47,674.24
3275,07/25/2026 11:29:55,13.51,618.40
3276,07/25/2026 11:44:55,13.51,589.44
3277,07/25/2026 11:59:55,13.17,536.32
3278,07/25/2026 12:14:55,12.78,574.40
3279,07/25/2026 12:29:55,12.27,901.44
3280,07/25/2026 12:44:55,11.88,912.96
3281,07/25/2026 12:59:55,11.79,891.20
3282,07/25/2026 13:14:55,11.71,1148.80
3283,07/25/2026 13:29:55,11.62,1838.72
3284,07/25/2026 13:44:55,11.58,2047.36
3285,07/25/2026 13:59:55,11.58,1756.16
3286,07/25/2026 14:14:55,11.49,1431.04
3287,07/25/2026 14:29:55,11.58,3367.68
3288,07/25/2026 14:44:55,11.62,3880.96
3289,07/25/2026 14:59:55,11.62,3521.28
3290,07/25/2026 15:14:55,11.67,2451.84
3291,07/25/2026 15:29:55,11.67,1185.28
3292,07/25/2026 15:44:55,11.79,1030.08
3293,07/25/2026 15:59:55,11.88,1368.96
3294,07/25/2026 16:14:55,11.92,1050.88
3295,07/25/2026 16:29:55,12.01,1978.24
3296,07/25/2026 16:44:55,12.18,576.32
3297,07/25/2026 16:59:55,12.40,884.16
3298,07/25/2026 17:14:55,12.52,297.44
3299,07/25/2026 17:29:55,12.74,563.04
3300,07/25/2026 17:44:55,12.61,856.00
3301,07/25/2026 17:59:55,12.52,359.20
3302,07/25/2026 18:14:55,12.61,825.92
3303,07/25/2026 18:29:55,12.57,285.44
3304,07/25/2026 18:44:55,12.44,394.88
3305,07/25/2026 18:59:55,12.48,685.12
3306,07/25/2026 19:14:55,12.40,372.96
3307,07/25/2026 19:29:55,12.18,335.52
3308,07/25/2026 19:44:55,12.18,294.48
3309,07/25/2026 19:59:55,12.01,219.68
3310,07/25/2026 20:14:55,12.01,136.68
3311,07/25/2026 20:29:55,11.92,130.36
3312,07/25/2026 20:44:55,11.88,72.38
3313,07/25/2026 20:59:55,11.79,71.52
3314,07/25/2026 21:14:55,11.71,38.59
3315,07/25/2026 21:29:55,11.75,4.98
3316,07/25/2026 21:44:55,11.71,2.04
3317,07/25/2026 21:59:55,11.71,0.00
3318,07/25/2026 22:14:55,11.75,0.00
3319,07/25/2026 22:29:55,11.79,0.00
3320,07/25/2026 22:44:55,11.79,0.00
3321,07/25/2026 22:59:55,11.79,0.00
3322,07/25/2026 23:14:55,11.79,0.00
3323,07/25/2026 23:29:55,11.62,0.00
3324,07/25/2026 23:44:55,11.58,0.00
3325,07/25/2026 23:59:55,11.15,0.00
3326,07/26/2026 00:14:55,10.85,0.00
3327,07/26/2026 00:29:55,10.77,0.00
3328,07/26/2026 00:44:55,10.64,0.00
3329,07/26/2026 00:59:55,10.42,0.00
3330,07/26/2026 01:14:55,10.42,0.00
3331,07/26/2026 01:29:55,10.38,0.00
3332,07/26/2026 01:44:55,10.38,0.00
3333,07/26/2026 01:59:55,10.34,0.00
3334,07/26/2026 02:14:55,10.38,0.00
3335,07/26/2026 02:29:55,10.42,0.00
3336,07/26/2026 02:44:55,10.38,0.00
3337,07/26/2026 02:59:55,10.46,0.00
3338,07/26/2026 03:14:55,10.38,0.00
3339,07/26/2026 03:29:55,10.38,0.00
3340,07/26/2026 03:44:55,10.34,0.00
3341,07/26/2026 03:59:55,10.38,0.00
3342,07/26/2026 04:14:55,10.42,0.00
3343,07/26/2026 04:29:55,10.38,0.00
3344,07/26/2026 04:44:55,10.42,0.22
3345,07/26/2026 04:59:55,10.42,2.04
3346,07/26/2026 05:14:55,10.42,21.17
3347,07/26/2026 05:29:55,10.46,66.02
3348,07/26/2026 05:44:55,10.34,133.96
3349,07/26/2026 05:59:55,10.42,263.68
3350,07/26/2026 06:14:55,10.38,443.36
3351,07/26/2026 06:29:55,10.38,626.56
3352,07/26/2026 06:44:55,10.42,836.80
3353,07/26/2026 06:59:55,10.51,1575.68
3354,07/26/2026 07:14:55,10.68,1413.76
3355,07/26/2026 07:29:55,10.68,1551.36
3356,07/26/2026 07:44:55,10.77,1766.40
3357,07/26/2026 07:59:55,10.98,3590.40
3358,07/26/2026 08:14:55,10.85,2247.04
3359,07/26/2026 08:29:55,11.02,3710.72
3360,07/26/2026 08:44:55,10.94,3084.80
3361,07/26/2026 08:59:55,11.24,5560.32
3362,07/26/2026 09:14:55,11.24,6289.92
3363,07/26/2026 09:29:55,11.45,5872.64
3364,07/26/2026 09:44:55,11.49,5027.84
3365,07/26/2026 09:59:55,11.75,4512.00
3366,07/26/2026 10:14:55,11.84,5795.84
3367,07/26/2026 10:29:55,11.84,6231.04
3368,07/26/2026 10:44:55,11.79,7413.76
3369,07/26/2026 10:59:55,11.88,7956.48
3370,07/26/2026 11:14:55,12.35,6717.44
3371,07/26/2026 11:29:55,12.35,7352.32
3372,07/26/2026 11:44:55,12.44,7134.72
3373,07/26/2026 11:59:55,12.65,9356.80
3374,07/26/2026 12:14:55,12.70,9177.60
3375,07/26/2026 12:29:55,13.04,11489.28
3376,07/26/2026 12:44:55,13.21,9786.88
3377,07/26/2026 12:59:55,13.38,10547.20
3378,07/26/2026 13:14:55,13.47,7820.80
3379,07/26/2026 13:29:55,13.51,10700.80
3380,07/26/2026 13:44:55,13.64,8481.28
3381,07/26/2026 13:59:55,13.68,7690.24
3382,07/26/2026 14:14:55,13.77,7326.72
3383,07/26/2026 14:29:55,13.81,7733.76
3384,07/26/2026 14:44:55,13.81,6778.88
3385,07/26/2026 14:59:55,13.81,6397.44
3386,07/26/2026 15:14:55,13.85,7232.00
3387,07/26/2026 15:29:55,13.94,6819.84
3388,07/26/2026 15:44:55,13.94,5959.68
3389,07/26/2026 15:59:55,14.03,5911.04
3390,07/26/2026 16:14:55,14.11,5114.88
3391,07/26/2026 16:29:55,14.24,4907.52
3392,07/26/2026 16:44:55,14.41,4152.32
3393,07/26/2026 16:59:55,14.50,3906.56
3394,07/26/2026 17:14:55,14.41,3471.36
3395,07/26/2026 17:29:55,14.50,3150.08
3396,07/26/2026 17:44:55,14.63,2689.28
3397,07/26/2026 17:59:55,14.88,2854.40
3398,07/26/2026 18:14:55,15.14,1869.44
3399,07/26/2026 18:29:55,16.08,1144.32
3400,07/26/2026 18:44:55,15.91,903.04
3401,07/26/2026 18:59:55,15.96,694.08
3402,07/26/2026 19:14:55,15.44,185.84
3403,07/26/2026 19:29:55,15.14,243.44
3404,07/26/2026 19:44:55,14.97,447.04
3405,07/26/2026 19:59:55,14.84,305.60
3406,07/26/2026 20:14:55,14.71,175.92
3407,07/26/2026 20:29:55,14.45,115.72
3408,07/26/2026 20:44:55,14.33,63.24
3409,07/26/2026 20:59:55,14.33,38.14
3410,07/26/2026 21:14:55,14.07,17.45
3411,07/26/2026 21:29:55,13.98,4.76
3412,07/26/2026 21:44:55,13.90,0.22
3413,07/26/2026 21:59:55,13.94,0.00
3414,07/26/2026 22:14:55,13.98,0.00
3415,07/26/2026 22:29:55,13.64,0.00
3416,07/26/2026 22:44:55,13.60,0.00
3417,07/26/2026 22:59:55,13.68,0.00
3418,07/26/2026 23:14:55,13.68,0.00
3419,07/26/2026 23:29:55,13.81,0.00
3420,07/26/2026 23:44:55,13.98,0.00
3421,07/26/2026 23:59:55,13.98,0.00
3422,07/27/2026 00:14:55,13.98,0.00
3423,07/27/2026 00:29:55,13.98,0.00
3424,07/27/2026 00:44:55,13.90,0.00
3425,07/27/2026 00:59:55,13.85,0.00
3426,07/27/2026 01:14:55,13.81,0.00
3427,07/27/2026 01:29:55,13.73,0.00
3428,07/27/2026 01:44:55,13.68,0.00
3429,07/27/2026 01:59:55,13.77,0.00
3430,07/27/2026 02:14:55,14.07,0.00
3431,07/27/2026 02:29:55,13.98,0.00
3432,07/27/2026 02:44:55,13.90,0.00
3433,07/27/2026 02:59:55,14.11,0.00
3434,07/27/2026 03:14:55,13.94,0.00
3435,07/27/2026 03:29:55,14.11,0.00
3436,07/27/2026 03:44:55,14.11,0.00
3437,07/27/2026 03:59:55,14.07,0.00
3438,07/27/2026 04:14:55,14.03,0.00
3439,07/27/2026 04:29:55,14.03,0.00
3440,07/27/2026 04:44:55,13.85,0.00
3441,07/27/2026 04:59:55,13.64,1.13
3442,07/27/2026 05:14:55,13.68,9.52
3443,07/27/2026 05:29:55,13.60,31.34
3444,07/27/2026 05:44:55,13.64,71.02
3445,07/27/2026 05:59:55,13.55,138.52
3446,07/27/2026 06:14:55,13.51,278.16
3447,07/27/2026 06:29:55,13.51,267.28
3448,07/27/2026 06:44:55,13.51,580.32
3449,07/27/2026 06:59:55,13.38,808.32
3450,07/27/2026 07:14:55,12.91,762.56
3451,07/27/2026 07:29:55,12.44,743.36
3452,07/27/2026 07:44:55,12.48,959.36
3453,07/27/2026 07:59:55,12.57,795.20
3454,07/27/2026 08:14:55,12.70,1011.84
3455,07/27/2026 08:29:55,12.82,1371.52
3456,07/27/2026 08:44:55,12.74,845.12
3457,07/27/2026 08:59:55,12.87,1200.64
3458,07/27/2026 09:14:55,12.95,1434.24
3459,07/27/2026 09:29:55,13.00,1940.48
3460,07/27/2026 09:44:55,13.12,1647.36
3461,07/27/2026 09:59:55,13.17,1687.68
3462,07/27/2026 10:14:55,13.25,1492.48
3463,07/27/2026 10:29:55,13.12,1646.72
3464,07/27/2026 10:44:55,13.25,1794.56
3465,07/27/2026 10:59:55,13.25,2156.16
3466,07/27/2026 11:14:55,13.60,1768.96
3467,07/27/2026 11:29:55,13.77,1149.76
3468,07/27/2026 11:44:55,14.11,1387.52
3469,07/27/2026 11:59:55,14.15,1370.24
3470,07/27/2026 12:14:55,14.37,2690.56
3471,07/27/2026 12:29:55,14.45,1696.64
3472,07/27/2026 12:44:55,14.88,2707.20
3473,07/27/2026 12:59:55,15.23,2818.56
3474,07/27/2026 13:14:55,15.27,2590.08
3475,07/27/2026 13:29:55,15.57,2613.12
3476,07/27/2026 13:44:55,15.70,2689.28
3477,07/27/2026 13:59:55,15.66,2606.08
3478,07/27/2026 14:14:55,15.53,2379.52
3479,07/27/2026 14:29:55,14.97,2254.08
3480,07/27/2026 14:44:55,14.71,2216.32
3481,07/27/2026 14:59:55,14.58,2569.60
3482,07/27/2026 15:14:55,14.67,2680.32
3483,07/27/2026 15:29:55,14.80,2528.00
3484,07/27/2026 15:44:55,14.71,2021.12
3485,07/27/2026 15:59:55,14.75,2129.28
3486,07/27/2026 16:14:55,14.41,1799.04
3487,07/27/2026 16:29:55,14.15,1853.44
3488,07/27/2026 16:44:55,13.47,2151.04
3489,07/27/2026 16:59:55,13.34,1757.44
3490,07/27/2026 17:14:55,13.38,2264.96
3491,07/27/2026 17:29:55,13.51,1472.64
3492,07/27/2026 17:44:55,13.60,1204.16
3493,07/27/2026 17:59:55,14.11,1243.20
3494,07/27/2026 18:14:55,14.67,955.84
3495,07/27/2026 18:29:55,15.14,1000.96
3496,07/27/2026 18:44:55,15.40,816.96
3497,07/27/2026 18:59:55,16.99,826.88
3498,07/27/2026 19:14:55,17.37,700.48
3499,07/27/2026 19:29:55,16.60,663.36
3500,07/27/2026 19:44:55,16.26,407.52
3501,07/27/2026 19:59:55,16.04,309.20
3502,07/27/2026 20:14:55,15.27,202.40
3503,07/27/2026 20:29:55,14.93,102.00
3504,07/27/2026 20:44:55,14.84,12.27
3505,07/27/2026 20:59:55,14.71,8.38
3506,07/27/2026 21:14:55,14.75,2.26
3507,07/27/2026 21:29:55,14.71,0.00
3508,07/27/2026 21:44:55,14.67,0.00
3509,07/27/2026 21:59:55,14.58,0.00
3510,07/27/2026 22:14:55,14.41,0.00
3511,07/27/2026 22:29:55,14.28,0.00
3512,07/27/2026 22:44:55,14.20,0.00
3513,07/27/2026 22:59:55,14.15,0.00
3514,07/27/2026 23:14:55,14.11,0.00
3515,07/27/2026 23:29:55,14.07,0.00
3516,07/27/2026 23:44:55,14.03,0.00
3517,07/27/2026 23:59:55,14.07,0.00
3518,07/28/2026 00:14:55,14.03,0.00
3519,07/28/2026 00:29:55,14.07,0.00
3520,07/28/2026 00:44:55,14.07,0.00
3521,07/28/2026 00:59:55,14.07,0.00
3522,07/28/2026 01:14:55,14.15,0.00
3523,07/28/2026 01:29:55,14.15,0.00
3524,07/28/2026 01:44:55,14.24,0.00
3525,07/28/2026 01:59:55,14.28,0.00
3526,07/28/2026 02:14:55,14.41,0.00
3527,07/28/2026 02:29:55,14.50,0.00
3528,07/28/2026 02:44:55,14.41,0.00
3529,07/28/2026 02:59:55,14.37,0.00
3530,07/28/2026 03:14:55,14.33,0.00
3531,07/28/2026 03:29:55,14.33,0.00
3532,07/28/2026 03:44:55,14.41,0.00
3533,07/28/2026 03:59:55,14.33,0.00
3534,07/28/2026 04:14:55,14.41,0.00
3535,07/28/2026 04:29:55,14.41,0.00
3536,07/28/2026 04:44:55,14.41,0.00
3537,07/28/2026 04:59:55,14.45,0.00
3538,07/28/2026 05:14:55,14.54,1.36
3539,07/28/2026 05:29:55,14.54,5.66
3540,07/28/2026 05:44:55,14.54,15.41
3541,07/28/2026 05:59:55,14.41,31.85
3542,07/28/2026 06:14:55,14.33,29.53
3543,07/28/2026 06:29:55,14.50,98.72
3544,07/28/2026 06:44:55,14.24,56.96
3545,07/28/2026 06:59:55,14.45,108.68
3546,07/28/2026 07:14:55,14.58,64.66
3547,07/28/2026 07:29:55,14.67,118.68
3548,07/28/2026 07:44:55,14.67,134.20
3549,07/28/2026 07:59:55,14.41,176.24
3550,07/28/2026 08:14:55,14.11,128.64
3551,07/28/2026 08:29:55,14.33,239.36
3552,07/28/2026 08:44:55,14.45,263.84
3553,07/28/2026 08:59:55,14.41,315.12
3554,07/28/2026 09:14:55,14.41,346.08
3555,07/28/2026 09:29:55,14.54,248.48
3556,07/28/2026 09:44:55,14.75,273.84
3557,07/28/2026 09:59:55,14.84,252.08
3558,07/28/2026 10:14:55,14.88,309.44
3559,07/28/2026 10:29:55,15.01,304.00
3560,07/28/2026 10:44:55,14.97,256.64
3561,07/28/2026 10:59:55,14.97,362.40
3562,07/28/2026 11:14:55,15.01,389.92
3563,07/28/2026 11:29:55,15.23,411.68
3564,07/28/2026 11:44:55,15.31,585.28
3565,07/28/2026 11:59:55,15.61,369.76
3566,07/28/2026 12:14:55,15.48,398.88
3567,07/28/2026 12:29:55,15.61,464.64
3568,07/28/2026 12:44:55,15.61,560.32
3569,07/28/2026 12:59:55,15.74,417.12
3570,07/28/2026 13:14:55,16.04,598.88
3571,07/28/2026 13:29:55,16.17,539.52
3572,07/28/2026 13:44:55,16.51,625.28
3573,07/28/2026 13:59:55,16.77,726.72
3574,07/28/2026 14:14:55,16.94,579.04
3575,07/28/2026 14:29:55,17.11,584.80
3576,07/28/2026 14:44:55,17.20,609.76
3577,07/28/2026 14:59:55,17.24,620.64
3578,07/28/2026 15:14:55,16.34,594.40
3579,07/28/2026 15:29:55,15.83,768.00
3580,07/28/2026 15:44:55,15.14,544.00
3581,07/28/2026 15:59:55,14.33,564.00
3582,07/28/2026 16:14:55,14.03,670.08
3583,07/28/2026 16:29:55,13.68,851.84
3584,07/28/2026 16:44:55,13.38,549.44
3585,07/28/2026 16:59:55,12.70,728.64
3586,07/28/2026 17:14:55,12.44,285.60
3587,07/28/2026 17:29:55,13.00,332.32
3588,07/28/2026 17:44:55,13.08,366.72
3589,07/28/2026 17:59:55,13.81,222.64
3590,07/28/2026 18:14:55,14.50,463.84
3591,07/28/2026 18:29:55,14.97,322.40
3592,07/28/2026 18:44:55,15.66,444.80
3593,07/28/2026 18:59:55,16.00,254.80
3594,07/28/2026 19:14:55,17.50,208.08
3595,07/28/2026 19:29:55,17.63,172.48
3596,07/28/2026 19:44:55,16.56,126.84
3597,07/28/2026 19:59:55,15.61,91.24
3598,07/28/2026 20:14:55,15.10,65.18
3599,07/28/2026 20:29:55,14.88,31.45
3600,07/28/2026 20:44:55,14.71,16.83
3601,07/28/2026 20:59:55,14.63,8.84
3602,07/28/2026 21:14:55,14.58,3.17
3603,07/28/2026 21:29:55,14.45,0.45
3604,07/28/2026 21:44:55,14.41,0.00
3605,07/28/2026 21:59:55,14.33,0.00
3606,07/28/2026 22:14:55,14.28,0.00
3607,07/28/2026 22:29:55,14.15,0.00
3608,07/28/2026 22:44:55,14.11,0.00
3609,07/28/2026 22:59:55,13.98,0.00
3610,07/28/2026 23:14:55,13.90,0.00
3611,07/28/2026 23:29:55,13.90,0.00
3612,07/28/2026 23:44:55,13.85,0.00
3613,07/28/2026 23:59:55,13.77,0.00
3614,07/29/2026 00:14:55,13.68,0.00
3615,07/29/2026 00:29:55,13.64,0.00
3616,07/29/2026 00:44:55,13.60,0.00
3617,07/29/2026 00:59:55,13.55,0.00
3618,07/29/2026 01:14:55,13.55,0.00
3619,07/29/2026 01:29:55,13.55,0.00
3620,07/29/2026 01:44:55,13.55,0.00
3621,07/29/2026 01:59:55,13.51,0.00
3622,07/29/2026 02:14:55,13.38,0.00
3623,07/29/2026 02:29:55,13.43,0.00
3624,07/29/2026 02:44:55,13.34,0.00
3625,07/29/2026 02:59:55,13.25,0.00
3626,07/29/2026 03:14:55,13.25,0.00
3627,07/29/2026 03:29:55,13.17,0.00
3628,07/29/2026 03:44:55,13.12,0.00
3629,07/29/2026 03:59:55,13.04,0.00
3630,07/29/2026 04:14:55,13.00,0.00
3631,07/29/2026 04:29:55,12.91,0.00
3632,07/29/2026 04:44:55,12.87,0.00
3633,07/29/2026 04:59:55,12.87,0.00
3634,07/29/2026 05:14:55,12.65,2.26
3635,07/29/2026 05:29:55,12.57,8.84
3636,07/29/2026 05:44:55,12.48,23.46
3637,07/29/2026 05:59:55,12.31,50.60
3638,07/29/2026 06:14:55,12.35,64.78
3639,07/29/2026 06:29:55,12.31,92.24
3640,07/29/2026 06:44:55,12.22,131.60
3641,07/29/2026 06:59:55,12.35,161.76
3642,07/29/2026 07:14:55,12.52,260.48
3643,07/29/2026 07:29:55,12.44,260.48
3644,07/29/2026 07:44:55,12.52,94.88
3645,07/29/2026 07:59:55,12.61,303.28
3646,07/29/2026 08:14:55,12.87,291.52
3647,07/29/2026 08:29:55,12.95,424.80
3648,07/29/2026 08:44:55,13.21,522.24
3649,07/29/2026 08:59:55,13.17,395.36
3650,07/29/2026 09:14:55,13.30,544.00
3651,07/29/2026 09:29:55,13.94,804.16
3652,07/29/2026 09:44:55,13.98,472.80
3653,07/29/2026 09:59:55,14.15,1034.56
3654,07/29/2026 10:14:55,13.81,977.60
3655,07/29/2026 10:29:55,14.07,950.40
3656,07/29/2026 10:44:55,14.24,1084.48
3657,07/29/2026 10:59:55,14.28,1288.64
3658,07/29/2026 11:14:55,14.41,984.64
3659,07/29/2026 11:29:55,14.71,1375.36
3660,07/29/2026 11:44:55,14.93,1324.80
3661,07/29/2026 11:59:55,15.23,2068.48
3662,07/29/2026 12:14:55,15.91,1344.00
3663,07/29/2026 12:29:55,16.13,1360.00
3664,07/29/2026 12:44:55,16.08,1407.36
3665,07/29/2026 12:59:55,16.30,1686.40
3666,07/29/2026 13:14:55,16.69,1183.36
3667,07/29/2026 13:29:55,16.56,1402.88
3668,07/29/2026 13:44:55,16.69,1286.72
3669,07/29/2026 13:59:55,16.69,1491.84
3670,07/29/2026 14:14:55,16.94,1268.48
3671,07/29/2026 14:29:55,16.90,1206.08
3672,07/29/2026 14:44:55,17.11,1297.60
3673,07/29/2026 14:59:55,17.20,1208.64
3674,07/29/2026 15:14:55,17.24,1259.52
3675,07/29/2026 15:29:55,17.24,1462.40
3676,07/29/2026 15:44:55,16.77,1436.80
3677,07/29/2026 15:59:55,17.11,1209.60
3678,07/29/2026 16:14:55,16.90,1429.76
3679,07/29/2026 16:29:55,15.87,1329.92
3680,07/29/2026 16:44:55,15.40,1338.24
3681,07/29/2026 16:59:55,15.44,1368.32
3682,07/29/2026 17:14:55,16.08,1027.20
3683,07/29/2026 17:29:55,16.64,1088.00
3684,07/29/2026 17:44:55,16.64,975.68
3685,07/29/2026 17:59:55,16.34,728.96
3686,07/29/2026 18:14:55,15.83,1057.28
3687,07/29/2026 18:29:55,15.36,641.60
3688,07/29/2026 18:44:55,15.44,640.16
3689,07/29/2026 18:59:55,15.40,511.84
3690,07/29/2026 19:14:55,15.23,756.80
3691,07/29/2026 19:29:55,15.44,528.16
3692,07/29/2026 19:44:55,15.83,339.36
3693,07/29/2026 19:59:55,16.21,292.88
3694,07/29/2026 20:14:55,16.60,182.32
3695,07/29/2026 20:29:55,16.73,115.84
3696,07/29/2026 20:44:55,17.41,63.70
3697,07/29/2026 20:59:55,18.40,34.57
3698,07/29/2026 21:14:55,18.27,13.40
3699,07/29/2026 21:29:55,17.89,3.17
3700,07/29/2026 21:44:55,17.59,0.22
3701,07/29/2026 21:59:55,16.47,0.00
3702,07/29/2026 22:14:55,15.66,0.00
3703,07/29/2026 22:29:55,15.31,0.00
3704,07/29/2026 22:44:55,15.01,0.00
3705,07/29/2026 22:59:55,14.80,0.00
3706,07/29/2026 23:14:55,14.67,0.00
3707,07/29/2026 23:29:55,14.67,0.00
3708,07/29/2026 23:44:55,14.58,0.00
3709,07/29/2026 23:59:55,14.58,0.00
3710,07/30/2026 00:14:55,14.54,0.00
3711,07/30/2026 00:29:55,14.54,0.00
3712,07/30/2026 00:44:55,14.41,0.00
3713,07/30/2026 00:59:55,14.45,0.00
3714,07/30/2026 01:14:55,14.45,0.00
3715,07/30/2026 01:29:55,14.41,0.00
3716,07/30/2026 01:44:55,14.45,0.00
3717,07/30/2026 01:59:55,14.45,0.00
3718,07/30/2026 02:14:55,14.54,0.00
3719,07/30/2026 02:29:55,14.58,0.00
3720,07/30/2026 02:44:55,14.71,0.00
3721,07/30/2026 02:59:55,14.67,0.00
3722,07/30/2026 03:14:55,14.71,0.00
3723,07/30/2026 03:29:55,14.67,0.00
3724,07/30/2026 03:44:55,14.84,0.00
3725,07/30/2026 03:59:55,14.67,0.00
3726,07/30/2026 04:14:55,14.67,0.00
3727,07/30/2026 04:29:55,14.63,0.00
3728,07/30/2026 04:44:55,14.63,0.00
3729,07/30/2026 04:59:55,14.58,0.00
3730,07/30/2026 05:14:55,14.54,3.62
3731,07/30/2026 05:29:55,13.90,14.96
3732,07/30/2026 05:44:55,13.08,40.47
3733,07/30/2026 05:59:55,13.00,71.98
3734,07/30/2026 06:14:55,12.91,139.64
3735,07/30/2026 06:29:55,12.78,254.80
3736,07/30/2026 06:44:55,12.78,234.64
3737,07/30/2026 06:59:55,12.91,358.88
3738,07/30/2026 07:14:55,13.04,519.52
3739,07/30/2026 07:29:55,13.08,630.24
3740,07/30/2026 07:44:55,13.60,9466.88
3741,07/30/2026 07:59:55,13.81,16747.52
3742,07/30/2026 08:14:55,14.20,18432.00
3743,07/30/2026 08:29:55,14.58,20198.40
3744,07/30/2026 08:44:55,14.88,20643.84
3745,07/30/2026 08:59:55,15.31,21319.68
3746,07/30/2026 09:14:55,16.00,22272.00
3747,07/30/2026 09:29:55,16.39,23244.80
3748,07/30/2026 09:44:55,16.43,20633.60
3749,07/30/2026 09:59:55,16.30,17495.04
3750,07/30/2026 10:14:55,16.81,18606.08
3751,07/30/2026 10:29:55,16.86,26634.24
3752,07/30/2026 10:44:55,17.16,37601.28
3753,07/30/2026 10:59:55,17.89,18237.44
3754,07/30/2026 11:14:55,17.72,27996.16
3755,07/30/2026 11:29:55,16.64,19015.68
3756,07/30/2026 11:44:55,17.24,18099.20
3757,07/30/2026 11:59:55,17.93,29583.36
3758,07/30/2026 12:14:55,18.83,13900.80
3759,07/30/2026 12:29:55,18.96,27371.52
3760,07/30/2026 12:44:55,18.70,28139.52
3761,07/30/2026 12:59:55,19.00,23941.12
3762,07/30/2026 13:14:55,19.26,23664.64
3763,07/30/2026 13:29:55,19.43,27719.68
3764,07/30/2026 13:44:55,18.96,16824.32
3765,07/30/2026 13:59:55,19.35,19906.56
3766,07/30/2026 14:14:55,19.30,29235.20
3767,07/30/2026 14:29:55,20.16,13440.00
3768,07/30/2026 14:44:55,19.43,7275.52
3769,07/30/2026 14:59:55,20.12,7841.28
3770,07/30/2026 15:14:55,19.90,12830.72
3771,07/30/2026 15:29:55,20.80,810.56
3772,07/30/2026 15:44:55,20.07,5667.84
3773,07/30/2026 15:59:55,20.93,922.24
3774,07/30/2026 16:14:55,21.40,1591.04
3775,07/30/2026 16:29:55,21.62,2741.76
3776,07/30/2026 16:44:55,20.80,1853.44
3777,07/30/2026 16:59:55,21.62,8355.84
3778,07/30/2026 17:14:55,22.05,12881.92
3779,07/30/2026 17:29:55,21.40,16220.16
3780,07/30/2026 17:44:55,21.58,4693.76
3781,07/30/2026 17:59:55,21.53,13301.76
3782,07/30/2026 18:14:55,21.62,10536.96
3783,07/30/2026 18:29:55,21.45,3523.84
3784,07/30/2026 18:44:55,21.45,3398.40
3785,07/30/2026 18:59:55,21.40,7825.92
3786,07/30/2026 19:14:55,21.36,2105.60
3787,07/30/2026 19:29:55,21.40,3089.92
3788,07/30/2026 19:44:55,21.32,3486.72
3789,07/30/2026 19:59:55,21.19,1436.16
3790,07/30/2026 20:14:55,21.15,1802.88
3791,07/30/2026 20:29:55,21.06,1142.40
3792,07/30/2026 20:44:55,20.89,473.28
3793,07/30/2026 20:59:55,20.93,238.00
3794,07/30/2026 21:14:55,20.76,81.16
3795,07/30/2026 21:29:55,20.63,4.53
3796,07/30/2026 21:44:55,20.63,3.17
3797,07/30/2026 21:59:55,20.59,0.00
3798,07/30/2026 22:14:55,20.63,0.00
3799,07/30/2026 22:29:55,20.55,0.00
3800,07/30/2026 22:44:55,20.50,0.00
3801,07/30/2026 22:59:55,18.96,0.00
3802,07/30/2026 23:14:55,17.29,0.00
3803,07/30/2026 23:29:55,16.81,0.00
3804,07/30/2026 23:44:55,16.60,0.00
3805,07/30/2026 23:59:55,16.56,0.00
3806,07/31/2026 00:14:55,16.51,0.00
3807,07/31/2026 00:29:55,16.51,0.00
3808,07/31/2026 00:44:55,16.51,0.00
3809,07/31/2026 00:59:55,16.51,0.00
3810,07/31/2026 01:14:55,16.43,0.00
3811,07/31/2026 01:29:55,16.51,0.00
3812,07/31/2026 01:44:55,16.64,0.00
3813,07/31/2026 01:59:55,16.90,0.00
3814,07/31/2026 02:14:55,17.03,0.00
3815,07/31/2026 02:29:55,17.16,0.00
3816,07/31/2026 02:44:55,17.76,0.00
3817,07/31/2026 02:59:55,17.46,0.00
3818,07/31/2026 03:14:55,18.14,0.00
3819,07/31/2026 03:29:55,17.16,0.00
3820,07/31/2026 03:44:55,17.76,0.00
3821,07/31/2026 03:59:55,17.80,0.00
3822,07/31/2026 04:14:55,17.46,0.00
3823,07/31/2026 04:29:55,17.72,0.00
3824,07/31/2026 04:44:55,17.72,0.00
3825,07/31/2026 04:59:55,17.72,0.45
3826,07/31/2026 05:14:55,17.63,6.80
3827,07/31/2026 05:29:55,17.59,64.60
3828,07/31/2026 05:44:55,17.63,62.74
3829,07/31/2026 05:59:55,17.54,35.02
3830,07/31/2026 06:14:55,17.46,141.24
3831,07/31/2026 06:29:55,17.54,414.56
3832,07/31/2026 06:44:55,17.46,132.04
3833,07/31/2026 06:59:55,17.50,564.48
3834,07/31/2026 07:14:55,17.46,624.80
3835,07/31/2026 07:29:55,17.50,1296.64
3836,07/31/2026 07:44:55,17.72,4824.32
3837,07/31/2026 07:59:55,17.84,3475.20
3838,07/31/2026 08:14:55,17.59,5585.92
3839,07/31/2026 08:29:55,17.67,3054.08
3840,07/31/2026 08:44:55,17.72,4160.00
3841,07/31/2026 08:59:55,17.72,3605.76
3842,07/31/2026 09:14:55,17.80,2771.20
3843,07/31/2026 09:29:55,17.84,2613.12
3844,07/31/2026 09:44:55,17.89,3472.64
3845,07/31/2026 09:59:55,16.64,5570.56
3846,07/31/2026 10:14:55,15.74,5030.40
3847,07/31/2026 10:29:55,15.91,4646.40
3848,07/31/2026 10:44:55,16.39,4704.00
3849,07/31/2026 10:59:55,16.64,3717.12
3850,07/31/2026 11:14:55,16.51,3372.80
3851,07/31/2026 11:29:55,16.51,1621.12
3852,07/31/2026 11:44:55,16.51,2397.44
3853,07/31/2026 11:59:55,16.47,2836.48
3854,07/31/2026 12:14:55,16.47,2151.04
3855,07/31/2026 12:29:55,16.39,1507.84
3856,07/31/2026 12:44:55,16.39,1645.44
3857,07/31/2026 12:59:55,16.47,2444.80
3858,07/31/2026 13:14:55,16.51,1549.44
3859,07/31/2026 13:29:55,16.56,1966.08
3860,07/31/2026 13:44:55,16.51,1502.72
3861,07/31/2026 13:59:55,16.51,1553.92
3862,07/31/2026 14:14:55,16.56,2003.84
3863,07/31/2026 14:29:55,16.77,2292.48
3864,07/31/2026 14:44:55,16.64,2501.12
3865,07/31/2026 14:59:55,16.90,2264.96
3866,07/31/2026 15:14:55,17.03,2827.52
3867,07/31/2026 15:29:55,17.24,2199.68
3868,07/31/2026 15:44:55,17.24,2272.64
3869,07/31/2026 15:59:55,17.46,1916.80
3870,07/31/2026 16:14:55,17.59,1591.04
3871,07/31/2026 16:29:55,16.17,1285.76
3872,07/31/2026 16:44:55,13.85,1029.12
3873,07/31/2026 16:59:55,12.22,1185.28
3874,07/31/2026 17:14:55,11.79,864.00
3875,07/31/2026 17:29:55,11.24,719.04
3876,07/31/2026 17:44:55,11.02,784.32
3877,07/31/2026 17:59:55,10.85,628.48
3878,07/31/2026 18:14:55,10.77,593.92
3879,07/31/2026 18:29:55,10.77,729.92
3880,07/31/2026 18:44:55,10.81,535.52
3881,07/31/2026 18:59:55,10.81,445.28
3882,07/31/2026 19:14:55,10.72,532.80
3883,07/31/2026 19:29:55,10.81,324.64
3884,07/31/2026 19:44:55,10.81,188.80
3885,07/31/2026 19:59:55,10.68,177.68
3886,07/31/2026 20:14:55,10.89,162.20
3887,07/31/2026 20:29:55,11.07,100.20
3888,07/31/2026 20:44:55,11.28,60.08
3889,07/31/2026 20:59:55,11.92,37.69
3890,07/31/2026 21:14:55,14.15,13.37
3891,07/31/2026 21:29:55,14.97,2.49
3892,07/31/2026 21:44:55,14.97,0.00
3893,07/31/2026 21:59:55,14.63,0.00
3894,07/31/2026 22:14:55,13.68,0.00
3895,07/31/2026 22:29:55,13.68,0.00
3896,07/31/2026 22:44:55,13.68,0.00
3897,07/31/2026 22:59:55,13.68,0.00
3898,07/31/2026 23:14:55,13.68,0.00
3899,07/31/2026 23:29:55,13.60,0.00
3900,07/31/2026 23:44:55,13.64,0.00
3901,07/31/2026 23:59:55,13.77,0.00
3902,08/01/2026 00:14:55,13.85,0.00
3903,08/01/2026 00:29:55,13.90,0.00
3904,08/01/2026 00:44:55,13.98,0.00
3905,08/01/2026 00:59:55,13.98,0.00
3906,08/01/2026 01:14:55,13.90,0.00
3907,08/01/2026 01:29:55,13.85,0.00
3908,08/01/2026 01:44:55,13.81,0.00
3909,08/01/2026 01:59:55,13.81,0.00
3910,08/01/2026 02:14:55,13.68,0.00
3911,08/01/2026 02:29:55,13.51,0.00
3912,08/01/2026 02:44:55,13.55,0.00
3913,08/01/2026 02:59:55,13.47,0.00
3914,08/01/2026 03:14:55,13.51,0.00
3915,08/01/2026 03:29:55,13.55,0.00
3916,08/01/2026 03:44:55,13.55,0.00
3917,08/01/2026 03:59:55,13.55,0.00
3918,08/01/2026 04:14:55,13.51,0.00
3919,08/01/2026 04:29:55,13.51,0.00
3920,08/01/2026 04:44:55,13.51,0.00
3921,08/01/2026 04:59:55,13.43,0.00
3922,08/01/2026 05:14:55,13.38,1.36
3923,08/01/2026 05:29:55,13.38,10.42
3924,08/01/2026 05:44:55,13.34,32.25
3925,08/01/2026 05:59:55,13.34,60.08
3926,08/01/2026 06:14:55,13.17,107.56
3927,08/01/2026 06:29:55,13.21,172.48
3928,08/01/2026 06:44:55,12.95,222.64
3929,08/01/2026 06:59:55,12.95,313.04
3930,08/01/2026 07:14:55,12.74,307.60
3931,08/01/2026 07:29:55,12.74,424.32
3932,08/01/2026 07:44:55,12.74,561.28
3933,08/01/2026 07:59:55,12.70,614.40
3934,08/01/2026 08:14:55,12.78,792.32
3935,08/01/2026 08:29:55,12.74,1127.04
3936,08/01/2026 08:44:55,13.21,1767.04
3937,08/01/2026 08:59:55,13.21,1895.04
3938,08/01/2026 09:14:55,13.77,13598.72
3939,08/01/2026 09:29:55,14.24,18222.08
3940,08/01/2026 09:44:55,14.24,7738.88
3941,08/01/2026 09:59:55,14.80,11939.84
3942,08/01/2026 10:14:55,14.88,14289.92
3943,08/01/2026 10:29:55,15.01,11371.52
3944,08/01/2026 10:44:55,15.27,7848.96
3945,08/01/2026 10:59:55,15.31,9510.40
3946,08/01/2026 11:14:55,15.27,13419.52
3947,08/01/2026 11:29:55,15.53,15139.84
3948,08/01/2026 11:44:55,15.96,13644.80
3949,08/01/2026 11:59:55,15.61,10293.76
3950,08/01/2026 12:14:55,15.31,9743.36
3951,08/01/2026 12:29:55,15.27,9474.56
3952,08/01/2026 12:44:55,15.14,8560.64
3953,08/01/2026 12:59:55,15.18,9103.36
3954,08/01/2026 13:14:55,15.18,7877.12
3955,08/01/2026 13:29:55,15.27,7144.96
3956,08/01/2026 13:44:55,15.48,7623.68
3957,08/01/2026 13:59:55,15.74,6169.60
3958,08/01/2026 14:14:55,15.91,6597.12
3959,08/01/2026 14:29:55,16.04,6863.36
3960,08/01/2026 14:44:55,16.17,6615.04
3961,08/01/2026 14:59:55,16.51,6177.28
3962,08/01/2026 15:14:55,16.51,6694.40
3963,08/01/2026 15:29:55,16.64,8248.32
3964,08/01/2026 15:44:55,16.47,8212.48
3965,08/01/2026 15:59:55,16.51,12569.60
3966,08/01/2026 16:14:55,16.77,9047.04
3967,08/01/2026 16:29:55,17.07,7441.92
3968,08/01/2026 16:44:55,17.41,7979.52
3969,08/01/2026 16:59:55,17.33,5952.00
3970,08/01/2026 17:14:55,16.43,7667.20
3971,08/01/2026 17:29:55,15.14,6528.00
3972,08/01/2026 17:44:55,14.71,5998.08
3973,08/01/2026 17:59:55,14.15,8145.92
3974,08/01/2026 18:14:55,13.60,4490.24
3975,08/01/2026 18:29:55,13.30,4921.60
3976,08/01/2026 18:44:55,12.91,4185.60
3977,08/01/2026 18:59:55,12.91,3623.68
3978,08/01/2026 19:14:55,12.70,3319.04
3979,08/01/2026 19:29:55,12.48,2020.48
3980,08/01/2026 19:44:55,12.48,2433.92
3981,08/01/2026 19:59:55,12.48,1646.72
3982,08/01/2026 20:14:55,12.27,1282.24
3983,08/01/2026 20:29:55,12.18,896.64
3984,08/01/2026 20:44:55,12.14,404.00
3985,08/01/2026 20:59:55,12.10,197.92
3986,08/01/2026 21:14:55,12.35,74.70
3987,08/01/2026 21:29:55,12.44,15.19
3988,08/01/2026 21:44:55,12.52,1.36
3989,08/01/2026 21:59:55,12.87,0.00
3990,08/01/2026 22:14:55,13.85,0.00
3991,08/01/2026 22:29:55,15.48,0.00
3992,08/01/2026 22:44:55,15.06,0.00
3993,08/01/2026 22:59:55,14.71,0.00
3994,08/01/2026 23:14:55,14.20,0.00
3995,08/01/2026 23:29:55,14.28,0.00
3996,08/01/2026 23:44:55,14.33,0.00
3997,08/01/2026 23:59:55,14.33,0.00
3998,08/02/2026 00:14:55,14.37,0.00
3999,08/02/2026 00:29:55,14.33,0.00
4000,08/02/2026 00:44:55,14.37,0.00
4001,08/02/2026 00:59:55,14.33,0.00
4002,08/02/2026 01:14:55,14.33,0.00
4003,08/02/2026 01:29:55,14.33,0.00
4004,08/02/2026 01:44:55,14.33,0.00
4005,08/02/2026 01:59:55,14.37,0.00
4006,08/02/2026 02:14:55,14.28,0.00
4007,08/02/2026 02:29:55,14.28,0.00
4008,08/02/2026 02:44:55,14.24,0.00
4009,08/02/2026 02:59:55,14.24,0.00
4010,08/02/2026 03:14:55,14.20,0.00
4011,08/02/2026 03:29:55,14.11,0.00
4012,08/02/2026 03:44:55,14.07,0.00
4013,08/02/2026 03:59:55,14.07,0.00
4014,08/02/2026 04:14:55,14.03,0.00
4015,08/02/2026 04:29:55,13.98,0.00
4016,08/02/2026 04:44:55,13.90,0.00
4017,08/02/2026 04:59:55,13.85,0.22
4018,08/02/2026 05:14:55,13.73,4.76
4019,08/02/2026 05:29:55,13.68,26.81
4020,08/02/2026 05:44:55,13.73,76.56
4021,08/02/2026 05:59:55,13.77,177.68
4022,08/02/2026 06:14:55,13.81,287.20
4023,08/02/2026 06:29:55,13.85,560.00
4024,08/02/2026 06:44:55,13.85,735.36
4025,08/02/2026 06:59:55,13.98,1219.52
4026,08/02/2026 07:14:55,13.90,1368.96
4027,08/02/2026 07:29:55,13.94,1443.20
4028,08/02/2026 07:44:55,13.81,1564.80
4029,08/02/2026 07:59:55,13.98,1962.24
4030,08/02/2026 08:14:55,13.94,1975.04
4031,08/02/2026 08:29:55,13.81,2591.36
4032,08/02/2026 08:44:55,14.03,2846.72
4033,08/02/2026 08:59:55,14.20,3194.88
4034,08/02/2026 09:14:55,14.37,4025.60
4035,08/02/2026 09:29:55,14.93,7042.56
4036,08/02/2026 09:44:55,15.18,7772.16
4037,08/02/2026 09:59:55,15.40,10403.84
4038,08/02/2026 10:14:55,15.83,10408.96
4039,08/02/2026 10:29:55,15.87,9786.88
4040,08/02/2026 10:44:55,16.26,9917.44
4041,08/02/2026 10:59:55,16.47,9656.32
4042,08/02/2026 11:14:55,16.90,11540.48
4043,08/02/2026 11:29:55,16.73,11545.60
4044,08/02/2026 11:44:55,16.81,12354.56
4045,08/02/2026 11:59:55,16.73,7777.28
4046,08/02/2026 12:14:55,16.94,5143.04
4047,08/02/2026 12:29:55,17.67,4856.32
4048,08/02/2026 12:44:55,17.59,8568.32
4049,08/02/2026 12:59:55,17.07,6794.24
4050,08/02/2026 13:14:55,17.03,8857.60
4051,08/02/2026 13:29:55,16.90,6394.88
4052,08/02/2026 13:44:55,16.99,7769.60
4053,08/02/2026 13:59:55,16.99,5637.12
4054,08/02/2026 14:14:55,16.90,6016.00
4055,08/02/2026 14:29:55,16.94,5928.96
4056,08/02/2026 14:44:55,17.20,5081.60
4057,08/02/2026 14:59:55,17.24,5987.84
4058,08/02/2026 15:14:55,17.46,4000.00
4059,08/02/2026 15:29:55,17.84,4032.00
4060,08/02/2026 15:44:55,17.80,3616.00
4061,08/02/2026 15:59:55,17.97,3717.12
4062,08/02/2026 16:14:55,18.19,4424.96
4063,08/02/2026 16:29:55,18.40,3811.84
4064,08/02/2026 16:44:55,18.66,3688.96
4065,08/02/2026 16:59:55,18.83,3244.80
4066,08/02/2026 17:14:55,18.87,3863.04
4067,08/02/2026 17:29:55,19.05,3027.20
4068,08/02/2026 17:44:55,19.00,3155.20
4069,08/02/2026 17:59:55,18.92,5312.00
4070,08/02/2026 18:14:55,19.09,3456.00
4071,08/02/2026 18:29:55,18.96,2858.24
4072,08/02/2026 18:44:55,19.05,4881.92
4073,08/02/2026 18:59:55,18.96,4098.56
4074,08/02/2026 19:14:55,18.83,2569.60
4075,08/02/2026 19:29:55,18.92,2759.68
4076,08/02/2026 19:44:55,18.62,1966.08
4077,08/02/2026 19:59:55,18.62,1994.88
4078,08/02/2026 20:14:55,18.36,1049.28
4079,08/02/2026 20:29:55,18.40,1070.08
4080,08/02/2026 20:44:55,18.32,432.96
4081,08/02/2026 20:59:55,18.23,206.08
4082,08/02/2026 21:14:55,18.10,67.38
4083,08/02/2026 21:29:55,17.93,12.49
4084,08/02/2026 21:44:55,17.84,1.58
4085,08/02/2026 21:59:55,17.80,0.00
4086,08/02/2026 22:14:55,17.59,0.00
4087,08/02/2026 22:29:55,17.41,0.00
4088,08/02/2026 22:44:55,17.41,0.00
4089,08/02/2026 22:59:55,17.24,0.00
4090,08/02/2026 23:14:55,17.11,0.00
4091,08/02/2026 23:29:55,17.07,0.00
4092,08/02/2026 23:44:55,16.94,0.00
4093,08/02/2026 23:59:55,16.86,0.00
4094,08/03/2026 00:14:55,16.77,0.00
4095,08/03/2026 00:29:55,16.47,0.00
4096,08/03/2026 00:44:55,15.57,0.00
4097,08/03/2026 00:59:55,15.44,0.00
4098,08/03/2026 01:14:55,15.10,0.00
4099,08/03/2026 01:29:55,14.80,0.00
4100,08/03/2026 01:44:55,14.84,0.00
4101,08/03/2026 01:59:55,14.84,0.22
4102,08/03/2026 02:14:55,14.88,0.00
4103,08/03/2026 02:29:55,14.88,0.00
4104,08/03/2026 02:44:55,14.84,0.00
4105,08/03/2026 02:59:55,14.84,0.00
4106,08/03/2026 03:14:55,14.80,0.00
4107,08/03/2026 03:29:55,14.71,0.00
4108,08/03/2026 03:44:55,14.67,0.00
4109,08/03/2026 03:59:55,14.54,0.00
4110,08/03/2026 04:14:55,14.50,0.00
4111,08/03/2026 04:29:55,14.37,0.00
4112,08/03/2026 04:44:55,14.24,0.00
4113,08/03/2026 04:59:55,14.20,0.45
4114,08/03/2026 05:14:55,14.11,7.93
4115,08/03/2026 05:29:55,14.03,43.70
4116,08/03/2026 05:44:55,13.94,147.68
4117,08/03/2026 05:59:55,13.81,310.08
4118,08/03/2026 06:14:55,13.64,557.28
4119,08/03/2026 06:29:55,13.51,862.40
4120,08/03/2026 06:44:55,13.55,1274.88
4121,08/03/2026 06:59:55,13.38,1768.96
4122,08/03/2026 07:14:55,13.38,1984.00
4123,08/03/2026 07:29:55,13.90,3166.72
4124,08/03/2026 07:44:55,15.66,5027.84
4125,08/03/2026 07:59:55,17.63,5201.92
4126,08/03/2026 08:14:55,19.39,5527.04
4127,08/03/2026 08:29:55,18.49,5785.60
4128,08/03/2026 08:44:55,19.17,6054.40
4129,08/03/2026 08:59:55,17.63,6302.72
4130,08/03/2026 09:14:55,16.94,6512.64
4131,08/03/2026 09:29:55,17.16,6789.12
4132,08/03/2026 09:44:55,17.46,6963.20
4133,08/03/2026 09:59:55,18.06,7214.08
4134,08/03/2026 10:14:55,18.36,7406.08
4135,08/03/2026 10:29:55,18.74,7528.96
4136,08/03/2026 10:44:55,19.90,7682.56
4137,08/03/2026 10:59:55,19.86,7856.64
4138,08/03/2026 11:14:55,19.95,8058.88
4139,08/03/2026 11:29:55,19.47,9031.68
4140,08/03/2026 11:44:55,18.49,31262.72
4141,08/03/2026 11:59:55,18.10,34990.08
4142,08/03/2026 12:14:55,17.93,43028.48
4143,08/03/2026 12:29:55,17.33,27719.68
4144,08/03/2026 12:44:55,16.99,42106.88
4145,08/03/2026 12:59:55,16.81,33198.08
4146,08/03/2026 13:14:55,17.03,24432.64
4147,08/03/2026 13:29:55,17.20,23244.80
4148,08/03/2026 13:44:55,17.41,19225.60
4149,08/03/2026 13:59:55,18.44,22046.72
4150,08/03/2026 14:14:55,20.68,21667.84
4151,08/03/2026 14:29:55,21.23,35338.24
4152,08/03/2026 14:44:55,21.06,21852.16
4153,08/03/2026 14:59:55,20.85,22896.64
4154,08/03/2026 15:14:55,20.50,18375.68
4155,08/03/2026 15:29:55,20.25,21667.84
4156,08/03/2026 15:44:55,20.68,19261.44
4157,08/03/2026 15:59:55,20.46,23879.68
4158,08/03/2026 16:14:55,20.63,19993.60
4159,08/03/2026 16:29:55,20.72,14059.52
4160,08/03/2026 16:44:55,20.72,17397.76
4161,08/03/2026 16:59:55,20.76,15016.96
4162,08/03/2026 17:14:55,20.59,16030.72
4163,08/03/2026 17:29:55,20.59,9495.04
4164,08/03/2026 17:44:55,20.89,13557.76
4165,08/03/2026 17:59:55,20.68,12948.48
4166,08/03/2026 18:14:55,20.72,8865.28
4167,08/03/2026 18:29:55,20.80,10531.84
4168,08/03/2026 18:44:55,20.55,3114.24
4169,08/03/2026 18:59:55,21.06,6676.48
4170,08/03/2026 19:14:55,20.80,5107.20
4171,08/03/2026 19:29:55,20.59,3311.36
4172,08/03/2026 19:44:55,21.15,2520.96
4173,08/03/2026 19:59:55,21.02,2227.20
4174,08/03/2026 20:14:55,20.93,2186.88
4175,08/03/2026 20:29:55,20.33,934.08
4176,08/03/2026 20:44:55,20.07,593.44
4177,08/03/2026 20:59:55,20.37,300.80
4178,08/03/2026 21:14:55,19.82,72.42
4179,08/03/2026 21:29:55,19.77,14.08
4180,08/03/2026 21:44:55,19.56,1.58
4181,08/03/2026 21:59:55,18.96,0.00
4182,08/03/2026 22:14:55,14.50,0.00
4183,08/03/2026 22:29:55,18.14,0.00
4184,08/03/2026 22:44:55,18.79,0.00
4185,08/03/2026 22:59:55,18.74,0.00
4186,08/03/2026 23:14:55,18.57,0.00
4187,08/03/2026 23:29:55,18.53,0.00
4188,08/03/2026 23:44:55,18.27,0.00
4189,08/03/2026 23:59:55,17.54,0.00
4190,08/04/2026 00:14:55,17.24,0.00
4191,08/04/2026 00:29:55,17.03,0.00
4192,08/04/2026 00:44:55,15.96,0.00
4193,08/04/2026 00:59:55,15.70,0.00
4194,08/04/2026 01:14:55,16.17,0.00
4195,08/04/2026 01:29:55,16.99,0.00
4196,08/04/2026 01:44:55,16.94,0.00
4197,08/04/2026 01:59:55,17.11,0.00
4198,08/04/2026 02:14:55,16.43,0.00
4199,08/04/2026 02:29:55,16.60,0.00
4200,08/04/2026 02:44:55,16.64,0.00
4201,08/04/2026 02:59:55,16.51,0.00
4202,08/04/2026 03:14:55,16.60,0.00
4203,08/04/2026 03:29:55,16.51,0.00
4204,08/04/2026 03:44:55,16.43,0.00
4205,08/04/2026 03:59:55,16.47,0.00
4206,08/04/2026 04:14:55,16.39,0.00
4207,08/04/2026 04:29:55,16.26,0.00
4208,08/04/2026 04:44:55,16.26,0.00
4209,08/04/2026 04:59:55,16.08,0.45
4210,08/04/2026 05:14:55,16.08,3.17
4211,08/04/2026 05:29:55,16.08,32.76
4212,08/04/2026 05:44:55,15.87,130.36
4213,08/04/2026 05:59:55,15.87,201.52
4214,08/04/2026 06:14:55,15.78,266.16
4215,08/04/2026 06:29:55,15.66,1.81
4216,08/04/2026 06:44:55,15.66,1502.72
4217,08/04/2026 06:59:55,15.53,1012.80
4218,08/04/2026 07:14:55,15.36,817.92
4219,08/04/2026 07:29:55,15.23,808.00
4220,08/04/2026 07:44:55,15.31,58.72
4221,08/04/2026 07:59:55,15.48,2065.28
4222,08/04/2026 08:14:55,15.18,1146.24
4223,08/04/2026 08:29:55,15.06,36.38
4224,08/04/2026 08:44:55,14.88,2.94
4225,08/04/2026 08:59:55,14.88,17.08
4226,08/04/2026 09:14:55,14.97,7.02
4227,08/04/2026 09:29:55,15.14,3.85
4228,08/04/2026 09:44:55,15.36,8.61
4229,08/04/2026 09:59:55,15.57,14.11
4230,08/04/2026 10:14:55,15.74,342.56
4231,08/04/2026 10:29:55,16.39,10475.52
4232,08/04/2026 10:44:55,16.90,17694.72
4233,08/04/2026 10:59:55,16.56,3562.24
4234,08/04/2026 11:14:55,16.34,2910.72
4235,08/04/2026 11:29:55,16.51,4298.24
4236,08/04/2026 11:44:55,16.64,8276.48
4237,08/04/2026 11:59:55,16.73,9336.32
4238,08/04/2026 12:14:55,16.56,4606.72
4239,08/04/2026 12:29:55,16.60,7746.56
4240,08/04/2026 12:44:55,16.13,2928.64
4241,08/04/2026 12:59:55,16.56,4824.32
4242,08/04/2026 13:14:55,17.07,16138.24
4243,08/04/2026 13:29:55,17.33,7065.60
4244,08/04/2026 13:44:55,16.60,2384.64
4245,08/04/2026 13:59:55,16.30,6397.44
4246,08/04/2026 14:14:55,16.56,16711.68
4247,08/04/2026 14:29:55,16.30,6415.36
4248,08/04/2026 14:44:55,16.47,8829.44
4249,08/04/2026 14:59:55,16.47,5180.16
4250,08/04/2026 15:14:55,16.64,7178.24
4251,08/04/2026 15:29:55,16.81,7377.92
4252,08/04/2026 15:44:55,16.81,10234.88
4253,08/04/2026 15:59:55,17.07,10091.52
4254,08/04/2026 16:14:55,17.03,5363.20
4255,08/04/2026 16:29:55,17.11,4486.40
4256,08/04/2026 16:44:55,17.24,5299.20
4257,08/04/2026 16:59:55,17.29,4468.48
4258,08/04/2026 17:14:55,17.16,1053.76
4259,08/04/2026 17:29:55,17.37,5811.20
4260,08/04/2026 17:44:55,17.37,1491.84
4261,08/04/2026 17:59:55,17.33,652.00
4262,08/04/2026 18:14:55,17.16,341.76
4263,08/04/2026 18:29:55,16.94,333.60
4264,08/04/2026 18:44:55,16.94,439.52
4265,08/04/2026 18:59:55,16.60,364.64
4266,08/04/2026 19:14:55,16.26,598.88
4267,08/04/2026 19:29:55,16.21,1081.92
4268,08/04/2026 19:44:55,16.26,1215.04
4269,08/04/2026 19:59:55,16.56,1546.88
4270,08/04/2026 20:14:55,16.56,940.16
4271,08/04/2026 20:29:55,16.94,372.96
4272,08/04/2026 20:44:55,16.86,231.68
4273,08/04/2026 20:59:55,16.77,105.64
4274,08/04/2026 21:14:55,16.77,25.25
4275,08/04/2026 21:29:55,16.64,4.30
4276,08/04/2026 21:44:55,16.77,0.22
4277,08/04/2026 21:59:55,16.64,0.00
4278,08/04/2026 22:14:55,16.69,0.00
4279,08/04/2026 22:29:55,16.51,0.00
4280,08/04/2026 22:44:55,16.47,0.00
4281,08/04/2026 22:59:55,16.51,0.00
4282,08/04/2026 23:14:55,16.39,0.00
4283,08/04/2026 23:29:55,16.39,0.00
4284,08/04/2026 23:44:55,16.43,0.00
4285,08/04/2026 23:59:55,16.39,0.22
4286,08/05/2026 00:14:55,16.17,0.00
4287,08/05/2026 00:29:55,15.96,0.00
4288,08/05/2026 00:44:55,15.66,0.00
4289,08/05/2026 00:59:55,15.14,0.00
4290,08/05/2026 01:14:55,16.21,0.00
4291,08/05/2026 01:29:55,16.30,0.00
4292,08/05/2026 01:44:55,15.74,0.00
4293,08/05/2026 01:59:55,15.57,0.00
4294,08/05/2026 02:14:55,15.40,0.00
4295,08/05/2026 02:29:55,15.27,0.00
4296,08/05/2026 02:44:55,15.18,0.00
4297,08/05/2026 02:59:55,15.14,0.00
4298,08/05/2026 03:14:55,15.10,0.00
4299,08/05/2026 03:29:55,15.10,0.00
4300,08/05/2026 03:44:55,15.10,0.00
4301,08/05/2026 03:59:55,15.06,0.00
4302,08/05/2026 04:14:55,14.97,0.00
4303,08/05/2026 04:29:55,15.01,0.00
4304,08/05/2026 04:44:55,14.97,0.00
4305,08/05/2026 04:59:55,14.97,0.00
4306,08/05/2026 05:14:55,14.97,2.04
4307,08/05/2026 05:29:55,14.93,14.76
4308,08/05/2026 05:44:55,14.97,55.94
4309,08/05/2026 05:59:55,15.06,123.88
4310,08/05/2026 06:14:55,15.06,216.96
4311,08/05/2026 06:29:55,15.01,370.88
4312,08/05/2026 06:44:55,15.10,590.72
4313,08/05/2026 06:59:55,15.18,843.20
4314,08/05/2026 07:14:55,15.23,1094.40
4315,08/05/2026 07:29:55,15.18,1827.84
4316,08/05/2026 07:44:55,15.23,2694.40
4317,08/05/2026 07:59:55,14.93,3258.88
4318,08/05/2026 08:14:55,14.93,4986.88
4319,08/05/2026 08:29:55,15.06,5516.80
4320,08/05/2026 08:44:55,15.10,8399.36
4321,08/05/2026 08:59:55,15.10,6346.24
4322,08/05/2026 09:14:55,15.10,4308.48
4323,08/05/2026 09:29:55,15.27,6115.84
4324,08/05/2026 09:44:55,15.44,13752.32
4325,08/05/2026 09:59:55,15.70,14745.60
4326,08/05/2026 10:14:55,16.08,22497.28
4327,08/05/2026 10:29:55,16.43,22507.52
4328,08/05/2026 10:44:55,16.39,20198.40
4329,08/05/2026 10:59:55,16.81,32399.36
4330,08/05/2026 11:14:55,17.11,36577.28
4331,08/05/2026 11:29:55,17.29,19507.20
4332,08/05/2026 11:44:55,17.63,38103.04
4333,08/05/2026 11:59:55,17.72,42393.60
4334,08/05/2026 12:14:55,17.76,31426.56
4335,08/05/2026 12:29:55,18.06,34396.16
4336,08/05/2026 12:44:55,18.27,23818.24
4337,08/05/2026 12:59:55,18.92,43212.80
4338,08/05/2026 13:14:55,18.49,19015.68
4339,08/05/2026 13:29:55,18.14,21637.12
4340,08/05/2026 13:44:55,17.84,18616.32
4341,08/05/2026 13:59:55,17.76,11607.04
4342,08/05/2026 14:14:55,17.76,12876.80
4343,08/05/2026 14:29:55,17.63,15267.84
4344,08/05/2026 14:44:55,17.46,11453.44
4345,08/05/2026 14:59:55,17.54,9728.00
4346,08/05/2026 15:14:55,17.59,10915.84
4347,08/05/2026 15:29:55,17.54,8675.84
4348,08/05/2026 15:44:55,17.59,10588.16
4349,08/05/2026 15:59:55,17.59,10480.64
4350,08/05/2026 16:14:55,17.63,7528.96
4351,08/05/2026 16:29:55,17.76,6858.24
4352,08/05/2026 16:44:55,17.97,5831.68
4353,08/05/2026 16:59:55,17.76,4221.44
4354,08/05/2026 17:14:55,17.89,4025.60
4355,08/05/2026 17:29:55,18.57,3989.76
4356,08/05/2026 17:44:55,18.32,3953.92
4357,08/05/2026 17:59:55,18.27,3366.40
4358,08/05/2026 18:14:55,18.19,2650.88
4359,08/05/2026 18:29:55,18.49,2312.32
4360,08/05/2026 18:44:55,18.40,2493.44
4361,08/05/2026 18:59:55,18.27,1964.16
4362,08/05/2026 19:14:55,18.23,1500.80
4363,08/05/2026 19:29:55,18.32,1342.72
4364,08/05/2026 19:44:55,18.23,1008.32
4365,08/05/2026 19:59:55,18.32,743.04
4366,08/05/2026 20:14:55,18.49,544.96
4367,08/05/2026 20:29:55,18.36,359.04
4368,08/05/2026 20:44:55,18.27,198.80
4369,08/05/2026 20:59:55,18.27,83.76
4370,08/05/2026 21:14:55,18.06,20.23
4371,08/05/2026 21:29:55,18.02,2.72
4372,08/05/2026 21:44:55,17.97,0.00
4373,08/05/2026 21:59:55,17.97,0.00
4374,08/05/2026 22:14:55,17.93,0.00
4375,08/05/2026 22:29:55,17.84,0.00
4376,08/05/2026 22:44:55,17.16,0.00
4377,08/05/2026 22:59:55,16.99,0.00
4378,08/05/2026 23:14:55,16.99,0.00
4379,08/05/2026 23:29:55,16.99,0.00
4380,08/05/2026 23:44:55,17.37,0.00
4381,08/05/2026 23:59:55,17.37,0.00
4382,08/06/2026 00:14:55,17.24,0.00
4383,08/06/2026 00:29:55,17.29,0.00
4384,08/06/2026 00:44:55,17.24,0.00
4385,08/06/2026 00:59:55,17.37,0.00
4386,08/06/2026 01:14:55,16.56,0.00
4387,08/06/2026 01:29:55,17.11,0.00
4388,08/06/2026 01:44:55,16.69,0.00
4389,08/06/2026 01:59:55,16.90,0.00
4390,08/06/2026 02:14:55,17.03,0.00
4391,08/06/2026 02:29:55,16.90,0.00
4392,08/06/2026 02:44:55,16.64,0.00
4393,08/06/2026 02:59:55,16.43,0.00
4394,08/06/2026 03:14:55,16.17,0.00
4395,08/06/2026 03:29:55,16.08,0.00
4396,08/06/2026 03:44:55,15.91,0.22
4397,08/06/2026 03:59:55,15.83,0.00
4398,08/06/2026 04:14:55,15.83,0.00
4399,08/06/2026 04:29:55,15.78,0.00
4400,08/06/2026 04:44:55,15.74,0.00
4401,08/06/2026 04:59:55,15.74,0.00
4402,08/06/2026 05:14:55,15.70,0.90
4403,08/06/2026 05:29:55,15.70,4.98
4404,08/06/2026 05:44:55,15.61,29.07
4405,08/06/2026 05:59:55,15.57,81.04
4406,08/06/2026 06:14:55,15.74,258.88
4407,08/06/2026 06:29:55,15.91,425.76
4408,08/06/2026 06:44:55,15.87,555.36
4409,08/06/2026 06:59:55,15.83,825.92
4410,08/06/2026 07:14:55,15.83,1230.40
4411,08/06/2026 07:29:55,15.91,1762.56
4412,08/06/2026 07:44:55,16.04,2393.60
4413,08/06/2026 07:59:55,16.17,3057.92
4414,08/06/2026 08:14:55,16.39,3888.64
4415,08/06/2026 08:29:55,16.26,4199.68
4416,08/06/2026 08:44:55,16.47,7037.44
4417,08/06/2026 08:59:55,16.43,3450.88
4418,08/06/2026 09:14:55,16.60,7667.20
4419,08/06/2026 09:29:55,16.86,9945.60
4420,08/06/2026 09:44:55,16.81,10726.40
4421,08/06/2026 09:59:55,17.11,14796.80
4422,08/06/2026 10:14:55,17.24,9525.76
4423,08/06/2026 10:29:55,17.41,10242.56
4424,08/06/2026 10:44:55,18.02,12917.76
4425,08/06/2026 10:59:55,18.49,22958.08
4426,08/06/2026 11:14:55,17.93,27893.76
4427,08/06/2026 11:29:55,18.49,23080.96
4428,08/06/2026 11:44:55,18.10,177.28
4429,08/06/2026 11:59:55,17.84,110.52
4430,08/06/2026 12:14:55,24.41,13849.60
4431,08/06/2026 12:29:55,25.27,2993.92
4432,08/06/2026 12:44:55,21.88,1278.72
4433,08/06/2026 12:59:55,20.59,2976.00
4434,08/06/2026 13:14:55,17.46,452.16
4435,08/06/2026 13:29:55,18.62,1060.16
4436,08/06/2026 13:44:55,23.08,3057.92
4437,08/06/2026 13:59:55,24.15,365.12
4438,08/06/2026 14:14:55,18.06,863.36
4439,08/06/2026 14:29:55,18.70,3169.28
4440,08/06/2026 14:44:55,32.77,30986.24
4441,08/06/2026 14:59:55,34.75,37509.12
4442,08/06/2026 15:14:55,39.04,30525.44
4443,08/06/2026 15:29:55,39.55,30730.24
4444,08/06/2026 15:44:55,38.78,33771.52
4445,08/06/2026 15:59:55,37.11,34211.84
4446,08/06/2026 16:14:55,35.78,32993.28
4447,08/06/2026 16:29:55,31.49,21452.80
4448,08/06/2026 16:44:55,26.85,4762.88
4449,08/06/2026 16:59:55,25.39,7971.84
4450,08/06/2026 17:14:55,24.54,18042.88
4451,08/06/2026 17:29:55,24.32,7406.08
4452,08/06/2026 17:44:55,23.03,5637.12
4453,08/06/2026 17:59:55,21.32,412.32
4454,08/06/2026 18:14:55,25.05,54620.16
4455,08/06/2026 18:29:55,24.71,0.00
4456,08/06/2026 18:44:55,25.05,0.00
4457,08/06/2026 18:59:55,25.65,0.00
4458,08/06/2026 19:14:55,25.91,0.00
4459,08/06/2026 19:29:55,25.82,0.00
4460,08/06/2026 19:44:55,25.27,0.00
4461,08/06/2026 19:59:55,24.24,106.20
4462,08/06/2026 20:14:55,26.64,85.24
4463,08/06/2026 20:29:55,27.58,90.88
4464,08/06/2026 20:44:55,27.45,0.90
4465,08/06/2026 20:59:55,27.11,0.22
4466,08/06/2026 21:14:55,26.90,0.00
4467,08/06/2026 21:29:55,26.64,0.00
4468,08/06/2026 21:44:55,26.51,0.00
4469,08/06/2026 21:59:55,26.34,0.22
4470,08/06/2026 22:14:55,26.12,0.00
4471,08/06/2026 22:29:55,26.04,0.00
4472,08/06/2026 22:44:55,25.91,0.00
4473,08/06/2026 22:59:55,25.78,0.00
4474,08/06/2026 23:14:55,25.65,0.00
4475,08/06/2026 23:29:55,25.52,0.00
4476,08/06/2026 23:44:55,25.44,0.00
4477,08/06/2026 23:59:55,25.31,0.00
4478,08/07/2026 00:14:55,25.18,0.00
4479,08/07/2026 00:29:55,25.09,0.00
4480,08/07/2026 00:44:55,25.01,0.00
4481,08/07/2026 00:59:55,24.92,0.00
4482,08/07/2026 01:14:55,24.84,0.00
4483,08/07/2026 01:29:55,24.71,0.00
4484,08/07/2026 01:44:55,24.62,0.00
4485,08/07/2026 01:59:55,24.54,0.00
4486,08/07/2026 02:14:55,24.45,0.00
4487,08/07/2026 02:29:55,24.36,0.00
4488,08/07/2026 02:44:55,24.28,0.00
4489,08/07/2026 02:59:55,24.24,0.00
4490,08/07/2026 03:14:55,24.11,0.00
4491,08/07/2026 03:29:55,24.06,0.00
4492,08/07/2026 03:44:55,23.94,0.00
4493,08/07/2026 03:59:55,23.85,0.00
4494,08/07/2026 04:14:55,23.81,0.00
4495,08/07/2026 04:29:55,23.72,0.00
4496,08/07/2026 04:44:55,23.64,0.00
4497,08/07/2026 04:59:55,23.55,0.00
4498,08/07/2026 05:14:55,23.51,0.00
4499,08/07/2026 05:29:55,23.38,0.00
4500,08/07/2026 05:44:55,23.34,0.68
4501,08/07/2026 05:59:55,23.25,1.13
4502,08/07/2026 06:14:55,23.16,4.08
4503,08/07/2026 06:29:55,23.16,5.44
4504,08/07/2026 06:44:55,23.03,4.53
4505,08/07/2026 06:59:55,23.03,13.20
4506,08/07/2026 07:14:55,22.99,26.18
4507,08/07/2026 07:29:55,23.03,46.86
4508,08/07/2026 07:44:55,23.08,64.32
4509,08/07/2026 07:59:55,23.03,42.78
4510,08/07/2026 08:14:55,22.99,28.25
4511,08/07/2026 08:29:55,22.99,61.54
4512,08/07/2026 08:44:55,22.99,27.09
4513,08/07/2026 08:59:55,22.95,77.08
4514,08/07/2026 09:14:55,22.99,68.40
4515,08/07/2026 09:29:55,23.64,124.68
4516,08/07/2026 09:44:55,24.02,122.88
4517,08/07/2026 09:59:55,24.28,139.32
4518,08/07/2026 10:14:55,24.45,120.04
4519,08/07/2026 10:29:55,24.62,122.88
4520,08/07/2026 10:44:55,24.71,118.20
4521,08/07/2026 10:59:55,24.71,89.08
4522,08/07/2026 11:14:55,24.75,89.08
