#,Date-Time (EDT),"Temperature , øC","Light , lux"
1,06/21/2026 08:51:43,20.46,227.52
2,06/21/2026 09:06:43,20.93,364.16
3,06/21/2026 09:21:43,19.86,371.20
4,06/21/2026 09:36:43,15.18,1027.20
5,06/21/2026 09:51:43,12.70,0.00
6,06/21/2026 10:06:43,12.14,0.21
7,06/21/2026 10:21:43,20.37,65556.48
8,06/21/2026 10:36:43,20.93,58224.64
9,06/21/2026 10:51:43,20.46,16097.28
10,06/21/2026 11:06:43,25.57,39925.76
11,06/21/2026 11:21:43,16.21,26777.60
12,06/21/2026 11:36:43,18.87,22272.00
13,06/21/2026 11:51:43,22.26,23193.60
14,06/21/2026 12:06:43,21.75,88842.24
15,06/21/2026 12:21:43,18.49,17443.84
16,06/21/2026 12:36:43,13.55,777.60
17,06/21/2026 12:51:43,10.38,32133.12
18,06/21/2026 13:06:43,10.12,31744.00
19,06/21/2026 13:21:43,8.62,36864.00
20,06/21/2026 13:36:43,8.36,25395.20
21,06/21/2026 13:51:43,8.23,20218.88
22,06/21/2026 14:06:43,7.89,22968.32
23,06/21/2026 14:21:43,7.85,24647.68
24,06/21/2026 14:36:43,7.63,20730.88
25,06/21/2026 14:51:43,7.33,18979.84
26,06/21/2026 15:06:43,7.25,17745.92
27,06/21/2026 15:21:43,6.95,16512.00
28,06/21/2026 15:36:43,6.99,17064.96
29,06/21/2026 15:51:43,6.65,17546.24
30,06/21/2026 16:06:43,6.48,13808.64
31,06/21/2026 16:21:43,6.17,13388.80
32,06/21/2026 16:36:43,6.09,14766.08
33,06/21/2026 16:51:43,5.62,10234.88
34,06/21/2026 17:06:43,5.83,13317.12
35,06/21/2026 17:21:43,5.75,11264.00
36,06/21/2026 17:36:43,5.70,18636.80
37,06/21/2026 17:51:43,5.66,8624.64
38,06/21/2026 18:06:43,5.23,3368.96
39,06/21/2026 18:21:43,5.75,7800.32
40,06/21/2026 18:36:43,5.62,9502.72
41,06/21/2026 18:51:43,7.12,2748.16
42,06/21/2026 19:06:43,7.68,5859.84
43,06/21/2026 19:21:43,8.92,6512.64
44,06/21/2026 19:36:43,10.81,2973.44
45,06/21/2026 19:51:43,13.21,1669.12
46,06/21/2026 20:06:43,13.38,1261.12
47,06/21/2026 20:21:43,13.60,688.00
48,06/21/2026 20:36:43,13.73,498.56
49,06/21/2026 20:51:43,13.81,388.16
50,06/21/2026 21:06:43,13.73,288.24
51,06/21/2026 21:21:43,13.73,162.80
52,06/21/2026 21:36:43,13.68,103.44
53,06/21/2026 21:51:43,13.68,42.86
54,06/21/2026 22:06:43,13.43,13.24
55,06/21/2026 22:21:43,13.68,2.63
56,06/21/2026 22:36:43,12.14,0.21
57,06/21/2026 22:51:43,12.82,0.00
58,06/21/2026 23:06:43,12.95,0.00
59,06/21/2026 23:21:43,13.38,0.00
60,06/21/2026 23:36:43,13.12,0.00
61,06/21/2026 23:51:43,13.04,0.00
62,06/22/2026 00:06:43,12.61,0.00
63,06/22/2026 00:21:43,12.61,0.00
64,06/22/2026 00:36:43,12.74,0.00
65,06/22/2026 00:51:43,12.74,0.00
66,06/22/2026 01:06:43,13.00,0.00
67,06/22/2026 01:21:43,12.22,0.00
68,06/22/2026 01:36:43,12.05,0.00
69,06/22/2026 01:51:43,12.01,0.00
70,06/22/2026 02:06:43,11.97,0.00
71,06/22/2026 02:21:43,11.84,0.00
72,06/22/2026 02:36:43,11.67,0.00
73,06/22/2026 02:51:43,11.19,0.00
74,06/22/2026 03:06:43,10.64,0.00
75,06/22/2026 03:21:43,10.04,0.00
76,06/22/2026 03:36:43,9.91,0.00
77,06/22/2026 03:51:43,9.65,0.00
78,06/22/2026 04:06:43,8.45,0.43
79,06/22/2026 04:21:43,8.79,3.29
80,06/22/2026 04:36:43,9.22,17.03
81,06/22/2026 04:51:43,8.53,66.82
82,06/22/2026 05:06:43,8.92,165.52
83,06/22/2026 05:21:43,9.09,313.28
84,06/22/2026 05:36:43,8.96,503.36
85,06/22/2026 05:51:43,8.79,786.88
86,06/22/2026 06:06:43,8.88,911.04
87,06/22/2026 06:21:43,9.78,1143.04
88,06/22/2026 06:36:43,10.29,1644.16
89,06/22/2026 06:51:43,10.55,1839.36
90,06/22/2026 07:06:43,10.81,3385.60
91,06/22/2026 07:21:43,10.85,3580.16
92,06/22/2026 07:36:43,10.85,4456.96
93,06/22/2026 07:51:43,10.72,5711.36
94,06/22/2026 08:06:43,10.81,7375.36
95,06/22/2026 08:21:43,11.02,8604.16
96,06/22/2026 08:36:43,11.11,13834.24
97,06/22/2026 08:51:43,11.19,11740.16
98,06/22/2026 09:06:43,11.49,11176.96
99,06/22/2026 09:21:43,11.92,11473.92
100,06/22/2026 09:36:43,11.97,12410.88
101,06/22/2026 09:51:43,12.05,15370.24
102,06/22/2026 10:06:43,11.75,18682.88
103,06/22/2026 10:21:43,11.54,21514.24
104,06/22/2026 10:36:43,10.81,23879.68
105,06/22/2026 10:51:43,10.77,25692.16
106,06/22/2026 11:06:43,10.55,27791.36
107,06/22/2026 11:21:43,10.12,26818.56
108,06/22/2026 11:36:43,9.95,24115.20
109,06/22/2026 11:51:43,9.65,6845.44
110,06/22/2026 12:06:43,9.74,31303.68
111,06/22/2026 12:21:43,9.22,35328.00
112,06/22/2026 12:36:43,8.88,35338.24
113,06/22/2026 12:51:43,8.92,36423.68
114,06/22/2026 13:06:43,8.96,36485.12
115,06/22/2026 13:21:43,8.19,29122.56
116,06/22/2026 13:36:43,7.81,29286.40
117,06/22/2026 13:51:43,7.38,17689.60
118,06/22/2026 14:06:43,7.33,28590.08
119,06/22/2026 14:21:43,7.55,32808.96
120,06/22/2026 14:36:43,7.25,19681.28
121,06/22/2026 14:51:43,6.48,14679.04
122,06/22/2026 15:06:43,6.52,29736.96
123,06/22/2026 15:21:43,6.30,11740.16
124,06/22/2026 15:36:43,6.00,10731.52
125,06/22/2026 15:51:43,5.87,8624.64
126,06/22/2026 16:06:43,5.83,11156.48
127,06/22/2026 16:21:43,5.79,4256.00
128,06/22/2026 16:36:43,5.96,16122.88
129,06/22/2026 16:51:43,5.79,16537.60
130,06/22/2026 17:06:43,5.70,11023.36
131,06/22/2026 17:21:43,6.17,15902.72
132,06/22/2026 17:36:43,5.36,4917.76
133,06/22/2026 17:51:43,5.53,5954.56
134,06/22/2026 18:06:43,5.83,4360.96
135,06/22/2026 18:21:43,6.26,11402.24
136,06/22/2026 18:36:43,6.00,3627.52
137,06/22/2026 18:51:43,5.92,4572.16
138,06/22/2026 19:06:43,5.79,2746.88
139,06/22/2026 19:21:43,5.87,2057.60
140,06/22/2026 19:36:43,5.92,1251.20
141,06/22/2026 19:51:43,6.90,1603.20
142,06/22/2026 20:06:43,8.62,1656.32
143,06/22/2026 20:21:43,8.49,1187.20
144,06/22/2026 20:36:43,8.36,617.28
145,06/22/2026 20:51:43,8.32,419.84
146,06/22/2026 21:06:43,10.04,161.92
147,06/22/2026 21:21:43,11.97,129.16
148,06/22/2026 21:36:43,11.84,44.24
149,06/22/2026 21:51:43,11.15,23.88
150,06/22/2026 22:06:43,12.05,5.27
151,06/22/2026 22:21:43,12.74,0.65
152,06/22/2026 22:36:43,12.91,0.00
153,06/22/2026 22:51:43,13.17,0.00
154,06/22/2026 23:06:43,13.30,0.00
155,06/22/2026 23:21:43,13.47,0.00
156,06/22/2026 23:36:43,13.55,0.00
157,06/22/2026 23:51:43,13.68,0.00
158,06/23/2026 00:06:43,13.81,0.00
159,06/23/2026 00:21:43,13.81,0.00
160,06/23/2026 00:36:43,13.81,0.00
161,06/23/2026 00:51:43,13.77,0.00
162,06/23/2026 01:06:43,13.81,0.00
163,06/23/2026 01:21:43,13.81,0.00
164,06/23/2026 01:36:43,13.77,0.00
165,06/23/2026 01:51:43,13.64,0.00
166,06/23/2026 02:06:43,13.55,0.00
167,06/23/2026 02:21:43,13.47,0.00
168,06/23/2026 02:36:43,13.43,0.00
169,06/23/2026 02:51:43,13.21,0.00
170,06/23/2026 03:06:43,13.38,0.00
171,06/23/2026 03:21:43,13.30,0.00
172,06/23/2026 03:36:43,13.12,0.00
173,06/23/2026 03:51:43,12.35,0.00
174,06/23/2026 04:06:43,10.04,0.43
175,06/23/2026 04:21:43,9.14,3.51
176,06/23/2026 04:36:43,8.83,15.41
177,06/23/2026 04:51:43,8.58,46.88
178,06/23/2026 05:06:43,8.88,108.72
179,06/23/2026 05:21:43,8.71,207.04
180,06/23/2026 05:36:43,8.71,345.92
181,06/23/2026 05:51:43,8.58,419.36
182,06/23/2026 06:06:43,9.91,507.84
183,06/23/2026 06:21:43,11.75,625.60
184,06/23/2026 06:36:43,12.10,1135.36
185,06/23/2026 06:51:43,11.15,1310.08
186,06/23/2026 07:06:43,11.24,1628.16
187,06/23/2026 07:21:43,11.41,2113.92
188,06/23/2026 07:36:43,11.54,3054.08
189,06/23/2026 07:51:43,11.54,2700.80
190,06/23/2026 08:06:43,11.62,4618.24
191,06/23/2026 08:21:43,11.79,6530.56
192,06/23/2026 08:36:43,11.15,6827.52
193,06/23/2026 08:51:43,11.37,7185.92
194,06/23/2026 09:06:43,11.49,11724.80
195,06/23/2026 09:21:43,12.05,13511.68
196,06/23/2026 09:36:43,12.22,12948.48
197,06/23/2026 09:51:43,12.05,6256.64
198,06/23/2026 10:06:43,12.57,16128.00
199,06/23/2026 10:21:43,12.74,16230.40
200,06/23/2026 10:36:43,12.52,23930.88
201,06/23/2026 10:51:43,12.74,19747.84
202,06/23/2026 11:06:43,12.70,21555.20
203,06/23/2026 11:21:43,12.91,26490.88
204,06/23/2026 11:36:43,12.78,20147.20
205,06/23/2026 11:51:43,12.48,21094.40
206,06/23/2026 12:06:43,13.21,26992.64
207,06/23/2026 12:21:43,12.95,24954.88
208,06/23/2026 12:36:43,13.17,29736.96
209,06/23/2026 12:51:43,13.30,26122.24
210,06/23/2026 13:06:43,12.91,26552.32
211,06/23/2026 13:21:43,13.12,30136.32
212,06/23/2026 13:36:43,13.51,26327.04
213,06/23/2026 13:51:43,13.47,18903.04
214,06/23/2026 14:06:43,13.38,27043.84
215,06/23/2026 14:21:43,12.44,19916.80
216,06/23/2026 14:36:43,11.71,23746.56
217,06/23/2026 14:51:43,11.45,27289.60
218,06/23/2026 15:06:43,11.28,19389.44
219,06/23/2026 15:21:43,10.38,19000.32
220,06/23/2026 15:36:43,10.25,20464.64
221,06/23/2026 15:51:43,8.28,8862.72
222,06/23/2026 16:06:43,8.41,9735.68
223,06/23/2026 16:21:43,8.45,1440.00
224,06/23/2026 16:36:43,8.62,2194.56
225,06/23/2026 16:51:43,7.98,13665.28
226,06/23/2026 17:06:43,7.03,10073.60
227,06/23/2026 17:21:43,6.69,13982.72
228,06/23/2026 17:36:43,6.78,11509.76
229,06/23/2026 17:51:43,6.69,10263.04
230,06/23/2026 18:06:43,5.70,7928.32
231,06/23/2026 18:21:43,6.99,8335.36
232,06/23/2026 18:36:43,5.45,5187.84
233,06/23/2026 18:51:43,5.19,6259.20
234,06/23/2026 19:06:43,5.23,7308.80
235,06/23/2026 19:21:43,6.17,5276.16
236,06/23/2026 19:36:43,7.29,3660.80
237,06/23/2026 19:51:43,7.33,2734.08
238,06/23/2026 20:06:43,7.55,1834.24
239,06/23/2026 20:21:43,7.63,1073.60
240,06/23/2026 20:36:43,7.81,903.04
241,06/23/2026 20:51:43,7.68,773.76
242,06/23/2026 21:06:43,6.65,573.28
243,06/23/2026 21:21:43,7.20,388.00
244,06/23/2026 21:36:43,9.35,127.28
245,06/23/2026 21:51:43,12.70,45.06
246,06/23/2026 22:06:43,13.21,12.14
247,06/23/2026 22:21:43,13.12,2.41
248,06/23/2026 22:36:43,13.08,0.21
249,06/23/2026 22:51:43,13.17,0.00
250,06/23/2026 23:06:43,13.51,0.00
251,06/23/2026 23:21:43,13.55,0.00
252,06/23/2026 23:36:43,13.77,0.00
253,06/23/2026 23:51:43,13.90,0.00
254,06/24/2026 00:06:43,13.90,0.00
255,06/24/2026 00:21:43,13.85,0.00
256,06/24/2026 00:36:43,13.85,0.00
257,06/24/2026 00:51:43,13.94,0.43
258,06/24/2026 01:06:43,13.85,0.00
259,06/24/2026 01:21:43,13.73,0.00
260,06/24/2026 01:36:43,13.73,0.00
261,06/24/2026 01:51:43,13.85,0.00
262,06/24/2026 02:06:43,14.03,0.00
263,06/24/2026 02:21:43,13.94,0.00
264,06/24/2026 02:36:43,13.64,0.00
265,06/24/2026 02:51:43,13.85,0.00
266,06/24/2026 03:06:43,13.85,0.00
267,06/24/2026 03:21:43,13.90,0.00
268,06/24/2026 03:36:43,13.90,0.00
269,06/24/2026 03:51:43,13.73,0.00
270,06/24/2026 04:06:43,13.64,1.09
271,06/24/2026 04:21:43,13.64,6.37
272,06/24/2026 04:36:43,13.68,24.98
273,06/24/2026 04:51:43,13.38,76.50
274,06/24/2026 05:06:43,12.78,169.84
275,06/24/2026 05:21:43,13.12,286.64
276,06/24/2026 05:36:43,12.91,437.92
277,06/24/2026 05:51:43,13.60,715.20
278,06/24/2026 06:06:43,13.38,811.20
279,06/24/2026 06:21:43,13.43,1160.00
280,06/24/2026 06:36:43,13.55,1193.28
281,06/24/2026 06:51:43,13.47,1932.80
282,06/24/2026 07:06:43,13.51,2235.52
283,06/24/2026 07:21:43,13.51,2088.96
284,06/24/2026 07:36:43,13.55,2952.96
285,06/24/2026 07:51:43,13.47,3678.72
286,06/24/2026 08:06:43,13.43,4445.44
287,06/24/2026 08:21:43,13.47,6085.12
288,06/24/2026 08:36:43,13.43,7224.32
289,06/24/2026 08:51:43,13.21,4583.68
290,06/24/2026 09:06:43,13.77,9666.56
291,06/24/2026 09:21:43,14.15,11304.96
292,06/24/2026 09:36:43,14.54,13767.68
293,06/24/2026 09:51:43,14.80,9356.80
294,06/24/2026 10:06:43,15.06,17397.76
295,06/24/2026 10:21:43,14.45,22077.44
296,06/24/2026 10:36:43,15.01,15836.16
297,06/24/2026 10:51:43,14.15,15150.08
298,06/24/2026 11:06:43,13.64,24350.72
299,06/24/2026 11:21:43,13.12,34416.64
300,06/24/2026 11:36:43,12.01,34570.24
301,06/24/2026 11:51:43,11.19,28805.12
302,06/24/2026 12:06:43,10.98,36505.60
303,06/24/2026 12:21:43,10.85,26890.24
304,06/24/2026 12:36:43,10.29,33136.64
305,06/24/2026 12:51:43,10.34,26224.64
306,06/24/2026 13:06:43,9.91,33259.52
307,06/24/2026 13:21:43,9.22,39208.96
308,06/24/2026 13:36:43,9.48,48517.12
309,06/24/2026 13:51:43,14.33,32368.64
310,06/24/2026 14:06:43,15.27,56135.68
311,06/24/2026 14:21:43,15.23,29286.40
312,06/24/2026 14:36:43,15.01,30771.20
313,06/24/2026 14:51:43,14.93,31692.80
314,06/24/2026 15:06:43,13.34,26480.64
315,06/24/2026 15:21:43,6.82,23418.88
316,06/24/2026 15:36:43,6.78,26828.80
317,06/24/2026 15:51:43,6.73,23500.80
318,06/24/2026 16:06:43,6.35,25825.28
319,06/24/2026 16:21:43,6.39,22487.04
320,06/24/2026 16:36:43,7.25,17966.08
321,06/24/2026 16:51:43,7.72,18037.76
322,06/24/2026 17:06:43,8.06,18396.16
323,06/24/2026 17:21:43,8.02,12963.84
324,06/24/2026 17:36:43,8.62,16967.68
325,06/24/2026 17:51:43,8.28,10516.48
326,06/24/2026 18:06:43,8.02,13521.92
327,06/24/2026 18:21:43,8.06,12078.08
328,06/24/2026 18:36:43,8.23,6520.32
329,06/24/2026 18:51:43,8.41,5309.44
330,06/24/2026 19:06:43,8.58,6312.96
331,06/24/2026 19:21:43,9.05,4040.96
332,06/24/2026 19:36:43,9.26,4572.16
333,06/24/2026 19:51:43,10.77,2546.56
334,06/24/2026 20:06:43,11.84,1519.36
335,06/24/2026 20:21:43,11.97,913.60
336,06/24/2026 20:36:43,12.52,729.92
337,06/24/2026 20:51:43,12.82,587.84
338,06/24/2026 21:06:43,12.95,431.36
339,06/24/2026 21:21:43,13.00,279.44
340,06/24/2026 21:36:43,13.17,147.60
341,06/24/2026 21:51:43,13.25,58.74
342,06/24/2026 22:06:43,13.21,16.32
343,06/24/2026 22:21:43,13.55,3.29
344,06/24/2026 22:36:43,13.43,0.43
345,06/24/2026 22:51:43,13.43,0.00
346,06/24/2026 23:06:43,13.38,0.00
347,06/24/2026 23:21:43,13.55,0.00
348,06/24/2026 23:36:43,13.68,0.00
349,06/24/2026 23:51:43,14.15,0.00
350,06/25/2026 00:06:43,14.37,0.00
351,06/25/2026 00:21:43,14.63,0.00
352,06/25/2026 00:36:43,15.23,0.00
353,06/25/2026 00:51:43,15.23,0.00
354,06/25/2026 01:06:43,15.57,0.00
355,06/25/2026 01:21:43,15.44,0.00
356,06/25/2026 01:36:43,15.23,0.00
357,06/25/2026 01:51:43,15.87,0.00
358,06/25/2026 02:06:43,15.61,0.00
359,06/25/2026 02:21:43,15.87,0.00
360,06/25/2026 02:36:43,15.96,0.00
361,06/25/2026 02:51:43,15.96,0.00
362,06/25/2026 03:06:43,15.96,0.00
363,06/25/2026 03:21:43,15.91,0.00
364,06/25/2026 03:36:43,16.04,0.00
365,06/25/2026 03:51:43,16.00,0.00
366,06/25/2026 04:06:43,16.04,1.53
367,06/25/2026 04:21:43,15.96,8.57
368,06/25/2026 04:36:43,15.91,38.91
369,06/25/2026 04:51:43,15.83,119.36
370,06/25/2026 05:06:43,15.83,246.00
371,06/25/2026 05:21:43,15.78,439.68
372,06/25/2026 05:36:43,15.87,681.92
373,06/25/2026 05:51:43,15.66,998.08
374,06/25/2026 06:06:43,15.70,1381.12
375,06/25/2026 06:21:43,15.61,1441.28
376,06/25/2026 06:36:43,15.70,1765.76
377,06/25/2026 06:51:43,15.74,1853.44
378,06/25/2026 07:06:43,15.78,2807.04
379,06/25/2026 07:21:43,15.83,3674.88
380,06/25/2026 07:36:43,15.87,4407.04
381,06/25/2026 07:51:43,15.83,5775.36
382,06/25/2026 08:06:43,15.78,6717.44
383,06/25/2026 08:21:43,15.91,5890.56
384,06/25/2026 08:36:43,15.83,5980.16
385,06/25/2026 08:51:43,15.83,6958.08
386,06/25/2026 09:06:43,16.13,8785.92
387,06/25/2026 09:21:43,16.39,8750.08
388,06/25/2026 09:36:43,16.60,10278.40
389,06/25/2026 09:51:43,16.86,11837.44
390,06/25/2026 10:06:43,17.11,13788.16
391,06/25/2026 10:21:43,17.33,13230.08
392,06/25/2026 10:36:43,17.37,17489.92
393,06/25/2026 10:51:43,17.89,19845.12
394,06/25/2026 11:06:43,18.02,19732.48
395,06/25/2026 11:21:43,17.59,18396.16
396,06/25/2026 11:36:43,16.86,26685.44
397,06/25/2026 11:51:43,16.73,22456.32
398,06/25/2026 12:06:43,16.60,28866.56
399,06/25/2026 12:21:43,16.90,22835.20
400,06/25/2026 12:36:43,16.34,27310.08
401,06/25/2026 12:51:43,15.31,27228.16
402,06/25/2026 13:06:43,14.80,27453.44
403,06/25/2026 13:21:43,14.24,33484.80
404,06/25/2026 13:36:43,14.84,25436.16
405,06/25/2026 13:51:43,14.71,28272.64
406,06/25/2026 14:06:43,15.83,24965.12
407,06/25/2026 14:21:43,13.98,30351.36
408,06/25/2026 14:36:43,11.75,16399.36
409,06/25/2026 14:51:43,10.77,14597.12
410,06/25/2026 15:06:43,11.37,10767.36
411,06/25/2026 15:21:43,12.31,9981.44
412,06/25/2026 15:36:43,13.04,9722.88
413,06/25/2026 15:51:43,13.94,7267.84
414,06/25/2026 16:06:43,14.58,8849.92
415,06/25/2026 16:21:43,14.15,14919.68
416,06/25/2026 16:36:43,9.69,21647.36
417,06/25/2026 16:51:43,9.09,14033.92
418,06/25/2026 17:06:43,11.07,14469.12
419,06/25/2026 17:21:43,10.81,11852.80
420,06/25/2026 17:36:43,9.91,11591.68
421,06/25/2026 17:51:43,9.65,11079.68
422,06/25/2026 18:06:43,9.14,10158.08
423,06/25/2026 18:21:43,8.83,8020.48
424,06/25/2026 18:36:43,9.01,6254.08
425,06/25/2026 18:51:43,10.16,4974.08
426,06/25/2026 19:06:43,11.02,4783.36
427,06/25/2026 19:21:43,12.40,3701.76
428,06/25/2026 19:36:43,10.29,2864.64
429,06/25/2026 19:51:43,9.48,2286.08
430,06/25/2026 20:06:43,9.26,1761.92
431,06/25/2026 20:21:43,8.83,1409.28
432,06/25/2026 20:36:43,10.77,1013.76
433,06/25/2026 20:51:43,11.97,732.80
434,06/25/2026 21:06:43,13.00,361.76
435,06/25/2026 21:21:43,14.45,178.72
436,06/25/2026 21:36:43,15.66,80.40
437,06/25/2026 21:51:43,15.57,27.84
438,06/25/2026 22:06:43,16.34,7.91
439,06/25/2026 22:21:43,16.56,1.31
440,06/25/2026 22:36:43,16.86,0.00
441,06/25/2026 22:51:43,17.16,0.00
442,06/25/2026 23:06:43,17.16,0.00
443,06/25/2026 23:21:43,17.03,0.00
444,06/25/2026 23:36:43,17.20,0.00
445,06/25/2026 23:51:43,17.29,0.43
446,06/26/2026 00:06:43,17.33,0.00
447,06/26/2026 00:21:43,17.46,0.00
448,06/26/2026 00:36:43,17.59,0.00
449,06/26/2026 00:51:43,17.63,0.00
450,06/26/2026 01:06:43,17.59,0.00
451,06/26/2026 01:21:43,17.50,0.00
452,06/26/2026 01:36:43,17.37,0.00
453,06/26/2026 01:51:43,17.33,0.00
454,06/26/2026 02:06:43,17.33,0.00
455,06/26/2026 02:21:43,17.24,0.00
456,06/26/2026 02:36:43,17.03,0.00
457,06/26/2026 02:51:43,16.90,0.00
458,06/26/2026 03:06:43,17.07,0.00
459,06/26/2026 03:21:43,17.29,0.00
460,06/26/2026 03:36:43,17.37,0.00
461,06/26/2026 03:51:43,17.37,0.00
462,06/26/2026 04:06:43,17.16,1.53
463,06/26/2026 04:21:43,17.11,8.35
464,06/26/2026 04:36:43,17.03,36.66
465,06/26/2026 04:51:43,17.11,114.08
466,06/26/2026 05:06:43,17.03,264.48
467,06/26/2026 05:21:43,17.07,497.92
468,06/26/2026 05:36:43,17.03,826.88
469,06/26/2026 05:51:43,17.11,1095.68
470,06/26/2026 06:06:43,17.11,1504.64
471,06/26/2026 06:21:43,17.03,1862.40
472,06/26/2026 06:36:43,16.99,2131.20
473,06/26/2026 06:51:43,17.11,2485.12
474,06/26/2026 07:06:43,17.16,2817.28
475,06/26/2026 07:21:43,17.20,3290.88
476,06/26/2026 07:36:43,16.34,3692.80
477,06/26/2026 07:51:43,14.84,4360.96
478,06/26/2026 08:06:43,12.27,4990.72
479,06/26/2026 08:21:43,13.68,6059.52
480,06/26/2026 08:36:43,12.35,7475.20
481,06/26/2026 08:51:43,10.59,7674.88
482,06/26/2026 09:06:43,11.11,7111.68
483,06/26/2026 09:21:43,10.42,9256.96
484,06/26/2026 09:36:43,9.78,10037.76
485,06/26/2026 09:51:43,8.53,11330.56
486,06/26/2026 10:06:43,8.15,11719.68
487,06/26/2026 10:21:43,7.85,13772.80
488,06/26/2026 10:36:43,11.41,13777.92
489,06/26/2026 10:51:43,12.05,15216.64
490,06/26/2026 11:06:43,9.91,14284.80
491,06/26/2026 11:21:43,9.26,20556.80
492,06/26/2026 11:36:43,8.88,19256.32
493,06/26/2026 11:51:43,8.53,23357.44
494,06/26/2026 12:06:43,8.28,21923.84
495,06/26/2026 12:21:43,8.32,20930.56
496,06/26/2026 12:36:43,8.36,25313.28
497,06/26/2026 12:51:43,8.41,30208.00
498,06/26/2026 13:06:43,9.69,25507.84
499,06/26/2026 13:21:43,10.85,28477.44
500,06/26/2026 13:36:43,11.32,25118.72
501,06/26/2026 13:51:43,10.59,30064.64
502,06/26/2026 14:06:43,10.16,28897.28
503,06/26/2026 14:21:43,10.98,19604.48
504,06/26/2026 14:36:43,11.24,29644.80
505,06/26/2026 14:51:43,10.51,8189.44
506,06/26/2026 15:06:43,10.85,8355.84
507,06/26/2026 15:21:43,13.77,6008.32
508,06/26/2026 15:36:43,16.69,2823.68
509,06/26/2026 15:51:43,18.14,1557.12
510,06/26/2026 16:06:43,18.57,1368.32
511,06/26/2026 16:21:43,19.26,2323.20
512,06/26/2026 16:36:43,19.47,2250.88
513,06/26/2026 16:51:43,19.47,3192.32
514,06/26/2026 17:06:43,19.47,2681.60
515,06/26/2026 17:21:43,19.47,2685.44
516,06/26/2026 17:36:43,16.86,3043.84
517,06/26/2026 17:51:43,13.38,3015.68
518,06/26/2026 18:06:43,10.68,5483.52
519,06/26/2026 18:21:43,13.34,2766.08
520,06/26/2026 18:36:43,16.26,4579.84
521,06/26/2026 18:51:43,15.23,2257.92
522,06/26/2026 19:06:43,11.84,2725.12
523,06/26/2026 19:21:43,12.57,2229.76
524,06/26/2026 19:36:43,10.94,1401.60
525,06/26/2026 19:51:43,10.34,1240.00
526,06/26/2026 20:06:43,9.26,396.96
527,06/26/2026 20:21:43,10.38,130.12
528,06/26/2026 20:36:43,9.61,125.64
529,06/26/2026 20:51:43,8.58,200.72
530,06/26/2026 21:06:43,6.82,172.56
531,06/26/2026 21:21:43,7.46,91.12
532,06/26/2026 21:36:43,7.59,39.30
533,06/26/2026 21:51:43,7.89,17.86
534,06/26/2026 22:06:43,7.25,4.17
535,06/26/2026 22:21:43,6.78,0.87
536,06/26/2026 22:36:43,6.69,0.00
537,06/26/2026 22:51:43,8.75,0.00
538,06/26/2026 23:06:43,10.55,0.00
539,06/26/2026 23:21:43,9.18,0.00
540,06/26/2026 23:36:43,9.78,0.00
541,06/26/2026 23:51:43,12.65,0.00
542,06/27/2026 00:06:43,14.54,0.00
543,06/27/2026 00:21:43,15.01,0.00
544,06/27/2026 00:36:43,15.57,0.00
545,06/27/2026 00:51:43,15.70,0.00
546,06/27/2026 01:06:43,15.70,0.00
547,06/27/2026 01:21:43,15.31,0.00
548,06/27/2026 01:36:43,15.27,0.00
549,06/27/2026 01:51:43,15.87,0.00
550,06/27/2026 02:06:43,16.21,0.00
551,06/27/2026 02:21:43,16.60,0.00
552,06/27/2026 02:36:43,16.81,0.00
553,06/27/2026 02:51:43,16.73,0.00
554,06/27/2026 03:06:43,16.51,0.00
555,06/27/2026 03:21:43,16.69,0.00
556,06/27/2026 03:36:43,16.73,0.00
557,06/27/2026 03:51:43,17.03,0.21
558,06/27/2026 04:06:43,17.11,1.75
559,06/27/2026 04:21:43,16.99,8.13
560,06/27/2026 04:36:43,16.86,39.30
561,06/27/2026 04:51:43,16.81,129.92
562,06/27/2026 05:06:43,17.07,260.96
563,06/27/2026 05:21:43,17.11,392.64
564,06/27/2026 05:36:43,17.03,544.80
565,06/27/2026 05:51:43,16.81,749.12
566,06/27/2026 06:06:43,17.07,1089.60
567,06/27/2026 06:21:43,16.81,1484.80
568,06/27/2026 06:36:43,16.94,1806.08
569,06/27/2026 06:51:43,17.03,2725.12
570,06/27/2026 07:06:43,16.99,3527.68
571,06/27/2026 07:21:43,16.90,3992.32
572,06/27/2026 07:36:43,16.77,4825.60
573,06/27/2026 07:51:43,16.77,4899.84
574,06/27/2026 08:06:43,16.81,6039.04
575,06/27/2026 08:21:43,16.86,5849.60
576,06/27/2026 08:36:43,16.86,5153.28
577,06/27/2026 08:51:43,16.81,4608.00
578,06/27/2026 09:06:43,16.86,4668.16
579,06/27/2026 09:21:43,16.73,4847.36
580,06/27/2026 09:36:43,16.81,5434.88
581,06/27/2026 09:51:43,16.77,5539.84
582,06/27/2026 10:06:43,13.68,6625.28
583,06/27/2026 10:21:43,13.25,7485.44
584,06/27/2026 10:36:43,14.28,7843.84
585,06/27/2026 10:51:43,14.11,8849.92
586,06/27/2026 11:06:43,13.34,11791.36
587,06/27/2026 11:21:43,13.38,9152.00
588,06/27/2026 11:36:43,14.45,9863.68
589,06/27/2026 11:51:43,13.30,9054.72
590,06/27/2026 12:06:43,13.12,12533.76
591,06/27/2026 12:21:43,13.21,14039.04
592,06/27/2026 12:36:43,14.07,12303.36
593,06/27/2026 12:51:43,14.41,25047.04
594,06/27/2026 13:06:43,13.34,26368.00
595,06/27/2026 13:21:43,13.21,26408.96
596,06/27/2026 13:36:43,12.61,33566.72
597,06/27/2026 13:51:43,11.11,23449.60
598,06/27/2026 14:06:43,11.67,27668.48
599,06/27/2026 14:21:43,13.98,30433.28
600,06/27/2026 14:36:43,13.43,28477.44
601,06/27/2026 14:51:43,11.88,20019.20
602,06/27/2026 15:06:43,10.72,27781.12
603,06/27/2026 15:21:43,11.62,27361.28
604,06/27/2026 15:36:43,11.75,24483.84
605,06/27/2026 15:51:43,11.71,26644.48
606,06/27/2026 16:06:43,11.75,25016.32
607,06/27/2026 16:21:43,9.65,26777.60
608,06/27/2026 16:36:43,9.05,25149.44
609,06/27/2026 16:51:43,9.95,25057.28
610,06/27/2026 17:06:43,12.14,18421.76
611,06/27/2026 17:21:43,13.51,16163.84
612,06/27/2026 17:36:43,14.54,15846.40
613,06/27/2026 17:51:43,14.63,8721.92
614,06/27/2026 18:06:43,15.18,7864.32
615,06/27/2026 18:21:43,15.61,5419.52
616,06/27/2026 18:36:43,16.04,5393.92
617,06/27/2026 18:51:43,16.34,4541.44
618,06/27/2026 19:06:43,16.34,6766.08
619,06/27/2026 19:21:43,16.39,5867.52
620,06/27/2026 19:36:43,16.56,3747.84
621,06/27/2026 19:51:43,13.90,2532.48
622,06/27/2026 20:06:43,11.15,1893.76
623,06/27/2026 20:21:43,11.58,1157.12
624,06/27/2026 20:36:43,13.43,773.44
625,06/27/2026 20:51:43,14.93,548.32
626,06/27/2026 21:06:43,10.29,389.12
627,06/27/2026 21:21:43,10.59,233.44
628,06/27/2026 21:36:43,7.85,133.44
629,06/27/2026 21:51:43,7.16,51.66
630,06/27/2026 22:06:43,7.12,11.65
631,06/27/2026 22:21:43,7.29,2.19
632,06/27/2026 22:36:43,7.25,0.21
633,06/27/2026 22:51:43,7.38,0.43
634,06/27/2026 23:06:43,7.55,0.00
635,06/27/2026 23:21:43,7.72,0.00
636,06/27/2026 23:36:43,10.08,0.00
637,06/27/2026 23:51:43,12.57,0.00
638,06/28/2026 00:06:43,13.25,0.00
639,06/28/2026 00:21:43,14.80,0.00
640,06/28/2026 00:36:43,14.63,0.00
641,06/28/2026 00:51:43,15.23,0.00
642,06/28/2026 01:06:43,16.69,0.00
643,06/28/2026 01:21:43,17.41,0.00
644,06/28/2026 01:36:43,17.41,0.00
645,06/28/2026 01:51:43,17.11,0.00
646,06/28/2026 02:06:43,16.94,0.00
647,06/28/2026 02:21:43,16.77,0.00
648,06/28/2026 02:36:43,17.20,0.00
649,06/28/2026 02:51:43,17.46,0.00
650,06/28/2026 03:06:43,17.46,0.00
651,06/28/2026 03:21:43,17.89,0.00
652,06/28/2026 03:36:43,18.23,0.00
653,06/28/2026 03:51:43,17.80,0.21
654,06/28/2026 04:06:43,17.89,1.75
655,06/28/2026 04:21:43,18.06,10.58
656,06/28/2026 04:36:43,18.36,53.04
657,06/28/2026 04:51:43,18.32,167.20
658,06/28/2026 05:06:43,18.14,407.52
659,06/28/2026 05:21:43,17.93,819.84
660,06/28/2026 05:36:43,17.93,1365.76
661,06/28/2026 05:51:43,17.76,2013.44
662,06/28/2026 06:06:43,16.81,2813.44
663,06/28/2026 06:21:43,17.37,3686.40
664,06/28/2026 06:36:43,17.93,4586.24
665,06/28/2026 06:51:43,18.10,5562.88
666,06/28/2026 07:06:43,17.89,6259.20
667,06/28/2026 07:21:43,18.14,6745.60
668,06/28/2026 07:36:43,17.89,7188.48
669,06/28/2026 07:51:43,18.44,8005.12
670,06/28/2026 08:06:43,18.57,8355.84
671,06/28/2026 08:21:43,18.49,8906.24
672,06/28/2026 08:36:43,18.49,9264.64
673,06/28/2026 08:51:43,18.32,9111.04
674,06/28/2026 09:06:43,18.32,7907.84
675,06/28/2026 09:21:43,18.32,11100.16
676,06/28/2026 09:36:43,17.03,9413.12
677,06/28/2026 09:51:43,16.64,12943.36
678,06/28/2026 10:06:43,15.87,12892.16
679,06/28/2026 10:21:43,13.12,14658.56
680,06/28/2026 10:36:43,14.50,10439.68
681,06/28/2026 10:51:43,16.64,19287.04
682,06/28/2026 11:06:43,16.13,22138.88
683,06/28/2026 11:21:43,13.30,17802.24
684,06/28/2026 11:36:43,13.25,13721.60
685,06/28/2026 11:51:43,13.60,27248.64
686,06/28/2026 12:06:43,11.75,29388.80
687,06/28/2026 12:21:43,10.55,23490.56
688,06/28/2026 12:36:43,10.46,20582.40
689,06/28/2026 12:51:43,8.11,24033.28
690,06/28/2026 13:06:43,8.15,25436.16
691,06/28/2026 13:21:43,7.50,32061.44
692,06/28/2026 13:36:43,7.12,26859.52
693,06/28/2026 13:51:43,7.33,28272.64
694,06/28/2026 14:06:43,7.93,34498.56
695,06/28/2026 14:21:43,10.55,25251.84
696,06/28/2026 14:36:43,13.04,21524.48
697,06/28/2026 14:51:43,13.04,20684.80
698,06/28/2026 15:06:43,13.12,21913.60
699,06/28/2026 15:21:43,12.82,23244.80
700,06/28/2026 15:36:43,12.65,10109.44
701,06/28/2026 15:51:43,12.95,26275.84
702,06/28/2026 16:06:43,13.90,16122.88
703,06/28/2026 16:21:43,14.11,21012.48
704,06/28/2026 16:36:43,13.90,21186.56
705,06/28/2026 16:51:43,12.48,26101.76
706,06/28/2026 17:06:43,13.08,22210.56
707,06/28/2026 17:21:43,13.94,16537.60
708,06/28/2026 17:36:43,18.19,11811.84
709,06/28/2026 17:51:43,19.30,9285.12
710,06/28/2026 18:06:43,20.50,10017.28
711,06/28/2026 18:21:43,20.72,7767.04
712,06/28/2026 18:36:43,20.59,7198.72
713,06/28/2026 18:51:43,20.59,6481.92
714,06/28/2026 19:06:43,20.50,3872.00
715,06/28/2026 19:21:43,19.99,4012.80
716,06/28/2026 19:36:43,19.43,3334.40
717,06/28/2026 19:51:43,19.90,3179.52
718,06/28/2026 20:06:43,19.95,1754.24
719,06/28/2026 20:21:43,19.65,1157.12
720,06/28/2026 20:36:43,19.86,811.52
721,06/28/2026 20:51:43,19.56,613.76
722,06/28/2026 21:06:43,16.51,404.00
723,06/28/2026 21:21:43,13.38,238.72
724,06/28/2026 21:36:43,11.92,108.72
725,06/28/2026 21:51:43,12.52,34.02
726,06/28/2026 22:06:43,10.55,8.57
727,06/28/2026 22:21:43,9.48,1.53
728,06/28/2026 22:36:43,9.44,0.21
729,06/28/2026 22:51:43,8.79,0.00
730,06/28/2026 23:06:43,7.98,0.00
731,06/28/2026 23:21:43,7.76,0.00
732,06/28/2026 23:36:43,7.76,0.00
733,06/28/2026 23:51:43,10.29,0.00
734,06/29/2026 00:06:43,10.72,0.00
735,06/29/2026 00:21:43,18.62,0.00
736,06/29/2026 00:36:43,18.62,0.00
737,06/29/2026 00:51:43,18.02,0.00
738,06/29/2026 01:06:43,18.70,0.00
739,06/29/2026 01:21:43,19.09,0.00
740,06/29/2026 01:36:43,18.87,0.00
741,06/29/2026 01:51:43,18.83,0.00
742,06/29/2026 02:06:43,18.74,0.00
743,06/29/2026 02:21:43,19.13,0.00
744,06/29/2026 02:36:43,19.00,0.00
745,06/29/2026 02:51:43,19.22,0.43
746,06/29/2026 03:06:43,19.22,0.00
747,06/29/2026 03:21:43,19.26,0.00
748,06/29/2026 03:36:43,19.13,0.00
749,06/29/2026 03:51:43,19.05,0.00
750,06/29/2026 04:06:43,18.96,1.09
751,06/29/2026 04:21:43,18.83,6.81
752,06/29/2026 04:36:43,18.70,33.96
753,06/29/2026 04:51:43,18.79,113.12
754,06/29/2026 05:06:43,18.70,334.56
755,06/29/2026 05:21:43,18.53,655.04
756,06/29/2026 05:36:43,18.10,1119.36
757,06/29/2026 05:51:43,17.97,1909.76
758,06/29/2026 06:06:43,18.10,2620.16
759,06/29/2026 06:21:43,17.97,2877.44
760,06/29/2026 06:36:43,17.93,4646.40
761,06/29/2026 06:51:43,17.67,5018.88
762,06/29/2026 07:06:43,18.02,6640.64
763,06/29/2026 07:21:43,18.06,8476.16
764,06/29/2026 07:36:43,18.40,6197.76
765,06/29/2026 07:51:43,18.87,5806.08
766,06/29/2026 08:06:43,18.87,7434.24
767,06/29/2026 08:21:43,18.96,8040.96
768,06/29/2026 08:36:43,19.35,10895.36
769,06/29/2026 08:51:43,19.30,7900.16
770,06/29/2026 09:06:43,19.65,15119.36
771,06/29/2026 09:21:43,19.17,11934.72
772,06/29/2026 09:36:43,19.47,11965.44
773,06/29/2026 09:51:43,19.30,9856.00
774,06/29/2026 10:06:43,19.17,10690.56
775,06/29/2026 10:21:43,18.66,15027.20
776,06/29/2026 10:36:43,16.43,10936.32
777,06/29/2026 10:51:43,17.33,14904.32
778,06/29/2026 11:06:43,14.07,14151.68
779,06/29/2026 11:21:43,11.67,11269.12
780,06/29/2026 11:36:43,10.85,10101.76
781,06/29/2026 11:51:43,10.68,11632.64
782,06/29/2026 12:06:43,10.77,12984.32
783,06/29/2026 12:21:43,13.38,8806.40
784,06/29/2026 12:36:43,14.88,12743.68
785,06/29/2026 12:51:43,14.63,9502.72
786,06/29/2026 13:06:43,14.28,7329.28
787,06/29/2026 13:21:43,15.66,6469.12
788,06/29/2026 13:36:43,16.04,8222.72
789,06/29/2026 13:51:43,13.73,6671.36
790,06/29/2026 14:06:43,11.75,6120.96
791,06/29/2026 14:21:43,13.85,8834.56
792,06/29/2026 14:36:43,11.41,6602.24
793,06/29/2026 14:51:43,14.80,5557.76
794,06/29/2026 15:06:43,14.24,7441.92
795,06/29/2026 15:21:43,13.47,7723.52
796,06/29/2026 15:36:43,13.68,5831.68
797,06/29/2026 15:51:43,14.45,6284.80
798,06/29/2026 16:06:43,14.67,6696.96
799,06/29/2026 16:21:43,14.88,3603.20
800,06/29/2026 16:36:43,18.06,1502.72
801,06/29/2026 16:51:43,20.03,2113.92
802,06/29/2026 17:06:43,20.03,2288.00
803,06/29/2026 17:21:43,19.73,1934.72
804,06/29/2026 17:36:43,19.35,1406.72
805,06/29/2026 17:51:43,19.00,1920.64
806,06/29/2026 18:06:43,19.22,4456.96
807,06/29/2026 18:21:43,19.13,5278.72
808,06/29/2026 18:36:43,17.97,4012.80
809,06/29/2026 18:51:43,17.41,2480.00
810,06/29/2026 19:06:43,16.00,3024.64
811,06/29/2026 19:21:43,16.26,1985.28
812,06/29/2026 19:36:43,15.23,1144.00
813,06/29/2026 19:51:43,14.93,1058.56
814,06/29/2026 20:06:43,14.20,734.72
815,06/29/2026 20:21:43,13.73,848.00
816,06/29/2026 20:36:43,13.51,702.08
817,06/29/2026 20:51:43,14.15,220.24
818,06/29/2026 21:06:43,14.63,57.38
819,06/29/2026 21:21:43,14.84,56.94
820,06/29/2026 21:36:43,14.88,44.62
821,06/29/2026 21:51:43,15.27,11.90
822,06/29/2026 22:06:43,15.40,6.15
823,06/29/2026 22:21:43,15.36,0.65
824,06/29/2026 22:36:43,15.36,0.00
825,06/29/2026 22:51:43,15.36,0.00
826,06/29/2026 23:06:43,15.31,0.00
827,06/29/2026 23:21:43,15.27,0.00
828,06/29/2026 23:36:43,15.40,0.00
829,06/29/2026 23:51:43,15.44,0.00
830,06/30/2026 00:06:43,15.44,0.00
831,06/30/2026 00:21:43,15.01,0.00
832,06/30/2026 00:36:43,14.84,0.00
833,06/30/2026 00:51:43,14.71,0.00
834,06/30/2026 01:06:43,14.54,0.00
835,06/30/2026 01:21:43,14.07,0.00
836,06/30/2026 01:36:43,13.64,0.00
837,06/30/2026 01:51:43,13.55,0.00
838,06/30/2026 02:06:43,13.17,0.00
839,06/30/2026 02:21:43,12.14,0.00
840,06/30/2026 02:36:43,11.45,0.00
841,06/30/2026 02:51:43,10.51,0.00
842,06/30/2026 03:06:43,10.12,0.00
843,06/30/2026 03:21:43,11.07,0.00
844,06/30/2026 03:36:43,11.45,0.00
845,06/30/2026 03:51:43,11.49,0.00
846,06/30/2026 04:06:43,11.58,0.65
847,06/30/2026 04:21:43,11.32,4.83
848,06/30/2026 04:36:43,11.32,27.15
849,06/30/2026 04:51:43,11.28,64.02
850,06/30/2026 05:06:43,11.15,125.52
851,06/30/2026 05:21:43,10.98,219.36
852,06/30/2026 05:36:43,10.98,420.80
853,06/30/2026 05:51:43,11.02,615.52
854,06/30/2026 06:06:43,11.02,1102.72
855,06/30/2026 06:21:43,10.98,2131.20
856,06/30/2026 06:36:43,11.02,1874.56
857,06/30/2026 06:51:43,10.77,790.40
858,06/30/2026 07:06:43,10.77,2718.72
859,06/30/2026 07:21:43,10.81,4762.88
860,06/30/2026 07:36:43,10.89,6154.24
861,06/30/2026 07:51:43,10.85,4875.52
862,06/30/2026 08:06:43,11.41,10798.08
863,06/30/2026 08:21:43,11.54,14028.80
864,06/30/2026 08:36:43,11.24,11530.24
865,06/30/2026 08:51:43,11.37,12462.08
866,06/30/2026 09:06:43,11.54,8765.44
867,06/30/2026 09:21:43,11.84,8350.72
868,06/30/2026 09:36:43,11.97,9510.40
869,06/30/2026 09:51:43,12.05,9920.00
870,06/30/2026 10:06:43,12.52,18882.56
871,06/30/2026 10:21:43,13.00,18334.72
872,06/30/2026 10:36:43,13.43,16624.64
873,06/30/2026 10:51:43,13.34,14259.20
874,06/30/2026 11:06:43,13.25,11013.12
875,06/30/2026 11:21:43,13.30,11376.64
876,06/30/2026 11:36:43,13.21,8576.00
877,06/30/2026 11:51:43,13.17,13219.84
878,06/30/2026 12:06:43,12.95,8222.72
879,06/30/2026 12:21:43,12.74,2967.04
880,06/30/2026 12:36:43,12.01,4547.84
881,06/30/2026 12:51:43,12.35,11397.12
882,06/30/2026 13:06:43,11.97,8926.72
883,06/30/2026 13:21:43,12.05,12323.84
884,06/30/2026 13:36:43,12.48,5107.20
885,06/30/2026 13:51:43,12.35,4913.92
886,06/30/2026 14:06:43,12.27,5309.44
887,06/30/2026 14:21:43,12.31,5004.80
888,06/30/2026 14:36:43,12.05,2963.20
889,06/30/2026 14:51:43,12.27,4386.56
890,06/30/2026 15:06:43,12.91,4495.36
891,06/30/2026 15:21:43,13.00,1255.68
892,06/30/2026 15:36:43,12.40,2154.24
893,06/30/2026 15:51:43,12.14,2877.44
894,06/30/2026 16:06:43,11.07,3119.36
895,06/30/2026 16:21:43,10.64,10447.36
896,06/30/2026 16:36:43,10.46,3124.48
897,06/30/2026 16:51:43,10.81,4340.48
898,06/30/2026 17:06:43,11.54,7129.60
899,06/30/2026 17:21:43,13.04,5736.96
900,06/30/2026 17:36:43,14.07,4734.72
901,06/30/2026 17:51:43,14.28,4094.72
902,06/30/2026 18:06:43,14.24,3495.68
903,06/30/2026 18:21:43,14.33,3893.76
904,06/30/2026 18:36:43,14.54,3495.68
905,06/30/2026 18:51:43,14.84,4551.68
906,06/30/2026 19:06:43,14.88,3537.92
907,06/30/2026 19:21:43,14.84,4270.08
908,06/30/2026 19:36:43,14.93,3964.16
909,06/30/2026 19:51:43,14.84,1210.88
910,06/30/2026 20:06:43,15.01,918.08
911,06/30/2026 20:21:43,15.01,426.88
912,06/30/2026 20:36:43,14.37,225.36
913,06/30/2026 20:51:43,14.03,178.48
914,06/30/2026 21:06:43,13.85,105.96
915,06/30/2026 21:21:43,14.33,120.12
916,06/30/2026 21:36:43,13.98,90.00
917,06/30/2026 21:51:43,13.94,26.93
918,06/30/2026 22:06:43,13.98,7.03
919,06/30/2026 22:21:43,14.03,0.87
920,06/30/2026 22:36:43,13.98,0.00
921,06/30/2026 22:51:43,14.03,0.00
922,06/30/2026 23:06:43,13.98,0.00
923,06/30/2026 23:21:43,14.03,0.00
924,06/30/2026 23:36:43,13.98,0.00
925,06/30/2026 23:51:43,13.94,0.00
926,07/01/2026 00:06:43,13.94,0.00
927,07/01/2026 00:21:43,13.90,0.00
928,07/01/2026 00:36:43,13.85,0.00
929,07/01/2026 00:51:43,13.90,0.00
930,07/01/2026 01:06:43,13.90,0.00
931,07/01/2026 01:21:43,13.55,0.00
932,07/01/2026 01:36:43,13.25,0.21
933,07/01/2026 01:51:43,13.30,0.00
934,07/01/2026 02:06:43,13.81,0.00
935,07/01/2026 02:21:43,12.87,0.00
936,07/01/2026 02:36:43,13.73,0.00
937,07/01/2026 02:51:43,12.78,0.00
938,07/01/2026 03:06:43,13.00,0.00
939,07/01/2026 03:21:43,8.83,0.00
940,07/01/2026 03:36:43,11.71,0.00
941,07/01/2026 03:51:43,6.69,0.00
942,07/01/2026 04:06:43,11.54,0.21
943,07/01/2026 04:21:43,10.89,5.05
944,07/01/2026 04:36:43,9.86,27.78
945,07/01/2026 04:51:43,9.61,90.00
946,07/01/2026 05:06:43,12.78,230.56
947,07/01/2026 05:21:43,12.91,561.44
948,07/01/2026 05:36:43,12.91,948.80
949,07/01/2026 05:51:43,12.87,1336.32
950,07/01/2026 06:06:43,12.65,2075.52
951,07/01/2026 06:21:43,12.91,2201.60
952,07/01/2026 06:36:43,12.82,2144.00
953,07/01/2026 06:51:43,12.91,2101.76
954,07/01/2026 07:06:43,13.08,2990.08
955,07/01/2026 07:21:43,12.18,3996.16
956,07/01/2026 07:36:43,11.84,6405.12
957,07/01/2026 07:51:43,10.85,6510.08
958,07/01/2026 08:06:43,10.72,8532.48
959,07/01/2026 08:21:43,10.12,8665.60
960,07/01/2026 08:36:43,12.22,8145.92
961,07/01/2026 08:51:43,10.21,8371.20
962,07/01/2026 09:06:43,10.25,8773.12
963,07/01/2026 09:21:43,10.38,10741.76
964,07/01/2026 09:36:43,10.51,8294.40
965,07/01/2026 09:51:43,10.98,8609.28
966,07/01/2026 10:06:43,9.31,9446.40
967,07/01/2026 10:21:43,9.69,12216.32
968,07/01/2026 10:36:43,9.74,10823.68
969,07/01/2026 10:51:43,9.44,18027.52
970,07/01/2026 11:06:43,10.04,5770.24
971,07/01/2026 11:21:43,9.61,17100.80
972,07/01/2026 11:36:43,9.35,18570.24
973,07/01/2026 11:51:43,8.83,7160.32
974,07/01/2026 12:06:43,10.68,20684.80
975,07/01/2026 12:21:43,11.07,15093.76
976,07/01/2026 12:36:43,12.27,8793.60
977,07/01/2026 12:51:43,10.81,12129.28
978,07/01/2026 13:06:43,9.31,15201.28
979,07/01/2026 13:21:43,11.49,12851.20
980,07/01/2026 13:36:43,10.89,16097.28
981,07/01/2026 13:51:43,10.64,16240.64
982,07/01/2026 14:06:43,8.11,15815.68
983,07/01/2026 14:21:43,7.89,24545.28
984,07/01/2026 14:36:43,7.93,22272.00
985,07/01/2026 14:51:43,7.93,20142.08
986,07/01/2026 15:06:43,8.06,22650.88
987,07/01/2026 15:21:43,8.06,18478.08
988,07/01/2026 15:36:43,7.25,16783.36
989,07/01/2026 15:51:43,7.16,14622.72
990,07/01/2026 16:06:43,6.69,17418.24
991,07/01/2026 16:21:43,6.60,15610.88
992,07/01/2026 16:36:43,6.60,21985.28
993,07/01/2026 16:51:43,7.33,18309.12
994,07/01/2026 17:06:43,8.11,23357.44
995,07/01/2026 17:21:43,8.83,18903.04
996,07/01/2026 17:36:43,8.75,9433.60
997,07/01/2026 17:51:43,8.62,8081.92
998,07/01/2026 18:06:43,8.45,7490.56
999,07/01/2026 18:21:43,7.98,5131.52
1000,07/01/2026 18:36:43,8.06,4171.52
1001,07/01/2026 18:51:43,7.76,2078.72
1002,07/01/2026 19:06:43,7.93,3260.16
1003,07/01/2026 19:21:43,8.11,2661.12
1004,07/01/2026 19:36:43,7.81,2161.28
1005,07/01/2026 19:51:43,8.06,2099.84
1006,07/01/2026 20:06:43,7.72,1298.88
1007,07/01/2026 20:21:43,8.41,1319.04
1008,07/01/2026 20:36:43,9.09,989.12
1009,07/01/2026 20:51:43,9.22,641.12
1010,07/01/2026 21:06:43,8.83,308.40
1011,07/01/2026 21:21:43,8.36,177.60
1012,07/01/2026 21:36:43,7.98,88.24
1013,07/01/2026 21:51:43,7.63,32.21
1014,07/01/2026 22:06:43,8.66,7.03
1015,07/01/2026 22:21:43,9.91,0.87
1016,07/01/2026 22:36:43,10.08,0.00
1017,07/01/2026 22:51:43,9.99,0.00
1018,07/01/2026 23:06:43,10.21,0.00
1019,07/01/2026 23:21:43,10.25,0.00
1020,07/01/2026 23:36:43,10.25,0.00
1021,07/01/2026 23:51:43,10.34,0.00
1022,07/02/2026 00:06:43,10.46,0.00
1023,07/02/2026 00:21:43,11.58,0.00
1024,07/02/2026 00:36:43,11.88,0.00
1025,07/02/2026 00:51:43,11.79,0.00
1026,07/02/2026 01:06:43,11.62,0.00
1027,07/02/2026 01:21:43,11.41,0.00
1028,07/02/2026 01:36:43,11.28,0.00
1029,07/02/2026 01:51:43,11.02,0.00
1030,07/02/2026 02:06:43,9.35,0.00
1031,07/02/2026 02:21:43,10.85,0.00
1032,07/02/2026 02:36:43,8.19,0.00
1033,07/02/2026 02:51:43,7.20,0.00
1034,07/02/2026 03:06:43,8.75,0.00
1035,07/02/2026 03:21:43,10.25,0.00
1036,07/02/2026 03:36:43,10.29,0.00
1037,07/02/2026 03:51:43,10.34,0.00
1038,07/02/2026 04:06:43,11.49,0.43
1039,07/02/2026 04:21:43,11.41,3.73
1040,07/02/2026 04:36:43,11.41,16.76
1041,07/02/2026 04:51:43,12.01,35.28
1042,07/02/2026 05:06:43,12.35,121.00
1043,07/02/2026 05:21:43,12.40,439.20
1044,07/02/2026 05:36:43,12.27,785.92
1045,07/02/2026 05:51:43,11.92,1663.36
1046,07/02/2026 06:06:43,11.88,2897.92
1047,07/02/2026 06:21:43,12.22,2207.36
1048,07/02/2026 06:36:43,12.52,2013.44
1049,07/02/2026 06:51:43,12.35,803.52
1050,07/02/2026 07:06:43,11.28,764.48
1051,07/02/2026 07:21:43,11.28,1660.80
1052,07/02/2026 07:36:43,11.37,3869.44
1053,07/02/2026 07:51:43,10.81,4597.76
1054,07/02/2026 08:06:43,10.08,6077.44
1055,07/02/2026 08:21:43,10.42,7864.32
1056,07/02/2026 08:36:43,10.81,9638.40
1057,07/02/2026 08:51:43,12.95,10391.04
1058,07/02/2026 09:06:43,14.03,8793.60
1059,07/02/2026 09:21:43,13.98,8245.76
1060,07/02/2026 09:36:43,14.15,11217.92
1061,07/02/2026 09:51:43,14.75,15150.08
1062,07/02/2026 10:06:43,14.80,16803.84
1063,07/02/2026 10:21:43,14.37,9313.28
1064,07/02/2026 10:36:43,14.45,11156.48
1065,07/02/2026 10:51:43,14.67,11351.04
1066,07/02/2026 11:06:43,14.45,7703.04
1067,07/02/2026 11:21:43,14.11,6883.84
1068,07/02/2026 11:36:43,14.28,10874.88
1069,07/02/2026 11:51:43,12.10,8230.40
1070,07/02/2026 12:06:43,12.31,11228.16
1071,07/02/2026 12:21:43,11.75,9953.28
1072,07/02/2026 12:36:43,11.67,5747.20
1073,07/02/2026 12:51:43,9.74,7843.84
1074,07/02/2026 13:06:43,10.08,6592.00
1075,07/02/2026 13:21:43,10.08,5327.36
1076,07/02/2026 13:36:43,9.86,5139.20
1077,07/02/2026 13:51:43,10.16,4259.84
1078,07/02/2026 14:06:43,10.12,2578.56
1079,07/02/2026 14:21:43,10.16,2242.56
1080,07/02/2026 14:36:43,10.16,4266.24
1081,07/02/2026 14:51:43,10.59,22927.36
1082,07/02/2026 15:06:43,10.55,7751.68
1083,07/02/2026 15:21:43,10.68,4896.00
1084,07/02/2026 15:36:43,10.81,2784.00
1085,07/02/2026 15:51:43,11.58,1751.68
1086,07/02/2026 16:06:43,11.92,3226.88
1087,07/02/2026 16:21:43,12.05,5086.72
1088,07/02/2026 16:36:43,12.22,9377.28
1089,07/02/2026 16:51:43,12.14,21616.64
1090,07/02/2026 17:06:43,12.61,9792.00
1091,07/02/2026 17:21:43,13.30,9784.32
1092,07/02/2026 17:36:43,13.00,5216.00
1093,07/02/2026 17:51:43,13.85,7751.68
1094,07/02/2026 18:06:43,14.11,8604.16
1095,07/02/2026 18:21:43,14.28,9075.20
1096,07/02/2026 18:36:43,13.94,5844.48
1097,07/02/2026 18:51:43,14.07,3249.92
1098,07/02/2026 19:06:43,14.37,2038.40
1099,07/02/2026 19:21:43,14.24,1837.44
1100,07/02/2026 19:36:43,14.24,1829.12
1101,07/02/2026 19:51:43,13.94,2040.32
1102,07/02/2026 20:06:43,13.64,1658.24
1103,07/02/2026 20:21:43,14.71,1171.20
1104,07/02/2026 20:36:43,14.54,849.28
1105,07/02/2026 20:51:43,13.94,615.04
1106,07/02/2026 21:06:43,13.43,408.48
1107,07/02/2026 21:21:43,14.15,229.92
1108,07/02/2026 21:36:43,14.75,100.68
1109,07/02/2026 21:51:43,14.58,35.28
1110,07/02/2026 22:06:43,14.41,8.13
1111,07/02/2026 22:21:43,14.75,1.09
1112,07/02/2026 22:36:43,14.75,0.00
1113,07/02/2026 22:51:43,14.58,0.00
1114,07/02/2026 23:06:43,14.37,0.00
1115,07/02/2026 23:21:43,12.10,0.00
1116,07/02/2026 23:36:43,10.72,0.00
1117,07/02/2026 23:51:43,10.21,0.00
1118,07/03/2026 00:06:43,9.61,0.00
1119,07/03/2026 00:21:43,8.49,0.00
1120,07/03/2026 00:36:43,9.86,0.00
1121,07/03/2026 00:51:43,9.86,0.00
1122,07/03/2026 01:06:43,9.78,0.00
1123,07/03/2026 01:21:43,9.95,0.00
1124,07/03/2026 01:36:43,9.74,0.43
1125,07/03/2026 01:51:43,8.92,0.00
1126,07/03/2026 02:06:43,9.01,0.00
1127,07/03/2026 02:21:43,8.45,0.00
1128,07/03/2026 02:36:43,8.71,0.00
1129,07/03/2026 02:51:43,8.58,0.00
1130,07/03/2026 03:06:43,8.53,0.00
1131,07/03/2026 03:21:43,8.41,0.00
1132,07/03/2026 03:36:43,8.49,0.00
1133,07/03/2026 03:51:43,9.31,0.00
1134,07/03/2026 04:06:43,8.58,0.21
1135,07/03/2026 04:21:43,8.75,2.41
1136,07/03/2026 04:36:43,9.22,12.12
1137,07/03/2026 04:51:43,10.77,32.21
1138,07/03/2026 05:06:43,10.38,89.24
1139,07/03/2026 05:21:43,11.58,145.00
1140,07/03/2026 05:36:43,10.94,275.04
1141,07/03/2026 05:51:43,10.38,400.48
1142,07/03/2026 06:06:43,11.67,584.32
1143,07/03/2026 06:21:43,11.92,896.32
1144,07/03/2026 06:36:43,12.18,1418.24
1145,07/03/2026 06:51:43,12.31,1948.80
1146,07/03/2026 07:06:43,12.40,2790.40
1147,07/03/2026 07:21:43,12.87,4034.56
1148,07/03/2026 07:36:43,13.17,5634.56
1149,07/03/2026 07:51:43,13.43,5900.80
1150,07/03/2026 08:06:43,13.73,6351.36
1151,07/03/2026 08:21:43,13.64,5061.12
1152,07/03/2026 08:36:43,13.47,4974.08
1153,07/03/2026 08:51:43,14.03,9300.48
1154,07/03/2026 09:06:43,13.25,5647.36
1155,07/03/2026 09:21:43,13.17,7477.76
1156,07/03/2026 09:36:43,12.44,6425.60
1157,07/03/2026 09:51:43,12.22,7308.80
1158,07/03/2026 10:06:43,12.14,5054.72
1159,07/03/2026 10:21:43,11.88,6387.20
1160,07/03/2026 10:36:43,11.75,8217.60
1161,07/03/2026 10:51:43,11.75,9054.72
1162,07/03/2026 11:06:43,11.92,17100.80
1163,07/03/2026 11:21:43,12.14,11873.28
1164,07/03/2026 11:36:43,11.79,9405.44
1165,07/03/2026 11:51:43,11.54,5711.36
1166,07/03/2026 12:06:43,11.58,6415.36
1167,07/03/2026 12:21:43,11.71,8399.36
1168,07/03/2026 12:36:43,10.21,7457.28
1169,07/03/2026 12:51:43,10.04,10782.72
1170,07/03/2026 13:06:43,9.56,10017.28
1171,07/03/2026 13:21:43,9.61,7828.48
1172,07/03/2026 13:36:43,9.69,5877.76
1173,07/03/2026 13:51:43,9.78,3626.24
1174,07/03/2026 14:06:43,9.18,2859.52
1175,07/03/2026 14:21:43,9.09,2929.92
1176,07/03/2026 14:36:43,9.22,4153.60
1177,07/03/2026 14:51:43,9.35,3777.28
1178,07/03/2026 15:06:43,9.14,3724.80
1179,07/03/2026 15:21:43,9.26,2323.20
1180,07/03/2026 15:36:43,9.52,3575.04
1181,07/03/2026 15:51:43,9.44,4892.16
1182,07/03/2026 16:06:43,9.35,4636.16
1183,07/03/2026 16:21:43,9.35,11059.20
1184,07/03/2026 16:36:43,9.31,6003.20
1185,07/03/2026 16:51:43,9.26,6320.64
1186,07/03/2026 17:06:43,9.35,15011.84
1187,07/03/2026 17:21:43,9.44,15160.32
1188,07/03/2026 17:36:43,9.26,10117.12
1189,07/03/2026 17:51:43,9.18,8524.80
1190,07/03/2026 18:06:43,9.14,3984.64
1191,07/03/2026 18:21:43,9.31,6922.24
1192,07/03/2026 18:36:43,9.56,5757.44
1193,07/03/2026 18:51:43,10.21,4012.80
1194,07/03/2026 19:06:43,10.68,2282.88
1195,07/03/2026 19:21:43,10.81,1758.72
1196,07/03/2026 19:36:43,10.77,1874.56
1197,07/03/2026 19:51:43,10.72,1580.16
1198,07/03/2026 20:06:43,10.72,1768.96
1199,07/03/2026 20:21:43,10.81,1287.36
1200,07/03/2026 20:36:43,10.77,761.92
1201,07/03/2026 20:51:43,10.94,564.16
1202,07/03/2026 21:06:43,10.85,344.96
1203,07/03/2026 21:21:43,10.81,195.44
1204,07/03/2026 21:36:43,10.81,91.00
1205,07/03/2026 21:51:43,10.68,33.52
1206,07/03/2026 22:06:43,10.72,8.13
1207,07/03/2026 22:21:43,10.94,1.31
1208,07/03/2026 22:36:43,10.98,0.00
1209,07/03/2026 22:51:43,10.68,0.00
1210,07/03/2026 23:06:43,10.85,0.00
1211,07/03/2026 23:21:43,10.94,0.00
1212,07/03/2026 23:36:43,10.55,0.00
1213,07/03/2026 23:51:43,10.59,0.00
1214,07/04/2026 00:06:43,10.89,0.00
1215,07/04/2026 00:21:43,10.42,0.00
1216,07/04/2026 00:36:43,10.12,0.00
1217,07/04/2026 00:51:43,10.29,0.00
1218,07/04/2026 01:06:43,10.38,0.00
1219,07/04/2026 01:21:43,9.56,0.00
1220,07/04/2026 01:36:43,8.96,0.00
1221,07/04/2026 01:51:43,8.66,0.00
1222,07/04/2026 02:06:43,8.19,0.00
1223,07/04/2026 02:21:43,7.85,0.00
1224,07/04/2026 02:36:43,7.76,0.00
1225,07/04/2026 02:51:43,8.28,0.00
1226,07/04/2026 03:06:43,8.58,0.00
1227,07/04/2026 03:21:43,8.32,0.00
1228,07/04/2026 03:36:43,8.49,0.00
1229,07/04/2026 03:51:43,8.32,0.00
1230,07/04/2026 04:06:43,8.19,0.21
1231,07/04/2026 04:21:43,8.19,1.31
1232,07/04/2026 04:36:43,8.19,9.45
1233,07/04/2026 04:51:43,8.23,39.74
1234,07/04/2026 05:06:43,8.19,105.08
1235,07/04/2026 05:21:43,9.14,197.20
1236,07/04/2026 05:36:43,9.44,341.12
1237,07/04/2026 05:51:43,10.04,558.88
1238,07/04/2026 06:06:43,10.55,643.68
1239,07/04/2026 06:21:43,10.94,858.56
1240,07/04/2026 06:36:43,11.15,1055.04
1241,07/04/2026 06:51:43,11.45,1323.52
1242,07/04/2026 07:06:43,11.58,1662.08
1243,07/04/2026 07:21:43,11.67,2667.52
1244,07/04/2026 07:36:43,11.84,2778.88
1245,07/04/2026 07:51:43,11.97,3237.12
1246,07/04/2026 08:06:43,11.97,3608.32
1247,07/04/2026 08:21:43,12.05,4611.84
1248,07/04/2026 08:36:43,12.31,5655.04
1249,07/04/2026 08:51:43,12.22,5447.68
1250,07/04/2026 09:06:43,12.31,6525.44
1251,07/04/2026 09:21:43,12.27,7393.28
1252,07/04/2026 09:36:43,12.44,15600.64
1253,07/04/2026 09:51:43,12.61,12968.96
1254,07/04/2026 10:06:43,12.70,9208.32
1255,07/04/2026 10:21:43,12.91,13624.32
1256,07/04/2026 10:36:43,12.87,21350.40
1257,07/04/2026 10:51:43,12.91,15467.52
1258,07/04/2026 11:06:43,13.17,11970.56
1259,07/04/2026 11:21:43,13.25,10777.60
1260,07/04/2026 11:36:43,13.51,14991.36
1261,07/04/2026 11:51:43,13.90,9981.44
1262,07/04/2026 12:06:43,13.04,10664.96
1263,07/04/2026 12:21:43,11.84,21217.28
1264,07/04/2026 12:36:43,11.88,11796.48
1265,07/04/2026 12:51:43,11.19,14049.28
1266,07/04/2026 13:06:43,11.19,10967.04
1267,07/04/2026 13:21:43,10.98,14074.88
1268,07/04/2026 13:36:43,10.34,12303.36
1269,07/04/2026 13:51:43,10.77,14433.28
1270,07/04/2026 14:06:43,10.72,10375.68
1271,07/04/2026 14:21:43,10.25,11596.80
1272,07/04/2026 14:36:43,10.46,10823.68
1273,07/04/2026 14:51:43,10.98,14791.68
1274,07/04/2026 15:06:43,10.21,12026.88
1275,07/04/2026 15:21:43,10.08,11724.80
1276,07/04/2026 15:36:43,9.86,13941.76
1277,07/04/2026 15:51:43,9.56,10327.04
1278,07/04/2026 16:06:43,9.44,11386.88
1279,07/04/2026 16:21:43,9.56,11555.84
1280,07/04/2026 16:36:43,9.56,10649.60
1281,07/04/2026 16:51:43,9.26,14243.84
1282,07/04/2026 17:06:43,9.31,10186.24
1283,07/04/2026 17:21:43,9.26,9159.68
1284,07/04/2026 17:36:43,9.44,11796.48
1285,07/04/2026 17:51:43,9.48,10731.52
1286,07/04/2026 18:06:43,9.39,7772.16
1287,07/04/2026 18:21:43,9.39,8138.24
1288,07/04/2026 18:36:43,9.35,7498.24
1289,07/04/2026 18:51:43,9.14,4998.40
1290,07/04/2026 19:06:43,9.18,4565.76
1291,07/04/2026 19:21:43,9.18,3207.68
1292,07/04/2026 19:36:43,9.69,3461.12
1293,07/04/2026 19:51:43,10.38,3063.04
1294,07/04/2026 20:06:43,10.64,1538.56
1295,07/04/2026 20:21:43,10.85,955.84
1296,07/04/2026 20:36:43,11.41,790.08
1297,07/04/2026 20:51:43,11.49,600.96
1298,07/04/2026 21:06:43,11.54,438.40
1299,07/04/2026 21:21:43,11.54,282.08
1300,07/04/2026 21:36:43,11.67,124.64
1301,07/04/2026 21:51:43,11.84,42.36
1302,07/04/2026 22:06:43,12.18,10.33
1303,07/04/2026 22:21:43,12.65,1.53
1304,07/04/2026 22:36:43,13.04,0.00
1305,07/04/2026 22:51:43,13.08,0.00
1306,07/04/2026 23:06:43,13.08,0.00
1307,07/04/2026 23:21:43,13.43,0.00
1308,07/04/2026 23:36:43,13.34,0.00
1309,07/04/2026 23:51:43,13.21,0.00
1310,07/05/2026 00:06:43,12.70,0.00
1311,07/05/2026 00:21:43,12.70,0.00
1312,07/05/2026 00:36:43,13.00,0.00
1313,07/05/2026 00:51:43,12.57,0.00
1314,07/05/2026 01:06:43,12.27,0.00
1315,07/05/2026 01:21:43,12.87,0.21
1316,07/05/2026 01:36:43,12.01,0.00
1317,07/05/2026 01:51:43,12.82,0.00
1318,07/05/2026 02:06:43,12.95,0.00
1319,07/05/2026 02:21:43,10.68,0.00
1320,07/05/2026 02:36:43,12.05,0.00
1321,07/05/2026 02:51:43,12.01,0.00
1322,07/05/2026 03:06:43,12.61,0.00
1323,07/05/2026 03:21:43,12.48,0.00
1324,07/05/2026 03:36:43,12.40,0.00
1325,07/05/2026 03:51:43,12.44,0.00
1326,07/05/2026 04:06:43,12.52,0.00
1327,07/05/2026 04:21:43,12.44,1.09
1328,07/05/2026 04:36:43,12.35,8.35
1329,07/05/2026 04:51:43,12.35,35.72
1330,07/05/2026 05:06:43,12.35,111.36
1331,07/05/2026 05:21:43,12.44,244.00
1332,07/05/2026 05:36:43,12.48,455.52
1333,07/05/2026 05:51:43,12.61,752.64
1334,07/05/2026 06:06:43,12.57,1048.00
1335,07/05/2026 06:21:43,12.65,1446.40
1336,07/05/2026 06:36:43,12.91,2494.08
1337,07/05/2026 06:51:43,12.95,2808.32
1338,07/05/2026 07:06:43,13.21,3696.64
1339,07/05/2026 07:21:43,13.34,4234.24
1340,07/05/2026 07:36:43,13.43,6210.56
1341,07/05/2026 07:51:43,13.43,7016.96
1342,07/05/2026 08:06:43,13.47,10158.08
1343,07/05/2026 08:21:43,13.55,12549.12
1344,07/05/2026 08:36:43,13.77,9082.88
1345,07/05/2026 08:51:43,12.95,13040.64
1346,07/05/2026 09:06:43,14.15,18677.76
1347,07/05/2026 09:21:43,14.37,17331.20
1348,07/05/2026 09:36:43,14.54,16855.04
1349,07/05/2026 09:51:43,14.71,32061.44
1350,07/05/2026 10:06:43,14.80,19860.48
1351,07/05/2026 10:21:43,14.58,22497.28
1352,07/05/2026 10:36:43,14.63,24985.60
1353,07/05/2026 10:51:43,14.67,25200.64
1354,07/05/2026 11:06:43,15.14,24832.00
1355,07/05/2026 11:21:43,15.23,23715.84
1356,07/05/2026 11:36:43,15.27,28641.28
1357,07/05/2026 11:51:43,15.06,20935.68
1358,07/05/2026 12:06:43,15.78,25589.76
1359,07/05/2026 12:21:43,15.78,29911.04
1360,07/05/2026 12:36:43,15.74,22896.64
1361,07/05/2026 12:51:43,15.27,18918.40
1362,07/05/2026 13:06:43,15.36,20147.20
1363,07/05/2026 13:21:43,15.27,17756.16
1364,07/05/2026 13:36:43,14.54,24053.76
1365,07/05/2026 13:51:43,14.58,16522.24
1366,07/05/2026 14:06:43,14.24,18693.12
1367,07/05/2026 14:21:43,13.60,17233.92
1368,07/05/2026 14:36:43,13.25,15692.80
1369,07/05/2026 14:51:43,13.98,15257.60
1370,07/05/2026 15:06:43,11.07,20828.16
1371,07/05/2026 15:21:43,10.94,17571.84
1372,07/05/2026 15:36:43,10.85,13496.32
1373,07/05/2026 15:51:43,10.68,14638.08
1374,07/05/2026 16:06:43,11.02,14786.56
1375,07/05/2026 16:21:43,10.68,11381.76
1376,07/05/2026 16:36:43,10.64,12569.60
1377,07/05/2026 16:51:43,11.24,11484.16
1378,07/05/2026 17:06:43,11.41,13419.52
1379,07/05/2026 17:21:43,10.85,12887.04
1380,07/05/2026 17:36:43,11.19,10452.48
1381,07/05/2026 17:51:43,11.24,10475.52
1382,07/05/2026 18:06:43,11.58,6950.40
1383,07/05/2026 18:21:43,11.79,9792.00
1384,07/05/2026 18:36:43,11.71,6069.76
1385,07/05/2026 18:51:43,10.94,5103.36
1386,07/05/2026 19:06:43,10.34,7214.08
1387,07/05/2026 19:21:43,11.67,6133.76
1388,07/05/2026 19:36:43,11.49,3865.60
1389,07/05/2026 19:51:43,11.67,3613.44
1390,07/05/2026 20:06:43,11.45,3104.00
1391,07/05/2026 20:21:43,13.34,1544.32
1392,07/05/2026 20:36:43,14.07,1368.96
1393,07/05/2026 20:51:43,14.58,1023.68
1394,07/05/2026 21:06:43,14.71,730.24
1395,07/05/2026 21:21:43,14.45,411.52
1396,07/05/2026 21:36:43,14.45,173.36
1397,07/05/2026 21:51:43,13.98,56.12
1398,07/05/2026 22:06:43,13.81,13.65
1399,07/05/2026 22:21:43,13.90,2.41
1400,07/05/2026 22:36:43,14.11,0.21
1401,07/05/2026 22:51:43,13.94,0.00
1402,07/05/2026 23:06:43,13.94,0.00
1403,07/05/2026 23:21:43,13.98,0.00
1404,07/05/2026 23:36:43,14.37,0.00
1405,07/05/2026 23:51:43,14.41,0.00
1406,07/06/2026 00:06:43,14.37,0.00
1407,07/06/2026 00:21:43,14.54,0.00
1408,07/06/2026 00:36:43,14.50,0.00
1409,07/06/2026 00:51:43,14.41,0.00
1410,07/06/2026 01:06:43,14.45,0.00
1411,07/06/2026 01:21:43,14.45,0.00
1412,07/06/2026 01:36:43,14.50,0.00
1413,07/06/2026 01:51:43,14.50,0.00
1414,07/06/2026 02:06:43,14.28,0.00
1415,07/06/2026 02:21:43,14.41,0.00
1416,07/06/2026 02:36:43,14.50,0.00
1417,07/06/2026 02:51:43,14.20,0.00
1418,07/06/2026 03:06:43,14.50,0.00
1419,07/06/2026 03:21:43,14.07,0.00
1420,07/06/2026 03:36:43,14.50,0.00
1421,07/06/2026 03:51:43,14.50,0.00
1422,07/06/2026 04:06:43,14.33,0.21
1423,07/06/2026 04:21:43,14.33,1.97
1424,07/06/2026 04:36:43,14.28,12.55
1425,07/06/2026 04:51:43,14.28,59.18
1426,07/06/2026 05:06:43,14.28,177.76
1427,07/06/2026 05:21:43,14.28,422.08
1428,07/06/2026 05:36:43,14.28,735.04
1429,07/06/2026 05:51:43,14.15,1096.64
1430,07/06/2026 06:06:43,14.24,1698.56
1431,07/06/2026 06:21:43,14.28,2428.80
1432,07/06/2026 06:36:43,14.37,2964.48
1433,07/06/2026 06:51:43,14.54,3493.12
1434,07/06/2026 07:06:43,14.67,5381.12
1435,07/06/2026 07:21:43,15.01,6906.88
1436,07/06/2026 07:36:43,15.10,8604.16
1437,07/06/2026 07:51:43,15.61,12631.04
1438,07/06/2026 08:06:43,16.60,18042.88
1439,07/06/2026 08:21:43,18.27,26705.92
1440,07/06/2026 08:36:43,18.83,28661.76
1441,07/06/2026 08:51:43,19.65,32133.12
1442,07/06/2026 09:06:43,20.25,34467.84
1443,07/06/2026 09:21:43,21.96,32256.00
1444,07/06/2026 09:36:43,23.25,34232.32
1445,07/06/2026 09:51:43,23.55,35276.80
1446,07/06/2026 10:06:43,24.62,36311.04
1447,07/06/2026 10:21:43,25.39,37672.96
1448,07/06/2026 10:36:43,25.95,39301.12
1449,07/06/2026 10:51:43,26.68,40755.20
1450,07/06/2026 11:06:43,26.25,41543.68
1451,07/06/2026 11:21:43,29.38,42659.84
1452,07/06/2026 11:36:43,29.08,43704.32
1453,07/06/2026 11:51:43,29.68,44544.00
1454,07/06/2026 12:06:43,30.03,46120.96
1455,07/06/2026 12:21:43,19.17,43827.20
1456,07/06/2026 12:36:43,17.50,41195.52
1457,07/06/2026 12:51:43,16.39,41236.48
1458,07/06/2026 13:06:43,14.33,37816.32
1459,07/06/2026 13:21:43,13.64,34775.04
1460,07/06/2026 13:36:43,14.45,33792.00
1461,07/06/2026 13:51:43,13.55,35665.92
1462,07/06/2026 14:06:43,13.43,35942.40
1463,07/06/2026 14:21:43,12.82,29388.80
1464,07/06/2026 14:36:43,12.44,32430.08
1465,07/06/2026 14:51:43,12.31,26224.64
1466,07/06/2026 15:06:43,12.05,16547.84
1467,07/06/2026 15:21:43,11.79,15646.72
1468,07/06/2026 15:36:43,10.85,23418.88
1469,07/06/2026 15:51:43,10.85,27514.88
1470,07/06/2026 16:06:43,10.89,25200.64
1471,07/06/2026 16:21:43,11.92,13772.80
1472,07/06/2026 16:36:43,9.95,16501.76
1473,07/06/2026 16:51:43,10.25,17064.96
1474,07/06/2026 17:06:43,10.21,10150.40
1475,07/06/2026 17:21:43,10.68,6848.00
1476,07/06/2026 17:36:43,11.02,8222.72
1477,07/06/2026 17:51:43,11.58,7856.64
1478,07/06/2026 18:06:43,11.45,6809.60
1479,07/06/2026 18:21:43,10.04,6456.32
1480,07/06/2026 18:36:43,10.38,5171.20
1481,07/06/2026 18:51:43,11.15,12646.40
1482,07/06/2026 19:06:43,12.27,9932.80
1483,07/06/2026 19:21:43,11.92,9940.48
1484,07/06/2026 19:36:43,11.58,5908.48
1485,07/06/2026 19:51:43,11.71,7365.12
1486,07/06/2026 20:06:43,12.14,4597.76
1487,07/06/2026 20:21:43,13.73,2142.08
1488,07/06/2026 20:36:43,14.20,1792.00
1489,07/06/2026 20:51:43,14.97,1460.48
1490,07/06/2026 21:06:43,15.78,933.76
1491,07/06/2026 21:21:43,16.08,579.52
1492,07/06/2026 21:36:43,16.77,252.16
1493,07/06/2026 21:51:43,16.69,78.20
1494,07/06/2026 22:06:43,16.94,17.42
1495,07/06/2026 22:21:43,17.03,3.29
1496,07/06/2026 22:36:43,16.86,0.65
1497,07/06/2026 22:51:43,16.73,0.00
1498,07/06/2026 23:06:43,16.34,0.00
1499,07/06/2026 23:21:43,16.39,0.00
1500,07/06/2026 23:36:43,16.26,0.00
1501,07/06/2026 23:51:43,16.00,0.00
1502,07/07/2026 00:06:43,16.00,0.00
1503,07/07/2026 00:21:43,15.96,0.21
1504,07/07/2026 00:36:43,15.91,0.00
1505,07/07/2026 00:51:43,15.91,0.00
1506,07/07/2026 01:06:43,15.87,0.00
1507,07/07/2026 01:21:43,15.78,0.00
1508,07/07/2026 01:36:43,15.78,0.00
1509,07/07/2026 01:51:43,15.74,0.00
1510,07/07/2026 02:06:43,15.66,0.00
1511,07/07/2026 02:21:43,15.66,0.00
1512,07/07/2026 02:36:43,15.57,0.00
1513,07/07/2026 02:51:43,15.44,0.00
1514,07/07/2026 03:06:43,15.27,0.00
1515,07/07/2026 03:21:43,15.10,0.00
1516,07/07/2026 03:36:43,14.41,0.00
1517,07/07/2026 03:51:43,13.60,0.00
1518,07/07/2026 04:06:43,12.87,0.21
1519,07/07/2026 04:21:43,12.27,1.97
1520,07/07/2026 04:36:43,12.05,12.09
1521,07/07/2026 04:51:43,11.88,49.90
1522,07/07/2026 05:06:43,11.71,146.72
1523,07/07/2026 05:21:43,11.32,355.52
1524,07/07/2026 05:36:43,11.45,548.32
1525,07/07/2026 05:51:43,11.37,759.68
1526,07/07/2026 06:06:43,10.34,724.16
1527,07/07/2026 06:21:43,10.42,1158.08
1528,07/07/2026 06:36:43,10.89,1719.68
1529,07/07/2026 06:51:43,10.21,2480.00
1530,07/07/2026 07:06:43,8.62,4807.68
1531,07/07/2026 07:21:43,8.41,3557.12
1532,07/07/2026 07:36:43,8.32,3161.60
1533,07/07/2026 07:51:43,8.23,3147.52
1534,07/07/2026 08:06:43,8.36,5944.32
1535,07/07/2026 08:21:43,8.58,8245.76
1536,07/07/2026 08:36:43,12.31,7884.80
1537,07/07/2026 08:51:43,13.12,8785.92
1538,07/07/2026 09:06:43,13.17,12646.40
1539,07/07/2026 09:21:43,14.45,17228.80
1540,07/07/2026 09:36:43,14.93,18119.68
1541,07/07/2026 09:51:43,15.36,23203.84
1542,07/07/2026 10:06:43,15.23,26040.32
1543,07/07/2026 10:21:43,15.70,29911.04
1544,07/07/2026 10:36:43,15.70,25825.28
1545,07/07/2026 10:51:43,15.14,21053.44
1546,07/07/2026 11:06:43,14.84,25610.24
1547,07/07/2026 11:21:43,15.61,25487.36
1548,07/07/2026 11:36:43,15.18,16087.04
1549,07/07/2026 11:51:43,14.84,9200.64
1550,07/07/2026 12:06:43,14.97,15513.60
1551,07/07/2026 12:21:43,15.57,42946.56
1552,07/07/2026 12:36:43,15.44,30965.76
1553,07/07/2026 12:51:43,14.93,34508.80
1554,07/07/2026 13:06:43,13.34,36823.04
1555,07/07/2026 13:21:43,12.78,28702.72
1556,07/07/2026 13:36:43,11.75,27514.88
1557,07/07/2026 13:51:43,11.15,27463.68
1558,07/07/2026 14:06:43,11.92,24483.84
1559,07/07/2026 14:21:43,11.97,22323.20
1560,07/07/2026 14:36:43,11.67,27985.92
1561,07/07/2026 14:51:43,11.88,24371.20
1562,07/07/2026 15:06:43,11.58,16655.36
1563,07/07/2026 15:21:43,11.62,23336.96
1564,07/07/2026 15:36:43,11.75,19768.32
1565,07/07/2026 15:51:43,11.49,21217.28
1566,07/07/2026 16:06:43,11.92,22292.48
1567,07/07/2026 16:21:43,11.37,16834.56
1568,07/07/2026 16:36:43,11.07,16220.16
1569,07/07/2026 16:51:43,11.11,13337.60
1570,07/07/2026 17:06:43,10.72,12631.04
1571,07/07/2026 17:21:43,10.55,17623.04
1572,07/07/2026 17:36:43,9.99,8716.80
1573,07/07/2026 17:51:43,9.91,7019.52
1574,07/07/2026 18:06:43,9.86,6653.44
1575,07/07/2026 18:21:43,9.95,11407.36
1576,07/07/2026 18:36:43,9.99,7349.76
1577,07/07/2026 18:51:43,10.38,6794.24
1578,07/07/2026 19:06:43,10.55,4442.88
1579,07/07/2026 19:21:43,10.77,4122.88
1580,07/07/2026 19:36:43,10.89,3132.16
1581,07/07/2026 19:51:43,10.81,2567.68
1582,07/07/2026 20:06:43,10.68,2954.24
1583,07/07/2026 20:21:43,10.68,1024.32
1584,07/07/2026 20:36:43,10.59,532.00
1585,07/07/2026 20:51:43,10.64,425.12
1586,07/07/2026 21:06:43,10.64,294.32
1587,07/07/2026 21:21:43,10.51,158.08
1588,07/07/2026 21:36:43,11.15,65.78
1589,07/07/2026 21:51:43,11.49,30.01
1590,07/07/2026 22:06:43,11.62,7.69
1591,07/07/2026 22:21:43,11.58,1.31
1592,07/07/2026 22:36:43,11.19,0.21
1593,07/07/2026 22:51:43,10.94,0.00
1594,07/07/2026 23:06:43,10.98,0.00
1595,07/07/2026 23:21:43,11.62,0.00
1596,07/07/2026 23:36:43,12.70,0.00
1597,07/07/2026 23:51:43,13.04,0.00
1598,07/08/2026 00:06:43,13.30,0.00
1599,07/08/2026 00:21:43,13.17,0.00
1600,07/08/2026 00:36:43,13.08,0.00
1601,07/08/2026 00:51:43,12.95,0.00
1602,07/08/2026 01:06:43,12.87,0.00
1603,07/08/2026 01:21:43,12.87,0.00
1604,07/08/2026 01:36:43,12.95,0.00
1605,07/08/2026 01:51:43,12.95,0.00
1606,07/08/2026 02:06:43,12.95,0.00
1607,07/08/2026 02:21:43,12.91,0.00
1608,07/08/2026 02:36:43,12.95,0.00
1609,07/08/2026 02:51:43,12.95,0.00
1610,07/08/2026 03:06:43,13.17,0.00
1611,07/08/2026 03:21:43,13.00,0.00
1612,07/08/2026 03:36:43,13.08,0.00
1613,07/08/2026 03:51:43,13.04,0.00
1614,07/08/2026 04:06:43,11.11,0.00
1615,07/08/2026 04:21:43,10.94,1.31
1616,07/08/2026 04:36:43,11.15,9.23
1617,07/08/2026 04:51:43,11.15,42.36
1618,07/08/2026 05:06:43,10.81,124.52
1619,07/08/2026 05:21:43,10.81,258.96
1620,07/08/2026 05:36:43,10.81,462.88
1621,07/08/2026 05:51:43,10.85,754.88
1622,07/08/2026 06:06:43,10.68,1334.40
1623,07/08/2026 06:21:43,10.89,1248.64
1624,07/08/2026 06:36:43,10.81,1923.84
1625,07/08/2026 06:51:43,10.85,1813.12
1626,07/08/2026 07:06:43,10.72,3202.56
1627,07/08/2026 07:21:43,10.59,1960.96
1628,07/08/2026 07:36:43,10.81,3507.20
1629,07/08/2026 07:51:43,10.98,4501.76
1630,07/08/2026 08:06:43,11.07,5187.84
1631,07/08/2026 08:21:43,11.02,5934.08
1632,07/08/2026 08:36:43,11.32,8844.80
1633,07/08/2026 08:51:43,10.42,5250.56
1634,07/08/2026 09:06:43,11.11,12984.32
1635,07/08/2026 09:21:43,11.28,19128.32
1636,07/08/2026 09:36:43,11.32,14187.52
1637,07/08/2026 09:51:43,11.58,14115.84
1638,07/08/2026 10:06:43,11.32,10956.80
1639,07/08/2026 10:21:43,11.92,15595.52
1640,07/08/2026 10:36:43,11.15,8033.28
1641,07/08/2026 10:51:43,11.02,7836.16
1642,07/08/2026 11:06:43,10.64,10065.92
1643,07/08/2026 11:21:43,10.55,5399.04
1644,07/08/2026 11:36:43,10.68,12682.24
1645,07/08/2026 11:51:43,10.68,11156.48
1646,07/08/2026 12:06:43,11.32,13250.56
1647,07/08/2026 12:21:43,12.01,19389.44
1648,07/08/2026 12:36:43,12.27,13040.64
1649,07/08/2026 12:51:43,13.04,11555.84
1650,07/08/2026 13:06:43,13.12,15733.76
1651,07/08/2026 13:21:43,13.34,19261.44
1652,07/08/2026 13:36:43,12.74,12753.92
1653,07/08/2026 13:51:43,12.52,16972.80
1654,07/08/2026 14:06:43,11.84,11453.44
1655,07/08/2026 14:21:43,11.92,26183.68
1656,07/08/2026 14:36:43,11.92,20823.04
1657,07/08/2026 14:51:43,11.88,21145.60
1658,07/08/2026 15:06:43,11.54,21739.52
1659,07/08/2026 15:21:43,11.07,13916.16
1660,07/08/2026 15:36:43,11.11,23080.96
1661,07/08/2026 15:51:43,10.98,18037.76
1662,07/08/2026 16:06:43,10.89,15329.28
1663,07/08/2026 16:21:43,10.81,17525.76
1664,07/08/2026 16:36:43,10.77,16384.00
1665,07/08/2026 16:51:43,10.77,15749.12
1666,07/08/2026 17:06:43,10.85,13496.32
1667,07/08/2026 17:21:43,10.51,7091.20
1668,07/08/2026 17:36:43,10.21,4970.24
1669,07/08/2026 17:51:43,10.21,11192.32
1670,07/08/2026 18:06:43,9.91,5711.36
1671,07/08/2026 18:21:43,9.95,7498.24
1672,07/08/2026 18:36:43,10.04,7083.52
1673,07/08/2026 18:51:43,10.42,6845.44
1674,07/08/2026 19:06:43,10.51,5286.40
1675,07/08/2026 19:21:43,9.95,1336.32
1676,07/08/2026 19:36:43,9.69,1187.20
1677,07/08/2026 19:51:43,9.82,797.12
1678,07/08/2026 20:06:43,9.86,518.88
1679,07/08/2026 20:21:43,9.82,1044.48
1680,07/08/2026 20:36:43,10.64,353.28
1681,07/08/2026 20:51:43,10.68,489.28
1682,07/08/2026 21:06:43,10.94,386.24
1683,07/08/2026 21:21:43,11.19,158.08
1684,07/08/2026 21:36:43,11.37,98.04
1685,07/08/2026 21:51:43,12.18,24.26
1686,07/08/2026 22:06:43,13.43,4.61
1687,07/08/2026 22:21:43,13.51,0.43
1688,07/08/2026 22:36:43,13.34,0.00
1689,07/08/2026 22:51:43,13.17,0.00
1690,07/08/2026 23:06:43,12.91,0.00
1691,07/08/2026 23:21:43,12.61,0.00
1692,07/08/2026 23:36:43,12.57,0.00
1693,07/08/2026 23:51:43,12.22,0.21
1694,07/09/2026 00:06:43,12.10,0.00
1695,07/09/2026 00:21:43,11.79,0.00
1696,07/09/2026 00:36:43,11.92,0.00
1697,07/09/2026 00:51:43,12.35,0.00
1698,07/09/2026 01:06:43,12.18,0.00
1699,07/09/2026 01:21:43,12.35,0.00
1700,07/09/2026 01:36:43,12.48,0.00
1701,07/09/2026 01:51:43,12.01,0.00
1702,07/09/2026 02:06:43,11.97,0.00
1703,07/09/2026 02:21:43,11.92,0.00
1704,07/09/2026 02:36:43,11.92,0.00
1705,07/09/2026 02:51:43,11.88,0.00
1706,07/09/2026 03:06:43,11.79,0.00
1707,07/09/2026 03:21:43,11.75,0.00
1708,07/09/2026 03:36:43,11.62,0.00
1709,07/09/2026 03:51:43,11.67,0.00
1710,07/09/2026 04:06:43,11.71,0.00
1711,07/09/2026 04:21:43,11.79,0.21
1712,07/09/2026 04:36:43,11.67,2.63
1713,07/09/2026 04:51:43,11.84,14.09
1714,07/09/2026 05:06:43,11.79,42.32
1715,07/09/2026 05:21:43,11.84,96.28
1716,07/09/2026 05:36:43,11.92,158.08
1717,07/09/2026 05:51:43,11.92,259.84
1718,07/09/2026 06:06:43,11.67,530.24
1719,07/09/2026 06:21:43,11.62,637.12
1720,07/09/2026 06:36:43,11.62,984.00
1721,07/09/2026 06:51:43,11.58,1049.92
1722,07/09/2026 07:06:43,11.62,1025.28
1723,07/09/2026 07:21:43,11.62,1018.24
1724,07/09/2026 07:36:43,11.58,1082.56
1725,07/09/2026 07:51:43,11.79,1286.40
1726,07/09/2026 08:06:43,12.14,1064.00
1727,07/09/2026 08:21:43,12.44,1797.12
1728,07/09/2026 08:36:43,12.70,2474.24
1729,07/09/2026 08:51:43,12.91,2725.12
1730,07/09/2026 09:06:43,13.00,3267.84
1731,07/09/2026 09:21:43,13.17,3717.12
1732,07/09/2026 09:36:43,13.30,3801.60
1733,07/09/2026 09:51:43,13.38,3141.12
1734,07/09/2026 10:06:43,13.30,2635.52
1735,07/09/2026 10:21:43,13.60,3334.40
1736,07/09/2026 10:36:43,13.98,3946.24
1737,07/09/2026 10:51:43,13.98,3992.32
1738,07/09/2026 11:06:43,14.07,4143.36
1739,07/09/2026 11:21:43,14.11,3907.84
1740,07/09/2026 11:36:43,14.24,3664.64
1741,07/09/2026 11:51:43,14.41,5061.12
1742,07/09/2026 12:06:43,14.63,4153.60
1743,07/09/2026 12:21:43,14.71,4125.44
1744,07/09/2026 12:36:43,14.50,7065.60
1745,07/09/2026 12:51:43,14.28,10375.68
1746,07/09/2026 13:06:43,14.15,9003.52
1747,07/09/2026 13:21:43,14.20,5501.44
1748,07/09/2026 13:36:43,14.37,6277.12
1749,07/09/2026 13:51:43,14.45,7301.12
1750,07/09/2026 14:06:43,14.50,6471.68
1751,07/09/2026 14:21:43,14.24,5990.40
1752,07/09/2026 14:36:43,13.85,8885.76
1753,07/09/2026 14:51:43,13.00,7232.00
1754,07/09/2026 15:06:43,12.74,5258.24
1755,07/09/2026 15:21:43,12.40,5242.88
1756,07/09/2026 15:36:43,12.14,5788.16
1757,07/09/2026 15:51:43,12.14,3127.04
1758,07/09/2026 16:06:43,12.35,3479.04
1759,07/09/2026 16:21:43,12.35,2437.76
1760,07/09/2026 16:36:43,12.22,2677.76
1761,07/09/2026 16:51:43,12.01,2403.84
1762,07/09/2026 17:06:43,12.14,1596.16
1763,07/09/2026 17:21:43,11.79,1946.88
1764,07/09/2026 17:36:43,11.62,1872.64
1765,07/09/2026 17:51:43,11.19,2243.84
1766,07/09/2026 18:06:43,10.94,2933.76
1767,07/09/2026 18:21:43,11.11,4072.96
1768,07/09/2026 18:36:43,11.15,4213.76
1769,07/09/2026 18:51:43,10.94,3138.56
1770,07/09/2026 19:06:43,11.02,3312.64
1771,07/09/2026 19:21:43,10.98,3164.16
1772,07/09/2026 19:36:43,11.07,2194.56
1773,07/09/2026 19:51:43,11.11,1792.00
1774,07/09/2026 20:06:43,11.19,2485.12
1775,07/09/2026 20:21:43,10.94,1728.64
1776,07/09/2026 20:36:43,11.71,992.00
1777,07/09/2026 20:51:43,12.57,679.68
1778,07/09/2026 21:06:43,12.82,438.40
1779,07/09/2026 21:21:43,12.91,236.96
1780,07/09/2026 21:36:43,12.95,123.64
1781,07/09/2026 21:51:43,13.00,37.54
1782,07/09/2026 22:06:43,12.82,7.69
1783,07/09/2026 22:21:43,12.52,1.09
1784,07/09/2026 22:36:43,12.78,0.00
1785,07/09/2026 22:51:43,12.74,0.00
1786,07/09/2026 23:06:43,12.87,0.00
1787,07/09/2026 23:21:43,12.74,0.00
1788,07/09/2026 23:36:43,12.78,0.00
1789,07/09/2026 23:51:43,12.70,0.00
1790,07/10/2026 00:06:43,13.00,0.00
1791,07/10/2026 00:21:43,12.87,0.00
1792,07/10/2026 00:36:43,12.87,0.00
1793,07/10/2026 00:51:43,13.04,0.00
1794,07/10/2026 01:06:43,13.04,0.00
1795,07/10/2026 01:21:43,13.00,0.00
1796,07/10/2026 01:36:43,13.08,0.00
1797,07/10/2026 01:51:43,12.91,0.00
1798,07/10/2026 02:06:43,13.04,0.00
1799,07/10/2026 02:21:43,12.78,0.00
1800,07/10/2026 02:36:43,12.91,0.00
1801,07/10/2026 02:51:43,12.82,0.00
1802,07/10/2026 03:06:43,12.91,0.00
1803,07/10/2026 03:21:43,13.00,0.00
1804,07/10/2026 03:36:43,13.04,0.00
1805,07/10/2026 03:51:43,12.87,0.00
1806,07/10/2026 04:06:43,12.78,0.43
1807,07/10/2026 04:21:43,12.74,1.09
1808,07/10/2026 04:36:43,12.57,7.47
1809,07/10/2026 04:51:43,12.14,35.28
1810,07/10/2026 05:06:43,11.41,116.60
1811,07/10/2026 05:21:43,11.28,258.08
1812,07/10/2026 05:36:43,11.07,458.56
1813,07/10/2026 05:51:43,11.02,716.48
1814,07/10/2026 06:06:43,10.85,1054.40
1815,07/10/2026 06:21:43,10.94,1422.72
1816,07/10/2026 06:36:43,10.85,1953.92
1817,07/10/2026 06:51:43,10.68,1978.24
1818,07/10/2026 07:06:43,10.25,1900.80
1819,07/10/2026 07:21:43,10.12,2583.68
1820,07/10/2026 07:36:43,10.25,3220.48
1821,07/10/2026 07:51:43,10.81,3742.72
1822,07/10/2026 08:06:43,10.98,4920.32
1823,07/10/2026 08:21:43,10.89,5237.76
1824,07/10/2026 08:36:43,10.81,5813.76
1825,07/10/2026 08:51:43,10.64,3630.08
1826,07/10/2026 09:06:43,11.32,11678.72
1827,07/10/2026 09:21:43,11.41,11059.20
1828,07/10/2026 09:36:43,11.71,11653.12
1829,07/10/2026 09:51:43,11.97,12042.24
1830,07/10/2026 10:06:43,12.35,17413.12
1831,07/10/2026 10:21:43,12.78,15032.32
1832,07/10/2026 10:36:43,13.17,18099.20
1833,07/10/2026 10:51:43,13.38,19394.56
1834,07/10/2026 11:06:43,13.47,24893.44
1835,07/10/2026 11:21:43,13.60,20316.16
1836,07/10/2026 11:36:43,13.68,24647.68
1837,07/10/2026 11:51:43,13.94,22353.92
1838,07/10/2026 12:06:43,13.81,18979.84
1839,07/10/2026 12:21:43,13.90,21739.52
1840,07/10/2026 12:36:43,13.85,20618.24
1841,07/10/2026 12:51:43,13.21,21821.44
1842,07/10/2026 13:06:43,13.12,27709.44
1843,07/10/2026 13:21:43,13.30,19077.12
1844,07/10/2026 13:36:43,13.43,26449.92
1845,07/10/2026 13:51:43,13.17,30300.16
1846,07/10/2026 14:06:43,13.12,25200.64
1847,07/10/2026 14:21:43,13.12,18703.36
1848,07/10/2026 14:36:43,12.95,27002.88
1849,07/10/2026 14:51:43,12.78,22138.88
1850,07/10/2026 15:06:43,12.52,17274.88
1851,07/10/2026 15:21:43,12.44,20275.20
1852,07/10/2026 15:36:43,12.35,19317.76
1853,07/10/2026 15:51:43,12.91,14028.80
1854,07/10/2026 16:06:43,13.04,15569.92
1855,07/10/2026 16:21:43,13.38,14709.76
1856,07/10/2026 16:36:43,13.64,11494.40
1857,07/10/2026 16:51:43,13.81,14279.68
1858,07/10/2026 17:06:43,13.51,10982.40
1859,07/10/2026 17:21:43,11.37,13813.76
1860,07/10/2026 17:36:43,10.85,9011.20
1861,07/10/2026 17:51:43,11.28,7636.48
1862,07/10/2026 18:06:43,10.34,8504.32
1863,07/10/2026 18:21:43,9.91,5995.52
1864,07/10/2026 18:36:43,9.61,5798.40
1865,07/10/2026 18:51:43,11.07,4579.84
1866,07/10/2026 19:06:43,11.41,4318.72
1867,07/10/2026 19:21:43,12.10,3400.96
1868,07/10/2026 19:36:43,10.21,2978.56
1869,07/10/2026 19:51:43,9.26,2168.32
1870,07/10/2026 20:06:43,11.67,1600.00
1871,07/10/2026 20:21:43,12.35,958.40
1872,07/10/2026 20:36:43,12.52,803.20
1873,07/10/2026 20:51:43,12.70,641.44
1874,07/10/2026 21:06:43,12.91,428.64
1875,07/10/2026 21:21:43,13.04,253.68
1876,07/10/2026 21:36:43,13.25,113.12
1877,07/10/2026 21:51:43,13.34,36.60
1878,07/10/2026 22:06:43,13.51,7.69
1879,07/10/2026 22:21:43,13.73,1.09
1880,07/10/2026 22:36:43,14.20,0.00
1881,07/10/2026 22:51:43,14.37,0.00
1882,07/10/2026 23:06:43,14.54,0.21
1883,07/10/2026 23:21:43,14.45,0.00
1884,07/10/2026 23:36:43,14.41,0.00
1885,07/10/2026 23:51:43,14.41,0.00
1886,07/11/2026 00:06:43,14.50,0.00
1887,07/11/2026 00:21:43,14.63,0.00
1888,07/11/2026 00:36:43,14.75,0.00
1889,07/11/2026 00:51:43,14.80,0.00
1890,07/11/2026 01:06:43,14.71,0.00
1891,07/11/2026 01:21:43,14.63,0.00
1892,07/11/2026 01:36:43,14.54,0.00
1893,07/11/2026 01:51:43,14.58,0.00
1894,07/11/2026 02:06:43,14.63,0.00
1895,07/11/2026 02:21:43,14.67,0.00
1896,07/11/2026 02:36:43,14.54,0.00
1897,07/11/2026 02:51:43,14.63,0.00
1898,07/11/2026 03:06:43,14.45,0.00
1899,07/11/2026 03:21:43,14.41,0.00
1900,07/11/2026 03:36:43,14.28,0.00
1901,07/11/2026 03:51:43,14.15,0.00
1902,07/11/2026 04:06:43,14.24,0.00
1903,07/11/2026 04:21:43,14.45,1.75
1904,07/11/2026 04:36:43,14.20,10.58
1905,07/11/2026 04:51:43,14.33,50.78
1906,07/11/2026 05:06:43,14.33,158.16
1907,07/11/2026 05:21:43,14.54,342.08
1908,07/11/2026 05:36:43,14.54,586.08
1909,07/11/2026 05:51:43,15.27,883.20
1910,07/11/2026 06:06:43,15.31,1262.72
1911,07/11/2026 06:21:43,15.44,1715.20
1912,07/11/2026 06:36:43,15.31,2219.52
1913,07/11/2026 06:51:43,14.93,2877.44
1914,07/11/2026 07:06:43,14.80,3531.52
1915,07/11/2026 07:21:43,14.58,4428.80
1916,07/11/2026 07:36:43,14.67,5248.00
1917,07/11/2026 07:51:43,14.63,6108.16
1918,07/11/2026 08:06:43,14.75,7104.00
1919,07/11/2026 08:21:43,15.18,7823.36
1920,07/11/2026 08:36:43,15.23,8540.16
1921,07/11/2026 08:51:43,15.40,8568.32
1922,07/11/2026 09:06:43,16.39,10649.60
1923,07/11/2026 09:21:43,16.47,11878.40
1924,07/11/2026 09:36:43,16.60,14295.04
1925,07/11/2026 09:51:43,16.69,15201.28
1926,07/11/2026 10:06:43,16.30,13542.40
1927,07/11/2026 10:21:43,16.30,21719.04
1928,07/11/2026 10:36:43,16.34,23357.44
1929,07/11/2026 10:51:43,16.00,27381.76
1930,07/11/2026 11:06:43,16.13,24801.28
1931,07/11/2026 11:21:43,16.08,33136.64
1932,07/11/2026 11:36:43,15.96,33740.80
1933,07/11/2026 11:51:43,15.61,32573.44
1934,07/11/2026 12:06:43,15.48,31672.32
1935,07/11/2026 12:21:43,15.96,33935.36
1936,07/11/2026 12:36:43,16.04,32501.76
1937,07/11/2026 12:51:43,15.70,26112.00
1938,07/11/2026 13:06:43,15.83,26777.60
1939,07/11/2026 13:21:43,16.34,32808.96
1940,07/11/2026 13:36:43,15.70,24145.92
1941,07/11/2026 13:51:43,15.10,30330.88
1942,07/11/2026 14:06:43,14.20,24729.60
1943,07/11/2026 14:21:43,13.21,30259.20
1944,07/11/2026 14:36:43,12.61,41451.52
1945,07/11/2026 14:51:43,12.31,31467.52
1946,07/11/2026 15:06:43,12.70,30924.80
1947,07/11/2026 15:21:43,11.67,24995.84
1948,07/11/2026 15:36:43,11.58,29132.80
1949,07/11/2026 15:51:43,13.30,26972.16
1950,07/11/2026 16:06:43,13.68,26480.64
1951,07/11/2026 16:21:43,14.63,27217.92
1952,07/11/2026 16:36:43,14.84,18974.72
1953,07/11/2026 16:51:43,14.75,15518.72
1954,07/11/2026 17:06:43,14.67,15918.08
1955,07/11/2026 17:21:43,14.67,16163.84
1956,07/11/2026 17:36:43,14.71,12687.36
1957,07/11/2026 17:51:43,14.54,11535.36
1958,07/11/2026 18:06:43,14.45,11438.08
1959,07/11/2026 18:21:43,13.85,9728.00
1960,07/11/2026 18:36:43,12.48,9139.20
1961,07/11/2026 18:51:43,11.97,3418.88
1962,07/11/2026 19:06:43,13.43,7357.44
1963,07/11/2026 19:21:43,13.04,5128.96
1964,07/11/2026 19:36:43,13.60,4695.04
1965,07/11/2026 19:51:43,13.38,3098.88
1966,07/11/2026 20:06:43,12.57,2325.12
1967,07/11/2026 20:21:43,12.22,1105.28
1968,07/11/2026 20:36:43,12.65,978.56
1969,07/11/2026 20:51:43,12.74,929.28
1970,07/11/2026 21:06:43,13.17,580.80
1971,07/11/2026 21:21:43,13.21,293.44
1972,07/11/2026 21:36:43,13.47,122.76
1973,07/11/2026 21:51:43,13.85,33.08
1974,07/11/2026 22:06:43,16.26,6.59
1975,07/11/2026 22:21:43,16.77,0.87
1976,07/11/2026 22:36:43,17.24,0.00
1977,07/11/2026 22:51:43,16.99,0.00
1978,07/11/2026 23:06:43,16.90,0.00
1979,07/11/2026 23:21:43,16.64,0.00
1980,07/11/2026 23:36:43,16.64,0.00
1981,07/11/2026 23:51:43,16.64,0.00
1982,07/12/2026 00:06:43,16.51,0.00
1983,07/12/2026 00:21:43,16.73,0.00
1984,07/12/2026 00:36:43,16.69,0.00
1985,07/12/2026 00:51:43,16.56,0.00
1986,07/12/2026 01:06:43,16.51,0.00
1987,07/12/2026 01:21:43,16.43,0.00
1988,07/12/2026 01:36:43,16.39,0.00
1989,07/12/2026 01:51:43,16.47,0.00
1990,07/12/2026 02:06:43,16.47,0.00
1991,07/12/2026 02:21:43,16.39,0.00
1992,07/12/2026 02:36:43,16.43,0.00
1993,07/12/2026 02:51:43,16.34,0.00
1994,07/12/2026 03:06:43,16.34,0.43
1995,07/12/2026 03:21:43,16.26,0.00
1996,07/12/2026 03:36:43,16.30,0.00
1997,07/12/2026 03:51:43,16.30,0.00
1998,07/12/2026 04:06:43,16.30,0.00
1999,07/12/2026 04:21:43,16.30,1.31
2000,07/12/2026 04:36:43,16.26,9.23
2001,07/12/2026 04:51:43,16.21,50.78
2002,07/12/2026 05:06:43,16.21,146.64
2003,07/12/2026 05:21:43,16.13,392.64
2004,07/12/2026 05:36:43,16.17,591.36
2005,07/12/2026 05:51:43,16.26,834.56
2006,07/12/2026 06:06:43,16.26,1172.16
2007,07/12/2026 06:21:43,16.26,1549.44
2008,07/12/2026 06:36:43,16.21,2250.88
2009,07/12/2026 06:51:43,16.21,2513.28
2010,07/12/2026 07:06:43,16.30,4998.40
2011,07/12/2026 07:21:43,16.21,4660.48
2012,07/12/2026 07:36:43,16.13,5173.76
2013,07/12/2026 07:51:43,15.96,4066.56
2014,07/12/2026 08:06:43,15.74,6548.48
2015,07/12/2026 08:21:43,15.74,9425.92
2016,07/12/2026 08:36:43,15.78,9405.44
2017,07/12/2026 08:51:43,15.66,10411.52
2018,07/12/2026 09:06:43,15.44,11417.60
2019,07/12/2026 09:21:43,15.14,12497.92
2020,07/12/2026 09:36:43,15.01,12047.36
2021,07/12/2026 09:51:43,14.63,12881.92
2022,07/12/2026 10:06:43,14.54,10122.24
2023,07/12/2026 10:21:43,14.88,11755.52
2024,07/12/2026 10:36:43,14.58,8081.92
2025,07/12/2026 10:51:43,14.58,10060.80
2026,07/12/2026 11:06:43,14.54,11904.00
2027,07/12/2026 11:21:43,14.97,11330.56
2028,07/12/2026 11:36:43,14.20,16276.48
2029,07/12/2026 11:51:43,14.45,13675.52
2030,07/12/2026 12:06:43,14.84,24954.88
2031,07/12/2026 12:21:43,13.94,13076.48
2032,07/12/2026 12:36:43,14.93,13900.80
2033,07/12/2026 12:51:43,15.61,22149.12
2034,07/12/2026 13:06:43,15.31,14341.12
2035,07/12/2026 13:21:43,15.96,18339.84
2036,07/12/2026 13:36:43,15.74,30586.88
2037,07/12/2026 13:51:43,15.91,28733.44
2038,07/12/2026 14:06:43,14.54,10675.20
2039,07/12/2026 14:21:43,15.36,27893.76
2040,07/12/2026 14:36:43,14.75,14033.92
2041,07/12/2026 14:51:43,14.93,29900.80
2042,07/12/2026 15:06:43,14.67,28999.68
2043,07/12/2026 15:21:43,13.90,25743.36
2044,07/12/2026 15:36:43,14.41,28672.00
2045,07/12/2026 15:51:43,14.63,19409.92
2046,07/12/2026 16:06:43,14.97,30218.24
2047,07/12/2026 16:21:43,15.10,19097.60
2048,07/12/2026 16:36:43,14.71,22364.16
2049,07/12/2026 16:51:43,14.28,15994.88
2050,07/12/2026 17:06:43,14.33,20295.68
2051,07/12/2026 17:21:43,14.24,15308.80
2052,07/12/2026 17:36:43,13.90,13132.80
2053,07/12/2026 17:51:43,13.60,11182.08
2054,07/12/2026 18:06:43,12.82,10053.12
2055,07/12/2026 18:21:43,12.70,9482.24
2056,07/12/2026 18:36:43,12.52,6182.40
2057,07/12/2026 18:51:43,13.12,3735.04
2058,07/12/2026 19:06:43,13.55,1728.64
2059,07/12/2026 19:21:43,13.12,2388.48
2060,07/12/2026 19:36:43,13.17,1781.76
2061,07/12/2026 19:51:43,13.90,2539.52
2062,07/12/2026 20:06:43,14.41,656.64
2063,07/12/2026 20:21:43,14.58,153.68
2064,07/12/2026 20:36:43,13.30,159.04
2065,07/12/2026 20:51:43,13.00,177.60
2066,07/12/2026 21:06:43,15.23,106.84
2067,07/12/2026 21:21:43,15.27,103.32
2068,07/12/2026 21:36:43,15.70,39.30
2069,07/12/2026 21:51:43,16.47,11.87
2070,07/12/2026 22:06:43,16.81,1.75
2071,07/12/2026 22:21:43,17.16,0.21
2072,07/12/2026 22:36:43,17.16,0.00
2073,07/12/2026 22:51:43,17.24,0.00
2074,07/12/2026 23:06:43,17.29,0.00
2075,07/12/2026 23:21:43,17.41,0.00
2076,07/12/2026 23:36:43,17.41,0.00
2077,07/12/2026 23:51:43,17.41,0.00
2078,07/13/2026 00:06:43,17.20,0.00
2079,07/13/2026 00:21:43,17.20,0.00
2080,07/13/2026 00:36:43,16.77,0.00
2081,07/13/2026 00:51:43,17.03,0.00
2082,07/13/2026 01:06:43,17.11,0.00
2083,07/13/2026 01:21:43,17.07,0.00
2084,07/13/2026 01:36:43,17.03,0.00
2085,07/13/2026 01:51:43,16.81,0.00
2086,07/13/2026 02:06:43,16.77,0.00
2087,07/13/2026 02:21:43,17.03,0.00
2088,07/13/2026 02:36:43,17.16,0.00
2089,07/13/2026 02:51:43,17.41,0.00
2090,07/13/2026 03:06:43,17.29,0.00
2091,07/13/2026 03:21:43,17.41,0.00
2092,07/13/2026 03:36:43,17.37,0.00
2093,07/13/2026 03:51:43,17.33,0.00
2094,07/13/2026 04:06:43,17.16,0.21
2095,07/13/2026 04:21:43,17.33,1.31
2096,07/13/2026 04:36:43,17.41,8.35
2097,07/13/2026 04:51:43,17.54,44.62
2098,07/13/2026 05:06:43,17.46,152.00
2099,07/13/2026 05:21:43,17.41,316.56
2100,07/13/2026 05:36:43,17.11,762.24
2101,07/13/2026 05:51:43,16.69,1006.72
2102,07/13/2026 06:06:43,16.64,1600.00
2103,07/13/2026 06:21:43,16.64,2201.60
2104,07/13/2026 06:36:43,16.81,4108.80
2105,07/13/2026 06:51:43,16.99,4147.20
2106,07/13/2026 07:06:43,17.16,5143.04
2107,07/13/2026 07:21:43,17.20,5982.72
2108,07/13/2026 07:36:43,17.20,6126.08
2109,07/13/2026 07:51:43,17.29,7884.80
2110,07/13/2026 08:06:43,17.11,8302.08
2111,07/13/2026 08:21:43,17.03,7872.00
2112,07/13/2026 08:36:43,16.64,7042.56
2113,07/13/2026 08:51:43,16.64,10936.32
2114,07/13/2026 09:06:43,16.86,12794.88
2115,07/13/2026 09:21:43,16.51,10926.08
2116,07/13/2026 09:36:43,15.70,14868.48
2117,07/13/2026 09:51:43,15.74,13701.12
2118,07/13/2026 10:06:43,15.14,17300.48
2119,07/13/2026 10:21:43,14.63,17525.76
2120,07/13/2026 10:36:43,13.81,18565.12
2121,07/13/2026 10:51:43,13.90,20561.92
2122,07/13/2026 11:06:43,13.68,25487.36
2123,07/13/2026 11:21:43,13.94,19973.12
2124,07/13/2026 11:36:43,14.50,22528.00
2125,07/13/2026 11:51:43,14.80,17413.12
2126,07/13/2026 12:06:43,14.15,14894.08
2127,07/13/2026 12:21:43,13.77,18344.96
2128,07/13/2026 12:36:43,13.60,13148.16
2129,07/13/2026 12:51:43,13.60,11013.12
2130,07/13/2026 13:06:43,14.80,11893.76
2131,07/13/2026 13:21:43,13.81,3950.08
2132,07/13/2026 13:36:43,13.73,7429.12
2133,07/13/2026 13:51:43,14.58,20971.52
2134,07/13/2026 14:06:43,15.18,23644.16
2135,07/13/2026 14:21:43,14.11,11909.12
2136,07/13/2026 14:36:43,13.94,8512.00
2137,07/13/2026 14:51:43,13.94,17909.76
2138,07/13/2026 15:06:43,13.77,8842.24
2139,07/13/2026 15:21:43,13.51,6208.00
2140,07/13/2026 15:36:43,13.55,12354.56
2141,07/13/2026 15:51:43,13.34,11463.68
2142,07/13/2026 16:06:43,13.30,11125.76
2143,07/13/2026 16:21:43,13.08,9940.48
2144,07/13/2026 16:36:43,12.78,10536.96
2145,07/13/2026 16:51:43,12.82,11269.12
2146,07/13/2026 17:06:43,12.57,7546.88
2147,07/13/2026 17:21:43,12.70,5770.24
2148,07/13/2026 17:36:43,13.25,3988.48
2149,07/13/2026 17:51:43,12.65,2465.92
2150,07/13/2026 18:06:43,12.52,854.72
2151,07/13/2026 18:21:43,12.40,317.20
2152,07/13/2026 18:36:43,12.57,416.32
2153,07/13/2026 18:51:43,12.52,1583.36
2154,07/13/2026 19:06:43,12.61,1495.04
2155,07/13/2026 19:21:43,12.65,1365.76
2156,07/13/2026 19:36:43,12.61,226.24
2157,07/13/2026 19:51:43,12.70,381.76
2158,07/13/2026 20:06:43,12.74,457.60
2159,07/13/2026 20:21:43,12.78,831.68
2160,07/13/2026 20:36:43,12.70,786.56
2161,07/13/2026 20:51:43,12.61,177.52
2162,07/13/2026 21:06:43,12.61,72.82
2163,07/13/2026 21:21:43,12.57,47.60
2164,07/13/2026 21:36:43,12.48,18.93
2165,07/13/2026 21:51:43,12.52,3.51
2166,07/13/2026 22:06:43,12.57,0.00
2167,07/13/2026 22:21:43,12.57,0.00
2168,07/13/2026 22:36:43,12.35,0.00
2169,07/13/2026 22:51:43,12.31,0.00
2170,07/13/2026 23:06:43,12.27,0.00
2171,07/13/2026 23:21:43,12.48,0.00
2172,07/13/2026 23:36:43,12.70,0.00
2173,07/13/2026 23:51:43,13.77,0.00
2174,07/14/2026 00:06:43,12.44,0.00
2175,07/14/2026 00:21:43,13.04,0.00
2176,07/14/2026 00:36:43,14.80,0.00
2177,07/14/2026 00:51:43,15.36,0.00
2178,07/14/2026 01:06:43,15.44,0.00
2179,07/14/2026 01:21:43,15.14,0.00
2180,07/14/2026 01:36:43,13.30,0.21
2181,07/14/2026 01:51:43,13.47,0.00
2182,07/14/2026 02:06:43,13.43,0.00
2183,07/14/2026 02:21:43,12.78,0.00
2184,07/14/2026 02:36:43,13.51,0.00
2185,07/14/2026 02:51:43,13.34,0.00
2186,07/14/2026 03:06:43,13.25,0.00
2187,07/14/2026 03:21:43,13.12,0.00
2188,07/14/2026 03:36:43,12.87,0.00
2189,07/14/2026 03:51:43,12.35,0.00
2190,07/14/2026 04:06:43,12.82,0.00
2191,07/14/2026 04:21:43,12.01,0.87
2192,07/14/2026 04:36:43,12.65,6.59
2193,07/14/2026 04:51:43,12.78,33.52
2194,07/14/2026 05:06:43,13.73,121.88
2195,07/14/2026 05:21:43,14.24,273.28
2196,07/14/2026 05:36:43,14.20,642.88
2197,07/14/2026 05:51:43,14.37,1020.80
2198,07/14/2026 06:06:43,14.20,1304.96
2199,07/14/2026 06:21:43,13.60,1437.44
2200,07/14/2026 06:36:43,14.03,3237.12
2201,07/14/2026 06:51:43,14.07,3202.56
2202,07/14/2026 07:06:43,14.07,3942.40
2203,07/14/2026 07:21:43,14.33,6592.00
2204,07/14/2026 07:36:43,14.33,5954.56
2205,07/14/2026 07:51:43,14.41,6064.64
2206,07/14/2026 08:06:43,14.54,7165.44
2207,07/14/2026 08:21:43,14.71,7941.12
2208,07/14/2026 08:36:43,14.71,4849.92
2209,07/14/2026 08:51:43,14.71,10593.28
2210,07/14/2026 09:06:43,14.41,4304.64
2211,07/14/2026 09:21:43,13.77,4125.44
2212,07/14/2026 09:36:43,14.20,2711.04
2213,07/14/2026 09:51:43,13.68,5616.64
2214,07/14/2026 10:06:43,12.78,3843.84
2215,07/14/2026 10:21:43,12.82,6039.04
2216,07/14/2026 10:36:43,12.27,6886.40
2217,07/14/2026 10:51:43,11.88,3781.12
2218,07/14/2026 11:06:43,11.71,8266.24
2219,07/14/2026 11:21:43,11.19,6581.76
2220,07/14/2026 11:36:43,11.02,9582.08
2221,07/14/2026 11:51:43,10.46,7127.04
2222,07/14/2026 12:06:43,10.21,10129.92
2223,07/14/2026 12:21:43,9.61,7086.08
2224,07/14/2026 12:36:43,10.21,7631.36
2225,07/14/2026 12:51:43,9.99,6696.96
2226,07/14/2026 13:06:43,10.38,6658.56
2227,07/14/2026 13:21:43,10.81,7518.72
2228,07/14/2026 13:36:43,11.19,10037.76
2229,07/14/2026 13:51:43,11.41,12610.56
2230,07/14/2026 14:06:43,11.45,17623.04
2231,07/14/2026 14:21:43,11.49,20705.28
2232,07/14/2026 14:36:43,10.55,19368.96
2233,07/14/2026 14:51:43,11.62,23285.76
2234,07/14/2026 15:06:43,12.27,26910.72
2235,07/14/2026 15:21:43,12.40,19061.76
2236,07/14/2026 15:36:43,12.05,18580.48
2237,07/14/2026 15:51:43,12.01,18585.60
2238,07/14/2026 16:06:43,11.97,19717.12
2239,07/14/2026 16:21:43,11.84,16624.64
2240,07/14/2026 16:36:43,11.88,13793.28
2241,07/14/2026 16:51:43,11.75,14730.24
2242,07/14/2026 17:06:43,12.40,11591.68
2243,07/14/2026 17:21:43,12.14,11141.12
2244,07/14/2026 17:36:43,12.78,9559.04
2245,07/14/2026 17:51:43,12.40,9320.96
2246,07/14/2026 18:06:43,12.05,9131.52
2247,07/14/2026 18:21:43,12.05,4167.68
2248,07/14/2026 18:36:43,12.27,6141.44
2249,07/14/2026 18:51:43,12.27,4791.04
2250,07/14/2026 19:06:43,12.27,4976.64
2251,07/14/2026 19:21:43,12.57,3461.12
2252,07/14/2026 19:36:43,12.48,2850.56
2253,07/14/2026 19:51:43,12.40,2147.20
2254,07/14/2026 20:06:43,12.48,824.32
2255,07/14/2026 20:21:43,12.48,654.72
2256,07/14/2026 20:36:43,12.65,484.96
2257,07/14/2026 20:51:43,12.78,353.28
2258,07/14/2026 21:06:43,12.65,174.08
2259,07/14/2026 21:21:43,12.70,120.12
2260,07/14/2026 21:36:43,12.61,45.44
2261,07/14/2026 21:51:43,12.70,10.11
2262,07/14/2026 22:06:43,12.61,1.53
2263,07/14/2026 22:21:43,12.44,0.00
2264,07/14/2026 22:36:43,12.18,0.00
2265,07/14/2026 22:51:43,11.97,0.00
2266,07/14/2026 23:06:43,11.84,0.00
2267,07/14/2026 23:21:43,11.71,0.00
2268,07/14/2026 23:36:43,11.58,0.00
2269,07/14/2026 23:51:43,11.54,0.00
2270,07/15/2026 00:06:43,11.19,0.00
2271,07/15/2026 00:21:43,11.15,0.00
2272,07/15/2026 00:36:43,11.32,0.00
2273,07/15/2026 00:51:43,11.24,0.00
2274,07/15/2026 01:06:43,11.37,0.00
2275,07/15/2026 01:21:43,11.28,0.00
2276,07/15/2026 01:36:43,11.19,0.00
2277,07/15/2026 01:51:43,11.07,0.00
2278,07/15/2026 02:06:43,11.02,0.00
2279,07/15/2026 02:21:43,10.98,0.00
2280,07/15/2026 02:36:43,10.77,0.00
2281,07/15/2026 02:51:43,10.64,0.00
2282,07/15/2026 03:06:43,10.81,0.00
2283,07/15/2026 03:21:43,10.68,0.00
2284,07/15/2026 03:36:43,10.81,0.00
2285,07/15/2026 03:51:43,10.85,0.00
2286,07/15/2026 04:06:43,11.07,0.00
2287,07/15/2026 04:21:43,11.71,0.00
2288,07/15/2026 04:36:43,11.75,1.75
2289,07/15/2026 04:51:43,11.84,10.99
2290,07/15/2026 05:06:43,11.79,45.44
2291,07/15/2026 05:21:43,11.92,125.40
2292,07/15/2026 05:36:43,12.01,240.24
2293,07/15/2026 05:51:43,12.05,393.92
2294,07/15/2026 06:06:43,12.22,747.84
2295,07/15/2026 06:21:43,12.27,1201.92
2296,07/15/2026 06:36:43,12.48,1617.28
2297,07/15/2026 06:51:43,12.61,2191.36
2298,07/15/2026 07:06:43,12.78,3216.64
2299,07/15/2026 07:21:43,12.78,3089.92
2300,07/15/2026 07:36:43,12.82,3504.64
2301,07/15/2026 07:51:43,12.95,4495.36
2302,07/15/2026 08:06:43,13.00,4544.00
2303,07/15/2026 08:21:43,13.08,6151.68
2304,07/15/2026 08:36:43,13.08,5185.28
2305,07/15/2026 08:51:43,13.08,4741.12
2306,07/15/2026 09:06:43,13.12,6131.20
2307,07/15/2026 09:21:43,13.25,5223.68
2308,07/15/2026 09:36:43,13.21,4896.00
2309,07/15/2026 09:51:43,13.21,4245.76
2310,07/15/2026 10:06:43,13.00,5447.68
2311,07/15/2026 10:21:43,13.12,5058.56
2312,07/15/2026 10:36:43,12.91,4984.32
2313,07/15/2026 10:51:43,12.18,4660.48
2314,07/15/2026 11:06:43,12.18,4910.08
2315,07/15/2026 11:21:43,12.01,4417.28
2316,07/15/2026 11:36:43,11.49,4439.04
2317,07/15/2026 11:51:43,11.79,5437.44
2318,07/15/2026 12:06:43,11.88,5632.00
2319,07/15/2026 12:21:43,10.98,5911.04
2320,07/15/2026 12:36:43,11.11,7063.04
2321,07/15/2026 12:51:43,11.02,6320.64
2322,07/15/2026 13:06:43,10.85,5788.16
2323,07/15/2026 13:21:43,10.85,4833.28
2324,07/15/2026 13:36:43,10.77,5103.36
2325,07/15/2026 13:51:43,10.34,4990.72
2326,07/15/2026 14:06:43,10.68,4948.48
2327,07/15/2026 14:21:43,10.59,5739.52
2328,07/15/2026 14:36:43,10.64,7188.48
2329,07/15/2026 14:51:43,10.68,11320.32
2330,07/15/2026 15:06:43,10.85,8468.48
2331,07/15/2026 15:21:43,10.72,9223.68
2332,07/15/2026 15:36:43,10.77,8025.60
2333,07/15/2026 15:51:43,10.81,14960.64
2334,07/15/2026 16:06:43,10.98,16312.32
2335,07/15/2026 16:21:43,10.68,20761.60
2336,07/15/2026 16:36:43,10.59,22087.68
2337,07/15/2026 16:51:43,10.72,16552.96
2338,07/15/2026 17:06:43,10.98,13358.08
2339,07/15/2026 17:21:43,11.11,12759.04
2340,07/15/2026 17:36:43,11.37,10094.08
2341,07/15/2026 17:51:43,11.32,9116.16
2342,07/15/2026 18:06:43,11.49,11002.88
2343,07/15/2026 18:21:43,11.41,7239.68
2344,07/15/2026 18:36:43,11.45,7321.60
2345,07/15/2026 18:51:43,11.37,6266.88
2346,07/15/2026 19:06:43,11.49,5575.68
2347,07/15/2026 19:21:43,11.84,4012.80
2348,07/15/2026 19:36:43,12.31,2837.76
2349,07/15/2026 19:51:43,12.52,1941.76
2350,07/15/2026 20:06:43,12.40,846.40
2351,07/15/2026 20:21:43,12.40,677.44
2352,07/15/2026 20:36:43,12.35,521.44
2353,07/15/2026 20:51:43,12.35,395.04
2354,07/15/2026 21:06:43,12.52,239.36
2355,07/15/2026 21:21:43,12.40,120.12
2356,07/15/2026 21:36:43,12.48,43.24
2357,07/15/2026 21:51:43,12.44,10.11
2358,07/15/2026 22:06:43,12.44,1.09
2359,07/15/2026 22:21:43,12.40,0.00
2360,07/15/2026 22:36:43,11.32,0.00
2361,07/15/2026 22:51:43,12.18,0.00
2362,07/15/2026 23:06:43,10.85,0.00
2363,07/15/2026 23:21:43,10.72,0.00
2364,07/15/2026 23:36:43,10.89,0.00
2365,07/15/2026 23:51:43,10.98,0.00
2366,07/16/2026 00:06:43,10.98,0.00
2367,07/16/2026 00:21:43,11.15,0.00
2368,07/16/2026 00:36:43,10.72,0.00
2369,07/16/2026 00:51:43,10.81,0.00
2370,07/16/2026 01:06:43,10.68,0.21
2371,07/16/2026 01:21:43,10.46,0.00
2372,07/16/2026 01:36:43,10.42,0.00
2373,07/16/2026 01:51:43,10.16,0.00
2374,07/16/2026 02:06:43,9.74,0.00
2375,07/16/2026 02:21:43,10.12,0.00
2376,07/16/2026 02:36:43,10.12,0.00
2377,07/16/2026 02:51:43,9.95,0.00
2378,07/16/2026 03:06:43,9.91,0.00
2379,07/16/2026 03:21:43,9.78,0.00
2380,07/16/2026 03:36:43,9.56,0.00
2381,07/16/2026 03:51:43,9.86,0.00
2382,07/16/2026 04:06:43,9.86,0.00
2383,07/16/2026 04:21:43,9.91,0.00
2384,07/16/2026 04:36:43,9.78,0.87
2385,07/16/2026 04:51:43,9.86,6.15
2386,07/16/2026 05:06:43,9.99,32.21
2387,07/16/2026 05:21:43,10.16,84.72
2388,07/16/2026 05:36:43,10.55,137.84
2389,07/16/2026 05:51:43,10.81,150.16
2390,07/16/2026 06:06:43,10.94,196.96
2391,07/16/2026 06:21:43,11.11,375.52
2392,07/16/2026 06:36:43,11.15,325.12
2393,07/16/2026 06:51:43,11.19,494.56
2394,07/16/2026 07:06:43,10.81,456.80
2395,07/16/2026 07:21:43,10.77,607.20
2396,07/16/2026 07:36:43,10.59,1913.60
2397,07/16/2026 07:51:43,10.68,947.84
2398,07/16/2026 08:06:43,10.81,1432.96
2399,07/16/2026 08:21:43,11.28,1479.68
2400,07/16/2026 08:36:43,11.54,2279.04
2401,07/16/2026 08:51:43,11.19,3368.96
2402,07/16/2026 09:06:43,11.62,4692.48
2403,07/16/2026 09:21:43,11.67,4034.56
2404,07/16/2026 09:36:43,11.67,4181.76
2405,07/16/2026 09:51:43,11.62,4403.20
2406,07/16/2026 10:06:43,11.67,3784.96
2407,07/16/2026 10:21:43,11.62,4487.68
2408,07/16/2026 10:36:43,11.24,5821.44
2409,07/16/2026 10:51:43,11.28,4843.52
2410,07/16/2026 11:06:43,11.24,4558.08
2411,07/16/2026 11:21:43,10.89,4350.72
2412,07/16/2026 11:36:43,10.85,4572.16
2413,07/16/2026 11:51:43,10.64,4928.00
2414,07/16/2026 12:06:43,10.59,4678.40
2415,07/16/2026 12:21:43,10.51,5253.12
2416,07/16/2026 12:36:43,10.38,4080.64
2417,07/16/2026 12:51:43,10.21,10447.36
2418,07/16/2026 13:06:43,10.08,5918.72
2419,07/16/2026 13:21:43,10.16,6151.68
2420,07/16/2026 13:36:43,10.25,7872.00
2421,07/16/2026 13:51:43,10.12,7301.12
2422,07/16/2026 14:06:43,10.16,5880.32
2423,07/16/2026 14:21:43,9.95,5177.60
2424,07/16/2026 14:36:43,10.12,7498.24
2425,07/16/2026 14:51:43,9.99,10004.48
2426,07/16/2026 15:06:43,9.78,17858.56
2427,07/16/2026 15:21:43,9.74,17274.88
2428,07/16/2026 15:36:43,9.44,9989.12
2429,07/16/2026 15:51:43,9.52,17510.40
2430,07/16/2026 16:06:43,9.44,12712.96
2431,07/16/2026 16:21:43,9.52,14336.00
2432,07/16/2026 16:36:43,9.69,14259.20
2433,07/16/2026 16:51:43,9.69,12431.36
2434,07/16/2026 17:06:43,9.65,11115.52
2435,07/16/2026 17:21:43,9.48,6661.12
2436,07/16/2026 17:36:43,9.65,10818.56
2437,07/16/2026 17:51:43,9.69,7795.20
2438,07/16/2026 18:06:43,9.78,9518.08
2439,07/16/2026 18:21:43,10.29,7224.32
2440,07/16/2026 18:36:43,10.38,6417.92
2441,07/16/2026 18:51:43,10.51,5223.68
2442,07/16/2026 19:06:43,10.51,5167.36
2443,07/16/2026 19:21:43,10.59,4024.32
2444,07/16/2026 19:36:43,10.64,2950.40
2445,07/16/2026 19:51:43,10.72,1836.16
2446,07/16/2026 20:06:43,10.72,913.92
2447,07/16/2026 20:21:43,10.89,823.36
2448,07/16/2026 20:36:43,11.11,654.72
2449,07/16/2026 20:51:43,11.28,467.36
2450,07/16/2026 21:06:43,11.28,289.12
2451,07/16/2026 21:21:43,11.28,135.20
2452,07/16/2026 21:36:43,11.28,47.64
2453,07/16/2026 21:51:43,11.37,11.46
2454,07/16/2026 22:06:43,11.41,1.75
2455,07/16/2026 22:21:43,11.49,0.00
2456,07/16/2026 22:36:43,11.58,0.00
2457,07/16/2026 22:51:43,11.54,0.00
2458,07/16/2026 23:06:43,11.58,0.00
2459,07/16/2026 23:21:43,11.41,0.00
2460,07/16/2026 23:36:43,11.24,0.00
2461,07/16/2026 23:51:43,11.32,0.00
2462,07/17/2026 00:06:43,11.19,0.00
2463,07/17/2026 00:21:43,10.46,0.00
2464,07/17/2026 00:36:43,10.64,0.00
2465,07/17/2026 00:51:43,10.51,0.00
2466,07/17/2026 01:06:43,10.42,0.00
2467,07/17/2026 01:21:43,10.21,0.00
2468,07/17/2026 01:36:43,10.16,0.00
2469,07/17/2026 01:51:43,10.08,0.00
2470,07/17/2026 02:06:43,10.08,0.00
2471,07/17/2026 02:21:43,10.08,0.00
2472,07/17/2026 02:36:43,10.12,0.00
2473,07/17/2026 02:51:43,10.12,0.00
2474,07/17/2026 03:06:43,10.12,0.00
2475,07/17/2026 03:21:43,10.16,0.00
2476,07/17/2026 03:36:43,10.08,0.00
2477,07/17/2026 03:51:43,10.29,0.00
2478,07/17/2026 04:06:43,10.38,0.00
2479,07/17/2026 04:21:43,10.59,0.00
2480,07/17/2026 04:36:43,10.51,1.53
2481,07/17/2026 04:51:43,10.59,11.68
2482,07/17/2026 05:06:43,10.68,52.54
2483,07/17/2026 05:21:43,10.85,132.56
2484,07/17/2026 05:36:43,11.07,300.72
2485,07/17/2026 05:51:43,11.15,513.60
2486,07/17/2026 06:06:43,11.24,702.40
2487,07/17/2026 06:21:43,11.41,1111.36
2488,07/17/2026 06:36:43,11.49,1359.36
2489,07/17/2026 06:51:43,11.41,2087.68
2490,07/17/2026 07:06:43,11.49,2611.84
2491,07/17/2026 07:21:43,11.49,3664.64
2492,07/17/2026 07:36:43,11.41,5167.36
2493,07/17/2026 07:51:43,11.45,5946.88
2494,07/17/2026 08:06:43,11.62,8829.44
2495,07/17/2026 08:21:43,11.75,10833.92
2496,07/17/2026 08:36:43,11.88,12518.40
2497,07/17/2026 08:51:43,12.10,14182.40
2498,07/17/2026 09:06:43,12.27,17658.88
2499,07/17/2026 09:21:43,12.35,19466.24
2500,07/17/2026 09:36:43,12.61,20787.20
2501,07/17/2026 09:51:43,12.91,25272.32
2502,07/17/2026 10:06:43,12.57,20029.44
2503,07/17/2026 10:21:43,12.40,11161.60
2504,07/17/2026 10:36:43,12.18,11837.44
2505,07/17/2026 10:51:43,12.27,18355.20
2506,07/17/2026 11:06:43,12.61,18150.40
2507,07/17/2026 11:21:43,12.27,17064.96
2508,07/17/2026 11:36:43,12.14,16501.76
2509,07/17/2026 11:51:43,11.62,13286.40
2510,07/17/2026 12:06:43,11.71,11084.80
2511,07/17/2026 12:21:43,11.97,9095.68
2512,07/17/2026 12:36:43,11.58,9251.84
2513,07/17/2026 12:51:43,11.15,8519.68
2514,07/17/2026 13:06:43,11.37,11438.08
2515,07/17/2026 13:21:43,11.15,12267.52
2516,07/17/2026 13:36:43,11.45,15959.04
2517,07/17/2026 13:51:43,11.24,13286.40
2518,07/17/2026 14:06:43,11.58,16215.04
2519,07/17/2026 14:21:43,11.19,16040.96
2520,07/17/2026 14:36:43,11.54,18344.96
2521,07/17/2026 14:51:43,11.41,18467.84
2522,07/17/2026 15:06:43,11.24,16153.60
2523,07/17/2026 15:21:43,11.02,17904.64
2524,07/17/2026 15:36:43,10.59,13864.96
2525,07/17/2026 15:51:43,10.85,19189.76
2526,07/17/2026 16:06:43,10.77,18570.24
2527,07/17/2026 16:21:43,10.77,15728.64
2528,07/17/2026 16:36:43,10.85,17367.04
2529,07/17/2026 16:51:43,10.77,16363.52
2530,07/17/2026 17:06:43,10.81,15027.20
2531,07/17/2026 17:21:43,10.81,15989.76
2532,07/17/2026 17:36:43,10.77,14469.12
2533,07/17/2026 17:51:43,10.89,14392.32
2534,07/17/2026 18:06:43,11.37,12001.28
2535,07/17/2026 18:21:43,11.37,10910.72
2536,07/17/2026 18:36:43,11.79,7851.52
2537,07/17/2026 18:51:43,11.97,7948.80
2538,07/17/2026 19:06:43,12.05,7170.56
2539,07/17/2026 19:21:43,11.54,6254.08
2540,07/17/2026 19:36:43,11.75,4058.88
2541,07/17/2026 19:51:43,11.67,3494.40
2542,07/17/2026 20:06:43,11.32,2537.60
2543,07/17/2026 20:21:43,11.28,1902.72
2544,07/17/2026 20:36:43,11.28,1523.20
2545,07/17/2026 20:51:43,11.32,871.68
2546,07/17/2026 21:06:43,12.01,521.92
2547,07/17/2026 21:21:43,11.71,195.44
2548,07/17/2026 21:36:43,11.75,80.80
2549,07/17/2026 21:51:43,11.75,19.40
2550,07/17/2026 22:06:43,11.79,2.85
2551,07/17/2026 22:21:43,12.40,0.21
2552,07/17/2026 22:36:43,12.40,0.00
2553,07/17/2026 22:51:43,12.48,0.00
2554,07/17/2026 23:06:43,12.40,0.00
2555,07/17/2026 23:21:43,12.01,0.00
2556,07/17/2026 23:36:43,12.10,0.00
2557,07/17/2026 23:51:43,12.14,0.00
2558,07/18/2026 00:06:43,12.01,0.00
2559,07/18/2026 00:21:43,11.79,0.00
2560,07/18/2026 00:36:43,11.41,0.00
2561,07/18/2026 00:51:43,10.89,0.21
2562,07/18/2026 01:06:43,11.07,0.00
2563,07/18/2026 01:21:43,10.46,0.00
2564,07/18/2026 01:36:43,10.38,0.00
2565,07/18/2026 01:51:43,10.59,0.00
2566,07/18/2026 02:06:43,10.46,0.00
2567,07/18/2026 02:21:43,10.51,0.00
2568,07/18/2026 02:36:43,10.38,0.00
2569,07/18/2026 02:51:43,10.51,0.00
2570,07/18/2026 03:06:43,10.46,0.00
2571,07/18/2026 03:21:43,10.94,0.00
2572,07/18/2026 03:36:43,11.15,0.00
2573,07/18/2026 03:51:43,11.32,0.00
2574,07/18/2026 04:06:43,11.58,0.00
2575,07/18/2026 04:21:43,11.67,0.00
2576,07/18/2026 04:36:43,12.05,0.21
2577,07/18/2026 04:51:43,12.10,1.75
2578,07/18/2026 05:06:43,12.10,7.25
2579,07/18/2026 05:21:43,12.48,20.06
2580,07/18/2026 05:36:43,12.52,57.38
2581,07/18/2026 05:51:43,12.52,105.96
2582,07/18/2026 06:06:43,12.48,220.24
2583,07/18/2026 06:21:43,12.40,503.84
2584,07/18/2026 06:36:43,12.44,932.80
2585,07/18/2026 06:51:43,12.48,1815.04
2586,07/18/2026 07:06:43,12.52,1598.72
2587,07/18/2026 07:21:43,12.57,1899.52
2588,07/18/2026 07:36:43,12.48,2208.64
2589,07/18/2026 07:51:43,12.48,5114.88
2590,07/18/2026 08:06:43,12.65,6077.44
2591,07/18/2026 08:21:43,12.70,5157.12
2592,07/18/2026 08:36:43,12.74,7196.16
2593,07/18/2026 08:51:43,12.70,6520.32
2594,07/18/2026 09:06:43,12.61,8053.76
2595,07/18/2026 09:21:43,13.17,21800.96
2596,07/18/2026 09:36:43,13.38,17525.76
2597,07/18/2026 09:51:43,13.47,21012.48
2598,07/18/2026 10:06:43,13.60,21268.48
2599,07/18/2026 10:21:43,13.77,23808.00
2600,07/18/2026 10:36:43,13.81,25917.44
2601,07/18/2026 10:51:43,13.94,30474.24
2602,07/18/2026 11:06:43,13.68,28293.12
2603,07/18/2026 11:21:43,13.60,28262.40
2604,07/18/2026 11:36:43,13.43,23808.00
2605,07/18/2026 11:51:43,13.25,31836.16
2606,07/18/2026 12:06:43,13.30,19512.32
2607,07/18/2026 12:21:43,14.50,21166.08
2608,07/18/2026 12:36:43,13.73,18590.72
2609,07/18/2026 12:51:43,13.04,19921.92
2610,07/18/2026 13:06:43,12.40,22845.44
2611,07/18/2026 13:21:43,11.92,21872.64
2612,07/18/2026 13:36:43,12.31,17960.96
2613,07/18/2026 13:51:43,11.97,20075.52
2614,07/18/2026 14:06:43,11.67,19153.92
2615,07/18/2026 14:21:43,11.45,16143.36
2616,07/18/2026 14:36:43,11.28,17356.80
2617,07/18/2026 14:51:43,11.28,16875.52
2618,07/18/2026 15:06:43,10.72,14223.36
2619,07/18/2026 15:21:43,10.42,15744.00
2620,07/18/2026 15:36:43,10.59,18775.04
2621,07/18/2026 15:51:43,10.42,20971.52
2622,07/18/2026 16:06:43,10.94,15779.84
2623,07/18/2026 16:21:43,11.32,12267.52
2624,07/18/2026 16:36:43,11.45,15400.96
2625,07/18/2026 16:51:43,11.49,13414.40
2626,07/18/2026 17:06:43,11.41,9292.80
2627,07/18/2026 17:21:43,11.15,10757.12
2628,07/18/2026 17:36:43,11.58,9216.00
2629,07/18/2026 17:51:43,11.62,17269.76
2630,07/18/2026 18:06:43,10.25,10967.04
2631,07/18/2026 18:21:43,12.31,10383.36
2632,07/18/2026 18:36:43,12.01,7365.12
2633,07/18/2026 18:51:43,12.10,5803.52
2634,07/18/2026 19:06:43,11.92,6036.48
2635,07/18/2026 19:21:43,11.28,4290.56
2636,07/18/2026 19:36:43,11.45,4302.08
2637,07/18/2026 19:51:43,11.49,2713.60
2638,07/18/2026 20:06:43,11.88,1909.76
2639,07/18/2026 20:21:43,11.88,1693.44
2640,07/18/2026 20:36:43,12.22,1029.76
2641,07/18/2026 20:51:43,12.57,591.36
2642,07/18/2026 21:06:43,12.57,372.80
2643,07/18/2026 21:21:43,12.61,171.36
2644,07/18/2026 21:36:43,12.65,59.62
2645,07/18/2026 21:51:43,12.61,14.75
2646,07/18/2026 22:06:43,12.91,1.97
2647,07/18/2026 22:21:43,12.91,0.00
2648,07/18/2026 22:36:43,12.78,0.00
2649,07/18/2026 22:51:43,12.78,0.00
2650,07/18/2026 23:06:43,12.70,0.00
2651,07/18/2026 23:21:43,12.61,0.00
2652,07/18/2026 23:36:43,12.57,0.00
2653,07/18/2026 23:51:43,12.57,0.00
2654,07/19/2026 00:06:43,12.57,0.00
2655,07/19/2026 00:21:43,12.52,0.00
2656,07/19/2026 00:36:43,12.57,0.00
2657,07/19/2026 00:51:43,12.44,0.00
2658,07/19/2026 01:06:43,12.14,0.00
2659,07/19/2026 01:21:43,12.31,0.00
2660,07/19/2026 01:36:43,12.10,0.00
2661,07/19/2026 01:51:43,11.75,0.00
2662,07/19/2026 02:06:43,12.10,0.00
2663,07/19/2026 02:21:43,11.67,0.00
2664,07/19/2026 02:36:43,11.32,0.00
2665,07/19/2026 02:51:43,11.58,0.00
2666,07/19/2026 03:06:43,11.67,0.00
2667,07/19/2026 03:21:43,10.81,0.00
2668,07/19/2026 03:36:43,10.21,0.00
2669,07/19/2026 03:51:43,10.34,0.00
2670,07/19/2026 04:06:43,10.51,0.00
2671,07/19/2026 04:21:43,9.78,0.00
2672,07/19/2026 04:36:43,10.08,0.87
2673,07/19/2026 04:51:43,9.99,5.93
2674,07/19/2026 05:06:43,10.08,31.33
2675,07/19/2026 05:21:43,10.46,105.08
2676,07/19/2026 05:36:43,10.29,273.92
2677,07/19/2026 05:51:43,10.12,494.56
2678,07/19/2026 06:06:43,10.16,572.48
2679,07/19/2026 06:21:43,10.38,835.84
2680,07/19/2026 06:36:43,11.62,1719.68
2681,07/19/2026 06:51:43,11.67,2175.36
2682,07/19/2026 07:06:43,11.88,4163.84
2683,07/19/2026 07:21:43,12.01,6010.88
2684,07/19/2026 07:36:43,12.05,4463.36
2685,07/19/2026 07:51:43,12.18,6896.64
2686,07/19/2026 08:06:43,12.31,6699.52
2687,07/19/2026 08:21:43,12.40,8857.60
2688,07/19/2026 08:36:43,12.52,12323.84
2689,07/19/2026 08:51:43,12.78,14745.60
2690,07/19/2026 09:06:43,12.65,10222.08
2691,07/19/2026 09:21:43,12.65,8322.56
2692,07/19/2026 09:36:43,12.78,11765.76
2693,07/19/2026 09:51:43,12.70,8483.84
2694,07/19/2026 10:06:43,12.87,19537.92
2695,07/19/2026 10:21:43,12.95,20817.92
2696,07/19/2026 10:36:43,13.38,25241.60
2697,07/19/2026 10:51:43,13.17,26501.12
2698,07/19/2026 11:06:43,13.43,25036.80
2699,07/19/2026 11:21:43,13.30,25221.12
2700,07/19/2026 11:36:43,12.95,24279.04
2701,07/19/2026 11:51:43,12.91,19906.56
2702,07/19/2026 12:06:43,12.74,17310.72
2703,07/19/2026 12:21:43,12.40,19020.80
2704,07/19/2026 12:36:43,12.61,22865.92
2705,07/19/2026 12:51:43,12.22,14602.24
2706,07/19/2026 13:06:43,11.84,9292.80
2707,07/19/2026 13:21:43,11.54,8709.12
2708,07/19/2026 13:36:43,11.49,8645.12
2709,07/19/2026 13:51:43,11.41,12021.76
2710,07/19/2026 14:06:43,11.41,9610.24
2711,07/19/2026 14:21:43,11.45,13870.08
2712,07/19/2026 14:36:43,11.11,12062.72
2713,07/19/2026 14:51:43,11.32,13050.88
2714,07/19/2026 15:06:43,11.24,12072.96
2715,07/19/2026 15:21:43,11.11,11822.08
2716,07/19/2026 15:36:43,11.24,11458.56
2717,07/19/2026 15:51:43,11.37,9896.96
2718,07/19/2026 16:06:43,10.68,9159.68
2719,07/19/2026 16:21:43,10.59,9868.80
2720,07/19/2026 16:36:43,10.77,15646.72
2721,07/19/2026 16:51:43,10.34,13634.56
2722,07/19/2026 17:06:43,10.25,9559.04
2723,07/19/2026 17:21:43,10.04,9026.56
2724,07/19/2026 17:36:43,9.86,8314.88
2725,07/19/2026 17:51:43,10.21,7541.76
2726,07/19/2026 18:06:43,10.25,5103.36
2727,07/19/2026 18:21:43,10.12,9200.64
2728,07/19/2026 18:36:43,9.91,8407.04
2729,07/19/2026 18:51:43,9.74,7941.12
2730,07/19/2026 19:06:43,9.69,6161.92
2731,07/19/2026 19:21:43,10.16,5163.52
2732,07/19/2026 19:36:43,10.42,4192.00
2733,07/19/2026 19:51:43,10.85,3523.84
2734,07/19/2026 20:06:43,11.24,1589.76
2735,07/19/2026 20:21:43,11.58,1245.12
2736,07/19/2026 20:36:43,12.14,878.08
2737,07/19/2026 20:51:43,12.05,590.88
2738,07/19/2026 21:06:43,12.18,326.88
2739,07/19/2026 21:21:43,12.31,164.32
2740,07/19/2026 21:36:43,12.35,64.90
2741,07/19/2026 21:51:43,12.35,16.07
2742,07/19/2026 22:06:43,12.44,2.19
2743,07/19/2026 22:21:43,12.40,0.21
2744,07/19/2026 22:36:43,12.35,0.00
2745,07/19/2026 22:51:43,12.35,0.00
2746,07/19/2026 23:06:43,12.35,0.00
2747,07/19/2026 23:21:43,12.52,0.00
2748,07/19/2026 23:36:43,12.44,0.00
2749,07/19/2026 23:51:43,12.52,0.00
2750,07/20/2026 00:06:43,12.48,0.00
2751,07/20/2026 00:21:43,12.35,0.21
2752,07/20/2026 00:36:43,12.18,0.00
2753,07/20/2026 00:51:43,12.18,0.00
2754,07/20/2026 01:06:43,12.22,0.00
2755,07/20/2026 01:21:43,12.27,0.00
2756,07/20/2026 01:36:43,12.18,0.00
2757,07/20/2026 01:51:43,12.18,0.00
2758,07/20/2026 02:06:43,12.10,0.00
2759,07/20/2026 02:21:43,11.79,0.00
2760,07/20/2026 02:36:43,12.10,0.00
2761,07/20/2026 02:51:43,12.22,0.00
2762,07/20/2026 03:06:43,11.71,0.00
2763,07/20/2026 03:21:43,12.01,0.00
2764,07/20/2026 03:36:43,11.49,0.00
2765,07/20/2026 03:51:43,11.54,0.00
2766,07/20/2026 04:06:43,11.58,0.00
2767,07/20/2026 04:21:43,11.37,0.00
2768,07/20/2026 04:36:43,11.07,0.65
2769,07/20/2026 04:51:43,11.15,5.49
2770,07/20/2026 05:06:43,11.11,28.22
2771,07/20/2026 05:21:43,10.94,98.92
2772,07/20/2026 05:36:43,10.85,270.40
2773,07/20/2026 05:51:43,11.02,547.36
2774,07/20/2026 06:06:43,11.58,924.16
2775,07/20/2026 06:21:43,11.75,1319.04
2776,07/20/2026 06:36:43,11.49,1932.80
2777,07/20/2026 06:51:43,11.54,3773.44
2778,07/20/2026 07:06:43,11.62,3612.16
2779,07/20/2026 07:21:43,11.75,4576.00
2780,07/20/2026 07:36:43,12.10,7203.84
2781,07/20/2026 07:51:43,12.22,7884.80
2782,07/20/2026 08:06:43,12.40,10214.40
2783,07/20/2026 08:21:43,12.74,14725.12
2784,07/20/2026 08:36:43,12.95,11852.80
2785,07/20/2026 08:51:43,13.21,14095.36
2786,07/20/2026 09:06:43,13.38,16962.56
2787,07/20/2026 09:21:43,13.34,14935.04
2788,07/20/2026 09:36:43,13.68,18114.56
2789,07/20/2026 09:51:43,13.77,20864.00
2790,07/20/2026 10:06:43,14.11,20218.88
2791,07/20/2026 10:21:43,14.15,23132.16
2792,07/20/2026 10:36:43,14.54,29962.24
2793,07/20/2026 10:51:43,14.41,32573.44
2794,07/20/2026 11:06:43,14.45,25241.60
2795,07/20/2026 11:21:43,14.75,33218.56
2796,07/20/2026 11:36:43,15.44,37294.08
2797,07/20/2026 11:51:43,14.54,26030.08
2798,07/20/2026 12:06:43,14.75,31088.64
2799,07/20/2026 12:21:43,14.88,35051.52
2800,07/20/2026 12:36:43,14.28,28774.40
2801,07/20/2026 12:51:43,14.67,36751.36
2802,07/20/2026 13:06:43,13.68,21975.04
2803,07/20/2026 13:21:43,13.51,34099.20
2804,07/20/2026 13:36:43,12.95,31078.40
2805,07/20/2026 13:51:43,13.00,27514.88
2806,07/20/2026 14:06:43,12.82,20915.20
2807,07/20/2026 14:21:43,12.70,24033.28
2808,07/20/2026 14:36:43,12.27,32952.32
2809,07/20/2026 14:51:43,11.92,25804.80
2810,07/20/2026 15:06:43,13.04,22179.84
2811,07/20/2026 15:21:43,12.57,22681.60
2812,07/20/2026 15:36:43,11.84,17556.48
2813,07/20/2026 15:51:43,11.62,16655.36
2814,07/20/2026 16:06:43,11.58,15032.32
2815,07/20/2026 16:21:43,11.49,13772.80
2816,07/20/2026 16:36:43,11.67,12364.80
2817,07/20/2026 16:51:43,11.79,14074.88
2818,07/20/2026 17:06:43,11.79,9671.68
2819,07/20/2026 17:21:43,11.84,8919.04
2820,07/20/2026 17:36:43,11.67,7301.12
2821,07/20/2026 17:51:43,11.37,6622.72
2822,07/20/2026 18:06:43,12.10,5867.52
2823,07/20/2026 18:21:43,13.43,5304.32
2824,07/20/2026 18:36:43,13.81,4097.28
2825,07/20/2026 18:51:43,14.20,3150.08
2826,07/20/2026 19:06:43,14.28,2031.36
2827,07/20/2026 19:21:43,14.58,1538.56
2828,07/20/2026 19:36:43,14.41,1264.64
2829,07/20/2026 19:51:43,13.30,800.64
2830,07/20/2026 20:06:43,13.04,560.64
2831,07/20/2026 20:21:43,13.38,422.56
2832,07/20/2026 20:36:43,13.73,166.08
2833,07/20/2026 20:51:43,14.07,98.92
2834,07/20/2026 21:06:43,14.07,53.36
2835,07/20/2026 21:21:43,14.07,25.80
2836,07/20/2026 21:36:43,14.07,14.31
2837,07/20/2026 21:51:43,13.90,2.19
2838,07/20/2026 22:06:43,13.98,0.21
2839,07/20/2026 22:21:43,13.98,0.00
2840,07/20/2026 22:36:43,13.98,0.00
2841,07/20/2026 22:51:43,13.94,0.00
2842,07/20/2026 23:06:43,13.90,0.00
2843,07/20/2026 23:21:43,13.85,0.00
2844,07/20/2026 23:36:43,13.77,0.00
2845,07/20/2026 23:51:43,13.77,0.00
2846,07/21/2026 00:06:43,13.73,0.00
2847,07/21/2026 00:21:43,13.85,0.00
2848,07/21/2026 00:36:43,13.90,0.00
2849,07/21/2026 00:51:43,13.90,0.00
2850,07/21/2026 01:06:43,13.98,0.00
2851,07/21/2026 01:21:43,14.03,0.00
2852,07/21/2026 01:36:43,14.07,0.00
2853,07/21/2026 01:51:43,14.07,0.00
2854,07/21/2026 02:06:43,14.03,0.00
2855,07/21/2026 02:21:43,14.03,0.00
2856,07/21/2026 02:36:43,13.77,0.00
2857,07/21/2026 02:51:43,13.64,0.00
2858,07/21/2026 03:06:43,13.81,0.00
2859,07/21/2026 03:21:43,13.98,0.00
2860,07/21/2026 03:36:43,13.98,0.00
2861,07/21/2026 03:51:43,13.90,0.00
2862,07/21/2026 04:06:43,13.81,0.00
2863,07/21/2026 04:21:43,13.81,0.00
2864,07/21/2026 04:36:43,13.77,0.00
2865,07/21/2026 04:51:43,13.77,0.65
2866,07/21/2026 05:06:43,13.43,1.09
2867,07/21/2026 05:21:43,13.51,3.95
2868,07/21/2026 05:36:43,13.47,16.95
2869,07/21/2026 05:51:43,13.38,40.12
2870,07/21/2026 06:06:43,13.47,117.48
2871,07/21/2026 06:21:43,13.47,275.68
2872,07/21/2026 06:36:43,13.47,384.48
2873,07/21/2026 06:51:43,13.51,583.52
2874,07/21/2026 07:06:43,13.77,350.88
2875,07/21/2026 07:21:43,13.81,511.84
2876,07/21/2026 07:36:43,13.77,484.96
2877,07/21/2026 07:51:43,13.77,694.72
2878,07/21/2026 08:06:43,13.85,2110.08
2879,07/21/2026 08:21:43,13.64,1733.76
2880,07/21/2026 08:36:43,13.43,1408.00
2881,07/21/2026 08:51:43,13.68,1431.68
2882,07/21/2026 09:06:43,13.73,3950.08
2883,07/21/2026 09:21:43,13.85,4509.44
2884,07/21/2026 09:36:43,13.90,3047.68
2885,07/21/2026 09:51:43,13.98,3738.88
2886,07/21/2026 10:06:43,13.94,2537.60
2887,07/21/2026 10:21:43,14.03,3564.80
2888,07/21/2026 10:36:43,13.90,3953.92
2889,07/21/2026 10:51:43,13.60,7618.56
2890,07/21/2026 11:06:43,13.43,7976.96
2891,07/21/2026 11:21:43,13.38,7554.56
2892,07/21/2026 11:36:43,13.17,4928.00
2893,07/21/2026 11:51:43,13.51,4931.84
2894,07/21/2026 12:06:43,13.64,2318.08
2895,07/21/2026 12:21:43,14.07,4636.16
2896,07/21/2026 12:36:43,13.90,1705.60
2897,07/21/2026 12:51:43,14.11,1591.68
2898,07/21/2026 13:06:43,13.94,1711.36
2899,07/21/2026 13:21:43,13.94,1438.72
2900,07/21/2026 13:36:43,13.81,1916.80
2901,07/21/2026 13:51:43,13.81,1474.56
2902,07/21/2026 14:06:43,13.85,917.12
2903,07/21/2026 14:21:43,13.85,1250.56
2904,07/21/2026 14:36:43,13.73,1197.76
2905,07/21/2026 14:51:43,13.55,917.12
2906,07/21/2026 15:06:43,13.51,895.04
2907,07/21/2026 15:21:43,13.55,1604.48
2908,07/21/2026 15:36:43,13.77,1133.44
2909,07/21/2026 15:51:43,13.47,983.04
2910,07/21/2026 16:06:43,13.17,405.76
2911,07/21/2026 16:21:43,11.62,764.16
2912,07/21/2026 16:36:43,11.28,646.72
2913,07/21/2026 16:51:43,11.71,494.56
2914,07/21/2026 17:06:43,12.10,843.20
2915,07/21/2026 17:21:43,11.02,930.24
2916,07/21/2026 17:36:43,10.77,874.88
2917,07/21/2026 17:51:43,12.05,495.04
2918,07/21/2026 18:06:43,13.04,690.24
2919,07/21/2026 18:21:43,13.04,395.04
2920,07/21/2026 18:36:43,12.65,462.88
2921,07/21/2026 18:51:43,13.30,528.48
2922,07/21/2026 19:06:43,13.38,286.24
2923,07/21/2026 19:21:43,13.21,182.88
2924,07/21/2026 19:36:43,12.10,186.40
2925,07/21/2026 19:51:43,12.27,202.24
2926,07/21/2026 20:06:43,12.61,246.40
2927,07/21/2026 20:21:43,13.25,218.32
2928,07/21/2026 20:36:43,13.34,135.96
2929,07/21/2026 20:51:43,13.25,102.44
2930,07/21/2026 21:06:43,13.17,52.48
2931,07/21/2026 21:21:43,13.12,22.26
2932,07/21/2026 21:36:43,12.61,6.15
2933,07/21/2026 21:51:43,13.25,0.65
2934,07/21/2026 22:06:43,13.38,0.00
2935,07/21/2026 22:21:43,13.73,0.00
2936,07/21/2026 22:36:43,13.68,0.00
2937,07/21/2026 22:51:43,13.51,0.00
2938,07/21/2026 23:06:43,13.47,0.00
2939,07/21/2026 23:21:43,13.47,0.00
2940,07/21/2026 23:36:43,13.43,0.21
2941,07/21/2026 23:51:43,13.38,0.00
2942,07/22/2026 00:06:43,13.34,0.00
2943,07/22/2026 00:21:43,13.47,0.00
2944,07/22/2026 00:36:43,13.51,0.00
2945,07/22/2026 00:51:43,13.60,0.00
2946,07/22/2026 01:06:43,13.47,0.00
2947,07/22/2026 01:21:43,13.30,0.00
2948,07/22/2026 01:36:43,13.30,0.00
2949,07/22/2026 01:51:43,13.17,0.00
2950,07/22/2026 02:06:43,13.08,0.00
2951,07/22/2026 02:21:43,13.04,0.00
2952,07/22/2026 02:36:43,12.91,0.00
2953,07/22/2026 02:51:43,12.87,0.00
2954,07/22/2026 03:06:43,12.95,0.00
2955,07/22/2026 03:21:43,12.91,0.00
2956,07/22/2026 03:36:43,12.91,0.00
2957,07/22/2026 03:51:43,12.87,0.00
2958,07/22/2026 04:06:43,12.65,0.00
2959,07/22/2026 04:21:43,12.57,0.00
2960,07/22/2026 04:36:43,12.57,0.00
2961,07/22/2026 04:51:43,12.40,0.43
2962,07/22/2026 05:06:43,12.31,5.93
2963,07/22/2026 05:21:43,11.88,15.41
2964,07/22/2026 05:36:43,11.02,45.44
2965,07/22/2026 05:51:43,10.81,88.24
2966,07/22/2026 06:06:43,10.85,118.36
2967,07/22/2026 06:21:43,10.59,223.60
2968,07/22/2026 06:36:43,10.46,339.36
2969,07/22/2026 06:51:43,10.29,347.36
2970,07/22/2026 07:06:43,9.74,504.80
2971,07/22/2026 07:21:43,9.61,713.92
2972,07/22/2026 07:36:43,9.35,1016.64
2973,07/22/2026 07:51:43,9.35,1179.20
2974,07/22/2026 08:06:43,9.35,1309.44
2975,07/22/2026 08:21:43,9.44,2112.00
2976,07/22/2026 08:36:43,9.39,2668.80
2977,07/22/2026 08:51:43,9.35,1950.08
2978,07/22/2026 09:06:43,9.31,1897.60
2979,07/22/2026 09:21:43,9.31,2483.20
2980,07/22/2026 09:36:43,9.26,2291.84
2981,07/22/2026 09:51:43,9.35,3559.68
2982,07/22/2026 10:06:43,9.39,3791.36
2983,07/22/2026 10:21:43,9.69,3956.48
2984,07/22/2026 10:36:43,10.04,4006.40
2985,07/22/2026 10:51:43,10.21,4195.84
2986,07/22/2026 11:06:43,10.16,4456.96
2987,07/22/2026 11:21:43,10.25,5159.68
2988,07/22/2026 11:36:43,10.34,5125.12
2989,07/22/2026 11:51:43,10.51,5844.48
2990,07/22/2026 12:06:43,10.46,5524.48
2991,07/22/2026 12:21:43,10.55,5524.48
2992,07/22/2026 12:36:43,10.59,6446.08
2993,07/22/2026 12:51:43,10.64,6243.84
2994,07/22/2026 13:06:43,10.55,5731.84
2995,07/22/2026 13:21:43,10.59,6423.04
2996,07/22/2026 13:36:43,10.51,4917.76
2997,07/22/2026 13:51:43,10.38,5185.28
2998,07/22/2026 14:06:43,10.16,5406.72
2999,07/22/2026 14:21:43,10.16,5304.32
3000,07/22/2026 14:36:43,10.25,4857.60
3001,07/22/2026 14:51:43,10.68,5040.64
3002,07/22/2026 15:06:43,10.89,4195.84
3003,07/22/2026 15:21:43,10.81,3996.16
3004,07/22/2026 15:36:43,10.04,3185.92
3005,07/22/2026 15:51:43,10.12,3424.00
3006,07/22/2026 16:06:43,9.99,2515.20
3007,07/22/2026 16:21:43,9.78,2203.52
3008,07/22/2026 16:36:43,9.69,2356.48
3009,07/22/2026 16:51:43,9.56,2732.80
3010,07/22/2026 17:06:43,9.74,2812.16
3011,07/22/2026 17:21:43,9.61,3575.04
3012,07/22/2026 17:36:43,9.48,3394.56
3013,07/22/2026 17:51:43,9.22,2069.76
3014,07/22/2026 18:06:43,9.14,2321.28
3015,07/22/2026 18:21:43,9.14,2320.00
3016,07/22/2026 18:36:43,9.01,2159.36
3017,07/22/2026 18:51:43,8.92,2159.36
3018,07/22/2026 19:06:43,9.01,1886.72
3019,07/22/2026 19:21:43,8.96,1851.52
3020,07/22/2026 19:36:43,8.92,1872.64
3021,07/22/2026 19:51:43,8.79,1402.24
3022,07/22/2026 20:06:43,8.71,872.32
3023,07/22/2026 20:21:43,8.71,553.92
3024,07/22/2026 20:36:43,8.66,365.12
3025,07/22/2026 20:51:43,8.66,212.16
3026,07/22/2026 21:06:43,8.71,117.48
3027,07/22/2026 21:21:43,8.66,44.56
3028,07/22/2026 21:36:43,8.71,13.41
3029,07/22/2026 21:51:43,9.18,2.41
3030,07/22/2026 22:06:43,9.35,0.21
3031,07/22/2026 22:21:43,9.31,0.00
3032,07/22/2026 22:36:43,9.39,0.00
3033,07/22/2026 22:51:43,9.39,0.00
3034,07/22/2026 23:06:43,9.35,0.00
3035,07/22/2026 23:21:43,9.52,0.00
3036,07/22/2026 23:36:43,9.65,0.00
3037,07/22/2026 23:51:43,9.82,0.00
3038,07/23/2026 00:06:43,9.91,0.00
3039,07/23/2026 00:21:43,9.91,0.00
3040,07/23/2026 00:36:43,9.86,0.00
3041,07/23/2026 00:51:43,10.34,0.00
3042,07/23/2026 01:06:43,10.46,0.00
3043,07/23/2026 01:21:43,10.55,0.00
3044,07/23/2026 01:36:43,10.42,0.00
3045,07/23/2026 01:51:43,10.46,0.00
3046,07/23/2026 02:06:43,10.38,0.00
3047,07/23/2026 02:21:43,10.38,0.00
3048,07/23/2026 02:36:43,10.25,0.00
3049,07/23/2026 02:51:43,10.29,0.00
3050,07/23/2026 03:06:43,10.25,0.00
3051,07/23/2026 03:21:43,10.16,0.00
3052,07/23/2026 03:36:43,10.16,0.00
3053,07/23/2026 03:51:43,9.99,0.00
3054,07/23/2026 04:06:43,9.86,0.00
3055,07/23/2026 04:21:43,9.99,0.43
3056,07/23/2026 04:36:43,9.86,0.00
3057,07/23/2026 04:51:43,9.82,1.75
3058,07/23/2026 05:06:43,9.91,12.77
3059,07/23/2026 05:21:43,9.99,44.12
3060,07/23/2026 05:36:43,9.95,121.00
3061,07/23/2026 05:51:43,9.95,199.84
3062,07/23/2026 06:06:43,9.86,342.88
3063,07/23/2026 06:21:43,9.82,471.68
3064,07/23/2026 06:36:43,9.56,776.00
3065,07/23/2026 06:51:43,9.48,1116.80
3066,07/23/2026 07:06:43,9.39,1964.16
3067,07/23/2026 07:21:43,9.48,2138.24
3068,07/23/2026 07:36:43,9.48,2690.56
3069,07/23/2026 07:51:43,9.78,3279.36
3070,07/23/2026 08:06:43,9.86,3928.32
3071,07/23/2026 08:21:43,9.86,4843.52
3072,07/23/2026 08:36:43,9.74,4849.92
3073,07/23/2026 08:51:43,9.91,6906.88
3074,07/23/2026 09:06:43,9.95,8688.64
3075,07/23/2026 09:21:43,10.08,10593.28
3076,07/23/2026 09:36:43,9.78,7526.40
3077,07/23/2026 09:51:43,9.78,7631.36
3078,07/23/2026 10:06:43,10.21,13363.20
3079,07/23/2026 10:21:43,10.68,17725.44
3080,07/23/2026 10:36:43,10.85,14581.76
3081,07/23/2026 10:51:43,10.04,10874.88
3082,07/23/2026 11:06:43,10.38,10926.08
3083,07/23/2026 11:21:43,10.81,20930.56
3084,07/23/2026 11:36:43,11.19,27279.36
3085,07/23/2026 11:51:43,10.98,20884.48
3086,07/23/2026 12:06:43,10.46,9896.96
3087,07/23/2026 12:21:43,10.77,14858.24
3088,07/23/2026 12:36:43,10.64,9341.44
3089,07/23/2026 12:51:43,10.77,13388.80
3090,07/23/2026 13:06:43,10.72,11289.60
3091,07/23/2026 13:21:43,10.77,9687.04
3092,07/23/2026 13:36:43,10.64,5783.04
3093,07/23/2026 13:51:43,10.25,3498.24
3094,07/23/2026 14:06:43,10.55,6991.36
3095,07/23/2026 14:21:43,10.12,2877.44
3096,07/23/2026 14:36:43,10.12,5747.20
3097,07/23/2026 14:51:43,9.91,2335.36
3098,07/23/2026 15:06:43,9.69,2654.72
3099,07/23/2026 15:21:43,9.78,3559.68
3100,07/23/2026 15:36:43,9.74,3763.20
3101,07/23/2026 15:51:43,9.74,3260.16
3102,07/23/2026 16:06:43,10.16,5457.92
3103,07/23/2026 16:21:43,10.21,5624.32
3104,07/23/2026 16:36:43,10.12,4058.88
3105,07/23/2026 16:51:43,9.99,3441.92
3106,07/23/2026 17:06:43,10.16,3155.20
3107,07/23/2026 17:21:43,10.59,3118.08
3108,07/23/2026 17:36:43,11.02,4864.00
3109,07/23/2026 17:51:43,11.02,4650.24
3110,07/23/2026 18:06:43,10.68,4864.00
3111,07/23/2026 18:21:43,10.81,3813.12
3112,07/23/2026 18:36:43,10.94,4055.04
3113,07/23/2026 18:51:43,11.07,3996.16
3114,07/23/2026 19:06:43,11.02,3731.20
3115,07/23/2026 19:21:43,10.94,2990.08
3116,07/23/2026 19:36:43,10.98,2567.68
3117,07/23/2026 19:51:43,10.89,1606.40
3118,07/23/2026 20:06:43,10.81,1256.64
3119,07/23/2026 20:21:43,10.55,1118.40
3120,07/23/2026 20:36:43,10.55,813.76
3121,07/23/2026 20:51:43,10.51,525.76
3122,07/23/2026 21:06:43,10.42,276.56
3123,07/23/2026 21:21:43,10.51,104.20
3124,07/23/2026 21:36:43,10.59,31.77
3125,07/23/2026 21:51:43,10.55,5.49
3126,07/23/2026 22:06:43,10.68,0.65
3127,07/23/2026 22:21:43,10.94,0.00
3128,07/23/2026 22:36:43,10.98,0.00
3129,07/23/2026 22:51:43,10.98,0.00
3130,07/23/2026 23:06:43,10.98,0.00
3131,07/23/2026 23:21:43,11.02,0.00
3132,07/23/2026 23:36:43,11.07,0.21
3133,07/23/2026 23:51:43,11.02,0.00
3134,07/24/2026 00:06:43,11.02,0.00
3135,07/24/2026 00:21:43,10.94,0.00
3136,07/24/2026 00:36:43,10.98,0.00
3137,07/24/2026 00:51:43,10.98,0.00
3138,07/24/2026 01:06:43,10.89,0.00
3139,07/24/2026 01:21:43,10.98,0.00
3140,07/24/2026 01:36:43,11.11,0.00
3141,07/24/2026 01:51:43,11.02,0.00
3142,07/24/2026 02:06:43,10.85,0.00
3143,07/24/2026 02:21:43,10.85,0.00
3144,07/24/2026 02:36:43,10.89,0.00
3145,07/24/2026 02:51:43,10.94,0.00
3146,07/24/2026 03:06:43,10.98,0.00
3147,07/24/2026 03:21:43,11.19,0.00
3148,07/24/2026 03:36:43,11.41,0.00
3149,07/24/2026 03:51:43,11.15,0.00
3150,07/24/2026 04:06:43,11.15,0.00
3151,07/24/2026 04:21:43,11.24,0.00
3152,07/24/2026 04:36:43,11.28,0.43
3153,07/24/2026 04:51:43,11.24,4.17
3154,07/24/2026 05:06:43,11.32,24.70
3155,07/24/2026 05:21:43,11.28,101.56
3156,07/24/2026 05:36:43,11.32,257.20
3157,07/24/2026 05:51:43,11.28,520.48
3158,07/24/2026 06:06:43,11.19,802.24
3159,07/24/2026 06:21:43,11.11,1309.44
3160,07/24/2026 06:36:43,11.11,2073.60
3161,07/24/2026 06:51:43,11.07,2266.88
3162,07/24/2026 07:06:43,11.11,2807.04
3163,07/24/2026 07:21:43,11.11,3571.20
3164,07/24/2026 07:36:43,11.32,4312.32
3165,07/24/2026 07:51:43,11.37,4942.08
3166,07/24/2026 08:06:43,11.41,3799.04
3167,07/24/2026 08:21:43,11.67,6679.04
3168,07/24/2026 08:36:43,11.88,8230.40
3169,07/24/2026 08:51:43,11.75,7024.64
3170,07/24/2026 09:06:43,11.92,9722.88
3171,07/24/2026 09:21:43,12.01,6620.16
3172,07/24/2026 09:36:43,12.31,12661.76
3173,07/24/2026 09:51:43,11.88,7639.04
3174,07/24/2026 10:06:43,12.35,17648.64
3175,07/24/2026 10:21:43,12.57,15477.76
3176,07/24/2026 10:36:43,12.61,13772.80
3177,07/24/2026 10:51:43,12.91,19343.36
3178,07/24/2026 11:06:43,12.91,19650.56
3179,07/24/2026 11:21:43,13.12,19993.60
3180,07/24/2026 11:36:43,13.04,22671.36
3181,07/24/2026 11:51:43,13.12,25313.28
3182,07/24/2026 12:06:43,13.25,25876.48
3183,07/24/2026 12:21:43,13.73,23121.92
3184,07/24/2026 12:36:43,13.85,20725.76
3185,07/24/2026 12:51:43,13.94,18672.64
3186,07/24/2026 13:06:43,13.98,18263.04
3187,07/24/2026 13:21:43,13.85,24637.44
3188,07/24/2026 13:36:43,13.68,20971.52
3189,07/24/2026 13:51:43,13.55,22190.08
3190,07/24/2026 14:06:43,13.51,21063.68
3191,07/24/2026 14:21:43,12.91,16409.60
3192,07/24/2026 14:36:43,12.57,18242.56
3193,07/24/2026 14:51:43,12.61,18242.56
3194,07/24/2026 15:06:43,12.70,19118.08
3195,07/24/2026 15:21:43,12.52,16629.76
3196,07/24/2026 15:36:43,12.40,17402.88
3197,07/24/2026 15:51:43,12.31,19128.32
3198,07/24/2026 16:06:43,12.57,17894.40
3199,07/24/2026 16:21:43,12.14,10926.08
3200,07/24/2026 16:36:43,11.97,12170.24
3201,07/24/2026 16:51:43,11.84,14366.72
3202,07/24/2026 17:06:43,11.75,10741.76
3203,07/24/2026 17:21:43,11.58,9799.68
3204,07/24/2026 17:36:43,11.49,11509.76
3205,07/24/2026 17:51:43,11.41,7505.92
3206,07/24/2026 18:06:43,11.19,8279.04
3207,07/24/2026 18:21:43,10.98,5519.36
3208,07/24/2026 18:36:43,10.64,3269.12
3209,07/24/2026 18:51:43,10.42,3441.92
3210,07/24/2026 19:06:43,10.38,5473.28
3211,07/24/2026 19:21:43,10.08,4072.96
3212,07/24/2026 19:36:43,9.95,2012.16
3213,07/24/2026 19:51:43,9.74,1747.84
3214,07/24/2026 20:06:43,9.86,1029.76
3215,07/24/2026 20:21:43,9.61,540.80
3216,07/24/2026 20:36:43,9.48,563.20
3217,07/24/2026 20:51:43,9.26,382.72
3218,07/24/2026 21:06:43,9.22,136.96
3219,07/24/2026 21:21:43,9.09,55.62
3220,07/24/2026 21:36:43,9.05,14.09
3221,07/24/2026 21:51:43,9.01,2.41
3222,07/24/2026 22:06:43,9.14,0.21
3223,07/24/2026 22:21:43,9.09,0.00
3224,07/24/2026 22:36:43,9.14,0.00
3225,07/24/2026 22:51:43,9.09,0.00
3226,07/24/2026 23:06:43,9.05,0.00
3227,07/24/2026 23:21:43,9.14,0.00
3228,07/24/2026 23:36:43,9.31,0.00
3229,07/24/2026 23:51:43,9.86,0.00
3230,07/25/2026 00:06:43,9.86,0.00
3231,07/25/2026 00:21:43,10.59,0.00
3232,07/25/2026 00:36:43,11.84,0.00
3233,07/25/2026 00:51:43,11.92,0.00
3234,07/25/2026 01:06:43,11.88,0.00
3235,07/25/2026 01:21:43,11.84,0.00
3236,07/25/2026 01:36:43,11.54,0.00
3237,07/25/2026 01:51:43,11.62,0.00
3238,07/25/2026 02:06:43,11.79,0.00
3239,07/25/2026 02:21:43,11.75,0.00
3240,07/25/2026 02:36:43,11.28,0.00
3241,07/25/2026 02:51:43,9.69,0.00
3242,07/25/2026 03:06:43,10.55,0.00
3243,07/25/2026 03:21:43,9.99,0.00
3244,07/25/2026 03:36:43,9.78,0.00
3245,07/25/2026 03:51:43,10.85,0.00
3246,07/25/2026 04:06:43,10.98,0.00
3247,07/25/2026 04:21:43,10.81,0.21
3248,07/25/2026 04:36:43,10.81,0.00
3249,07/25/2026 04:51:43,10.89,0.43
3250,07/25/2026 05:06:43,10.81,3.95
3251,07/25/2026 05:21:43,10.85,24.24
3252,07/25/2026 05:36:43,10.16,36.60
3253,07/25/2026 05:51:43,10.08,167.92
3254,07/25/2026 06:06:43,9.99,69.36
3255,07/25/2026 06:21:43,10.55,47.20
3256,07/25/2026 06:36:43,10.77,121.00
3257,07/25/2026 06:51:43,10.77,135.20
3258,07/25/2026 07:06:43,10.59,106.84
3259,07/25/2026 07:21:43,10.38,95.28
3260,07/25/2026 07:36:43,10.38,691.84
3261,07/25/2026 07:51:43,10.34,473.44
3262,07/25/2026 08:06:43,10.46,488.00
3263,07/25/2026 08:21:43,10.51,287.12
3264,07/25/2026 08:36:43,10.38,1065.60
3265,07/25/2026 08:51:43,10.25,577.76
3266,07/25/2026 09:06:43,10.29,532.80
3267,07/25/2026 09:21:43,10.34,1056.00
3268,07/25/2026 09:36:43,10.59,2231.68
3269,07/25/2026 09:51:43,10.51,2714.88
3270,07/25/2026 10:06:43,10.42,2958.08
3271,07/25/2026 10:21:43,10.38,1730.56
3272,07/25/2026 10:36:43,10.38,3024.64
3273,07/25/2026 10:51:43,10.46,5121.28
3274,07/25/2026 11:06:43,10.42,2508.16
3275,07/25/2026 11:21:43,10.46,2525.44
3276,07/25/2026 11:36:43,10.46,2494.08
3277,07/25/2026 11:51:43,10.42,2159.36
3278,07/25/2026 12:06:43,10.08,1936.00
3279,07/25/2026 12:21:43,10.21,1921.92
3280,07/25/2026 12:36:43,10.29,1330.56
3281,07/25/2026 12:51:43,10.04,1197.76
3282,07/25/2026 13:06:43,10.25,1171.20
3283,07/25/2026 13:21:43,9.82,1827.20
3284,07/25/2026 13:36:43,10.21,4171.52
3285,07/25/2026 13:51:43,10.12,2012.16
3286,07/25/2026 14:06:43,10.59,1871.36
3287,07/25/2026 14:21:43,10.59,1941.76
3288,07/25/2026 14:36:43,10.94,4177.92
3289,07/25/2026 14:51:43,11.07,4308.48
3290,07/25/2026 15:06:43,11.11,3668.48
3291,07/25/2026 15:21:43,11.07,3466.24
3292,07/25/2026 15:36:43,11.15,3759.36
3293,07/25/2026 15:51:43,11.15,3164.16
3294,07/25/2026 16:06:43,11.02,2270.72
3295,07/25/2026 16:21:43,10.98,3070.72
3296,07/25/2026 16:36:43,10.98,2031.36
3297,07/25/2026 16:51:43,10.98,2300.16
3298,07/25/2026 17:06:43,10.98,2720.00
3299,07/25/2026 17:21:43,10.98,1839.36
3300,07/25/2026 17:36:43,11.15,2031.36
3301,07/25/2026 17:51:43,11.49,2048.64
3302,07/25/2026 18:06:43,11.62,1815.04
3303,07/25/2026 18:21:43,11.58,1420.16
3304,07/25/2026 18:36:43,11.58,1048.00
3305,07/25/2026 18:51:43,11.54,1597.44
3306,07/25/2026 19:06:43,11.11,1495.68
3307,07/25/2026 19:21:43,10.72,1050.88
3308,07/25/2026 19:36:43,10.55,821.76
3309,07/25/2026 19:51:43,11.07,895.04
3310,07/25/2026 20:06:43,10.94,675.20
3311,07/25/2026 20:21:43,10.72,402.24
3312,07/25/2026 20:36:43,10.68,322.48
3313,07/25/2026 20:51:43,10.81,239.36
3314,07/25/2026 21:06:43,10.72,91.76
3315,07/25/2026 21:21:43,10.72,38.80
3316,07/25/2026 21:36:43,10.68,9.67
3317,07/25/2026 21:51:43,10.64,1.53
3318,07/25/2026 22:06:43,10.64,0.00
3319,07/25/2026 22:21:43,10.64,0.00
3320,07/25/2026 22:36:43,10.68,0.00
3321,07/25/2026 22:51:43,10.72,0.00
3322,07/25/2026 23:06:43,10.98,0.00
3323,07/25/2026 23:21:43,11.15,0.00
3324,07/25/2026 23:36:43,11.45,0.21
3325,07/25/2026 23:51:43,11.54,0.00
3326,07/26/2026 00:06:43,11.58,0.00
3327,07/26/2026 00:21:43,11.88,0.00
3328,07/26/2026 00:36:43,11.92,0.00
3329,07/26/2026 00:51:43,11.97,0.00
3330,07/26/2026 01:06:43,12.05,0.00
3331,07/26/2026 01:21:43,12.18,0.00
3332,07/26/2026 01:36:43,12.18,0.00
3333,07/26/2026 01:51:43,12.22,0.00
3334,07/26/2026 02:06:43,12.31,0.00
3335,07/26/2026 02:21:43,12.27,0.00
3336,07/26/2026 02:36:43,12.31,0.00
3337,07/26/2026 02:51:43,12.31,0.00
3338,07/26/2026 03:06:43,12.35,0.00
3339,07/26/2026 03:21:43,12.40,0.00
3340,07/26/2026 03:36:43,12.35,0.00
3341,07/26/2026 03:51:43,12.40,0.00
3342,07/26/2026 04:06:43,12.35,0.00
3343,07/26/2026 04:21:43,12.27,0.00
3344,07/26/2026 04:36:43,12.31,0.00
3345,07/26/2026 04:51:43,12.31,1.31
3346,07/26/2026 05:06:43,12.22,9.45
3347,07/26/2026 05:21:43,12.14,46.38
3348,07/26/2026 05:36:43,12.10,132.56
3349,07/26/2026 05:51:43,12.18,298.08
3350,07/26/2026 06:06:43,12.14,547.36
3351,07/26/2026 06:21:43,12.31,842.88
3352,07/26/2026 06:36:43,12.31,1230.08
3353,07/26/2026 06:51:43,12.44,1985.28
3354,07/26/2026 07:06:43,12.57,3413.76
3355,07/26/2026 07:21:43,12.65,4203.52
3356,07/26/2026 07:36:43,12.48,2746.88
3357,07/26/2026 07:51:43,12.57,2912.00
3358,07/26/2026 08:06:43,12.78,4010.24
3359,07/26/2026 08:21:43,12.57,3251.20
3360,07/26/2026 08:36:43,12.87,4547.84
3361,07/26/2026 08:51:43,13.00,6978.56
3362,07/26/2026 09:06:43,12.95,7009.28
3363,07/26/2026 09:21:43,12.70,5760.00
3364,07/26/2026 09:36:43,12.31,7377.92
3365,07/26/2026 09:51:43,12.61,13081.60
3366,07/26/2026 10:06:43,12.70,12385.28
3367,07/26/2026 10:21:43,12.82,11740.16
3368,07/26/2026 10:36:43,12.95,14049.28
3369,07/26/2026 10:51:43,12.87,15257.60
3370,07/26/2026 11:06:43,12.78,18278.40
3371,07/26/2026 11:21:43,12.87,16143.36
3372,07/26/2026 11:36:43,12.74,21135.36
3373,07/26/2026 11:51:43,12.61,20428.80
3374,07/26/2026 12:06:43,12.48,17848.32
3375,07/26/2026 12:21:43,12.61,17341.44
3376,07/26/2026 12:36:43,12.48,17515.52
3377,07/26/2026 12:51:43,12.35,18304.00
3378,07/26/2026 13:06:43,12.14,18135.04
3379,07/26/2026 13:21:43,12.18,15544.32
3380,07/26/2026 13:36:43,12.74,14223.36
3381,07/26/2026 13:51:43,12.57,17853.44
3382,07/26/2026 14:06:43,12.52,15308.80
3383,07/26/2026 14:21:43,12.78,14771.20
3384,07/26/2026 14:36:43,12.70,17602.56
3385,07/26/2026 14:51:43,11.41,15595.52
3386,07/26/2026 15:06:43,11.41,13163.52
3387,07/26/2026 15:21:43,11.62,16967.68
3388,07/26/2026 15:36:43,11.58,15047.68
3389,07/26/2026 15:51:43,11.49,14699.52
3390,07/26/2026 16:06:43,11.49,15621.12
3391,07/26/2026 16:21:43,11.54,12774.40
3392,07/26/2026 16:36:43,11.49,13921.28
3393,07/26/2026 16:51:43,11.28,11914.24
3394,07/26/2026 17:06:43,11.19,10649.60
3395,07/26/2026 17:21:43,11.49,8238.08
3396,07/26/2026 17:36:43,12.70,7308.80
3397,07/26/2026 17:51:43,11.79,5944.32
3398,07/26/2026 18:06:43,11.28,6929.92
3399,07/26/2026 18:21:43,11.58,5233.92
3400,07/26/2026 18:36:43,11.62,4864.00
3401,07/26/2026 18:51:43,11.28,3897.60
3402,07/26/2026 19:06:43,10.94,3472.64
3403,07/26/2026 19:21:43,10.81,1369.60
3404,07/26/2026 19:36:43,10.68,1534.08
3405,07/26/2026 19:51:43,11.15,1754.88
3406,07/26/2026 20:06:43,10.85,717.76
3407,07/26/2026 20:21:43,11.28,486.72
3408,07/26/2026 20:36:43,11.32,426.40
3409,07/26/2026 20:51:43,11.58,265.76
3410,07/26/2026 21:06:43,11.49,148.40
3411,07/26/2026 21:21:43,11.71,54.30
3412,07/26/2026 21:36:43,11.79,13.43
3413,07/26/2026 21:51:43,11.79,1.75
3414,07/26/2026 22:06:43,11.84,0.00
3415,07/26/2026 22:21:43,11.88,0.00
3416,07/26/2026 22:36:43,11.92,0.00
3417,07/26/2026 22:51:43,12.14,0.00
3418,07/26/2026 23:06:43,12.10,0.00
3419,07/26/2026 23:21:43,12.18,0.00
3420,07/26/2026 23:36:43,12.22,0.00
3421,07/26/2026 23:51:43,12.40,0.00
3422,07/27/2026 00:06:43,12.65,0.00
3423,07/27/2026 00:21:43,12.91,0.00
3424,07/27/2026 00:36:43,13.25,0.00
3425,07/27/2026 00:51:43,13.38,0.00
3426,07/27/2026 01:06:43,13.34,0.00
3427,07/27/2026 01:21:43,13.34,0.00
3428,07/27/2026 01:36:43,13.43,0.00
3429,07/27/2026 01:51:43,13.47,0.00
3430,07/27/2026 02:06:43,13.47,0.00
3431,07/27/2026 02:21:43,13.60,0.00
3432,07/27/2026 02:36:43,13.73,0.00
3433,07/27/2026 02:51:43,13.77,0.00
3434,07/27/2026 03:06:43,13.85,0.00
3435,07/27/2026 03:21:43,13.98,0.00
3436,07/27/2026 03:36:43,14.03,0.00
3437,07/27/2026 03:51:43,14.07,0.00
3438,07/27/2026 04:06:43,14.20,0.21
3439,07/27/2026 04:21:43,14.15,0.00
3440,07/27/2026 04:36:43,14.11,0.00
3441,07/27/2026 04:51:43,14.07,1.97
3442,07/27/2026 05:06:43,13.94,14.53
3443,07/27/2026 05:21:43,13.90,68.48
3444,07/27/2026 05:36:43,13.81,202.48
3445,07/27/2026 05:51:43,13.77,384.48
3446,07/27/2026 06:06:43,13.85,791.68
3447,07/27/2026 06:21:43,13.85,1535.36
3448,07/27/2026 06:36:43,13.81,1259.20
3449,07/27/2026 06:51:43,13.77,2653.44
3450,07/27/2026 07:06:43,13.94,2734.08
3451,07/27/2026 07:21:43,14.07,3152.64
3452,07/27/2026 07:36:43,14.20,3970.56
3453,07/27/2026 07:51:43,14.24,3763.20
3454,07/27/2026 08:06:43,14.28,4773.12
3455,07/27/2026 08:21:43,14.24,7347.20
3456,07/27/2026 08:36:43,14.20,6888.96
3457,07/27/2026 08:51:43,14.45,10065.92
3458,07/27/2026 09:06:43,14.45,6028.80
3459,07/27/2026 09:21:43,14.63,7695.36
3460,07/27/2026 09:36:43,14.54,2818.56
3461,07/27/2026 09:51:43,14.58,8138.24
3462,07/27/2026 10:06:43,14.75,7828.48
3463,07/27/2026 10:21:43,14.71,6929.92
3464,07/27/2026 10:36:43,14.63,12733.44
3465,07/27/2026 10:51:43,14.97,11473.92
3466,07/27/2026 11:06:43,14.11,11320.32
3467,07/27/2026 11:21:43,13.94,8496.64
3468,07/27/2026 11:36:43,13.68,12016.64
3469,07/27/2026 11:51:43,14.07,12154.88
3470,07/27/2026 12:06:43,13.64,6435.84
3471,07/27/2026 12:21:43,13.94,11274.24
3472,07/27/2026 12:36:43,13.98,9981.44
3473,07/27/2026 12:51:43,13.94,10654.72
3474,07/27/2026 13:06:43,14.03,17367.04
3475,07/27/2026 13:21:43,14.11,15313.92
3476,07/27/2026 13:36:43,13.98,13803.52
3477,07/27/2026 13:51:43,13.64,12544.00
3478,07/27/2026 14:06:43,13.43,15744.00
3479,07/27/2026 14:21:43,13.21,15221.76
3480,07/27/2026 14:36:43,13.08,19998.72
3481,07/27/2026 14:51:43,12.95,14755.84
3482,07/27/2026 15:06:43,13.47,18882.56
3483,07/27/2026 15:21:43,13.90,18647.04
3484,07/27/2026 15:36:43,14.11,10496.00
3485,07/27/2026 15:51:43,14.28,11484.16
3486,07/27/2026 16:06:43,14.37,10045.44
3487,07/27/2026 16:21:43,14.37,9912.32
3488,07/27/2026 16:36:43,14.45,10017.28
3489,07/27/2026 16:51:43,14.37,9095.68
3490,07/27/2026 17:06:43,14.50,6666.24
3491,07/27/2026 17:21:43,14.45,7127.04
3492,07/27/2026 17:36:43,14.71,5905.92
3493,07/27/2026 17:51:43,14.63,4674.56
3494,07/27/2026 18:06:43,14.54,5450.24
3495,07/27/2026 18:21:43,14.80,4318.72
3496,07/27/2026 18:36:43,14.75,4316.16
3497,07/27/2026 18:51:43,14.63,3495.68
3498,07/27/2026 19:06:43,15.01,3759.36
3499,07/27/2026 19:21:43,14.71,3627.52
3500,07/27/2026 19:36:43,14.45,1749.76
3501,07/27/2026 19:51:43,14.37,798.40
3502,07/27/2026 20:06:43,14.50,632.32
3503,07/27/2026 20:21:43,14.58,511.36
3504,07/27/2026 20:36:43,14.63,379.04
3505,07/27/2026 20:51:43,14.93,224.48
3506,07/27/2026 21:06:43,14.97,109.48
3507,07/27/2026 21:21:43,14.97,27.12
3508,07/27/2026 21:36:43,15.06,7.03
3509,07/27/2026 21:51:43,15.06,0.65
3510,07/27/2026 22:06:43,14.41,0.00
3511,07/27/2026 22:21:43,14.45,0.00
3512,07/27/2026 22:36:43,14.33,0.21
3513,07/27/2026 22:51:43,13.51,0.00
3514,07/27/2026 23:06:43,13.77,0.00
3515,07/27/2026 23:21:43,13.90,0.00
3516,07/27/2026 23:36:43,14.07,0.00
3517,07/27/2026 23:51:43,14.71,0.00
3518,07/28/2026 00:06:43,15.01,0.00
3519,07/28/2026 00:21:43,15.27,0.00
3520,07/28/2026 00:36:43,15.23,0.00
3521,07/28/2026 00:51:43,15.18,0.00
3522,07/28/2026 01:06:43,15.18,0.00
3523,07/28/2026 01:21:43,15.18,0.00
3524,07/28/2026 01:36:43,15.10,0.00
3525,07/28/2026 01:51:43,15.40,0.00
3526,07/28/2026 02:06:43,15.31,0.00
3527,07/28/2026 02:21:43,15.01,0.00
3528,07/28/2026 02:36:43,15.14,0.00
3529,07/28/2026 02:51:43,15.44,0.00
3530,07/28/2026 03:06:43,15.66,0.00
3531,07/28/2026 03:21:43,15.70,0.00
3532,07/28/2026 03:36:43,15.66,0.00
3533,07/28/2026 03:51:43,15.74,0.00
3534,07/28/2026 04:06:43,15.74,0.00
3535,07/28/2026 04:21:43,15.70,0.00
3536,07/28/2026 04:36:43,15.70,0.00
3537,07/28/2026 04:51:43,15.70,1.53
3538,07/28/2026 05:06:43,15.70,13.87
3539,07/28/2026 05:21:43,15.57,88.36
3540,07/28/2026 05:36:43,15.53,193.68
3541,07/28/2026 05:51:43,15.36,585.60
3542,07/28/2026 06:06:43,15.44,953.92
3543,07/28/2026 06:21:43,15.53,1177.28
3544,07/28/2026 06:36:43,15.53,1975.04
3545,07/28/2026 06:51:43,15.70,2757.12
3546,07/28/2026 07:06:43,15.87,5440.00
3547,07/28/2026 07:21:43,15.70,2940.16
3548,07/28/2026 07:36:43,15.83,3668.48
3549,07/28/2026 07:51:43,16.04,7280.64
3550,07/28/2026 08:06:43,15.87,3339.52
3551,07/28/2026 08:21:43,15.70,2448.00
3552,07/28/2026 08:36:43,15.83,7759.36
3553,07/28/2026 08:51:43,15.78,7449.60
3554,07/28/2026 09:06:43,15.96,8427.52
3555,07/28/2026 09:21:43,16.00,10854.40
3556,07/28/2026 09:36:43,15.96,5345.28
3557,07/28/2026 09:51:43,15.36,8138.24
3558,07/28/2026 10:06:43,15.31,10342.40
3559,07/28/2026 10:21:43,14.84,8829.44
3560,07/28/2026 10:36:43,13.51,9251.84
3561,07/28/2026 10:51:43,13.25,7267.84
3562,07/28/2026 11:06:43,13.47,10542.08
3563,07/28/2026 11:21:43,13.04,10122.24
3564,07/28/2026 11:36:43,13.85,11059.20
3565,07/28/2026 11:51:43,14.37,9152.00
3566,07/28/2026 12:06:43,13.98,12129.28
3567,07/28/2026 12:21:43,12.18,12441.60
3568,07/28/2026 12:36:43,12.22,12513.28
3569,07/28/2026 12:51:43,12.35,11944.96
3570,07/28/2026 13:06:43,12.57,21473.28
3571,07/28/2026 13:21:43,12.31,16005.12
3572,07/28/2026 13:36:43,13.68,22036.48
3573,07/28/2026 13:51:43,12.82,20536.32
3574,07/28/2026 14:06:43,14.71,19020.80
3575,07/28/2026 14:21:43,14.24,29849.60
3576,07/28/2026 14:36:43,14.07,21688.32
3577,07/28/2026 14:51:43,13.85,22466.56
3578,07/28/2026 15:06:43,13.64,23930.88
3579,07/28/2026 15:21:43,13.85,31447.04
3580,07/28/2026 15:36:43,13.25,18647.04
3581,07/28/2026 15:51:43,13.00,23777.28
3582,07/28/2026 16:06:43,13.12,17029.12
3583,07/28/2026 16:21:43,13.21,20321.28
3584,07/28/2026 16:36:43,13.43,22046.72
3585,07/28/2026 16:51:43,12.82,21104.64
3586,07/28/2026 17:06:43,12.48,18928.64
3587,07/28/2026 17:21:43,12.70,16378.88
3588,07/28/2026 17:36:43,13.04,17244.16
3589,07/28/2026 17:51:43,13.47,12958.72
3590,07/28/2026 18:06:43,13.90,13885.44
3591,07/28/2026 18:21:43,14.50,7434.24
3592,07/28/2026 18:36:43,14.07,11494.40
3593,07/28/2026 18:51:43,14.45,8273.92
3594,07/28/2026 19:06:43,13.98,5916.16
3595,07/28/2026 19:21:43,13.85,4396.80
3596,07/28/2026 19:36:43,13.60,3329.28
3597,07/28/2026 19:51:43,14.24,1111.36
3598,07/28/2026 20:06:43,14.11,819.52
3599,07/28/2026 20:21:43,13.90,801.92
3600,07/28/2026 20:36:43,14.11,475.20
3601,07/28/2026 20:51:43,14.11,260.72
3602,07/28/2026 21:06:43,14.33,149.28
3603,07/28/2026 21:21:43,14.37,57.82
3604,07/28/2026 21:36:43,14.37,12.09
3605,07/28/2026 21:51:43,14.37,1.31
3606,07/28/2026 22:06:43,14.28,0.00
3607,07/28/2026 22:21:43,14.20,0.00
3608,07/28/2026 22:36:43,14.28,0.00
3609,07/28/2026 22:51:43,14.41,0.00
3610,07/28/2026 23:06:43,14.28,0.00
3611,07/28/2026 23:21:43,14.41,0.00
3612,07/28/2026 23:36:43,12.82,0.00
3613,07/28/2026 23:51:43,12.52,0.00
3614,07/29/2026 00:06:43,12.65,0.00
3615,07/29/2026 00:21:43,13.08,0.00
3616,07/29/2026 00:36:43,13.81,0.00
3617,07/29/2026 00:51:43,14.03,0.00
3618,07/29/2026 01:06:43,13.85,0.00
3619,07/29/2026 01:21:43,13.85,0.00
3620,07/29/2026 01:36:43,13.77,0.00
3621,07/29/2026 01:51:43,13.81,0.00
3622,07/29/2026 02:06:43,13.94,0.00
3623,07/29/2026 02:21:43,14.11,0.00
3624,07/29/2026 02:36:43,14.37,0.21
3625,07/29/2026 02:51:43,14.58,0.00
3626,07/29/2026 03:06:43,14.63,0.00
3627,07/29/2026 03:21:43,14.84,0.00
3628,07/29/2026 03:36:43,15.01,0.00
3629,07/29/2026 03:51:43,14.97,0.00
3630,07/29/2026 04:06:43,14.88,0.00
3631,07/29/2026 04:21:43,14.80,0.00
3632,07/29/2026 04:36:43,14.84,0.21
3633,07/29/2026 04:51:43,14.75,2.41
3634,07/29/2026 05:06:43,14.50,16.35
3635,07/29/2026 05:21:43,14.63,91.24
3636,07/29/2026 05:36:43,14.58,320.32
3637,07/29/2026 05:51:43,14.63,750.40
3638,07/29/2026 06:06:43,14.63,1818.24
3639,07/29/2026 06:21:43,14.67,2254.72
3640,07/29/2026 06:36:43,14.63,3376.64
3641,07/29/2026 06:51:43,14.67,3946.24
3642,07/29/2026 07:06:43,14.63,7244.80
3643,07/29/2026 07:21:43,14.97,10101.76
3644,07/29/2026 07:36:43,14.71,3645.44
3645,07/29/2026 07:51:43,14.37,3563.52
3646,07/29/2026 08:06:43,14.97,13455.36
3647,07/29/2026 08:21:43,14.80,13015.04
3648,07/29/2026 08:36:43,15.53,18851.84
3649,07/29/2026 08:51:43,15.36,10542.08
3650,07/29/2026 09:06:43,15.23,8540.16
3651,07/29/2026 09:21:43,15.36,13777.92
3652,07/29/2026 09:36:43,15.23,9743.36
3653,07/29/2026 09:51:43,15.10,13301.76
3654,07/29/2026 10:06:43,15.53,15104.00
3655,07/29/2026 10:21:43,15.57,18698.24
3656,07/29/2026 10:36:43,15.66,19691.52
3657,07/29/2026 10:51:43,15.44,15656.96
3658,07/29/2026 11:06:43,15.40,23224.32
3659,07/29/2026 11:21:43,14.88,19676.16
3660,07/29/2026 11:36:43,14.41,17612.80
3661,07/29/2026 11:51:43,14.24,21401.60
3662,07/29/2026 12:06:43,14.67,21176.32
3663,07/29/2026 12:21:43,13.85,22272.00
3664,07/29/2026 12:36:43,14.07,21176.32
3665,07/29/2026 12:51:43,13.25,18037.76
3666,07/29/2026 13:06:43,13.25,25528.32
3667,07/29/2026 13:21:43,13.17,19814.40
3668,07/29/2026 13:36:43,13.51,26972.16
3669,07/29/2026 13:51:43,13.04,25169.92
3670,07/29/2026 14:06:43,12.31,20904.96
3671,07/29/2026 14:21:43,12.05,24166.40
3672,07/29/2026 14:36:43,12.27,22896.64
3673,07/29/2026 14:51:43,11.79,23398.40
3674,07/29/2026 15:06:43,12.18,19522.56
3675,07/29/2026 15:21:43,12.44,28385.28
3676,07/29/2026 15:36:43,13.12,18759.68
3677,07/29/2026 15:51:43,13.04,15093.76
3678,07/29/2026 16:06:43,13.25,20546.56
3679,07/29/2026 16:21:43,13.17,18775.04
3680,07/29/2026 16:36:43,12.44,20505.60
3681,07/29/2026 16:51:43,12.05,17566.72
3682,07/29/2026 17:06:43,11.49,14658.56
3683,07/29/2026 17:21:43,11.37,12508.16
3684,07/29/2026 17:36:43,12.31,13824.00
3685,07/29/2026 17:51:43,12.01,10193.92
3686,07/29/2026 18:06:43,12.48,10073.60
3687,07/29/2026 18:21:43,12.74,9856.00
3688,07/29/2026 18:36:43,13.68,6886.40
3689,07/29/2026 18:51:43,14.11,8184.32
3690,07/29/2026 19:06:43,15.01,4748.80
3691,07/29/2026 19:21:43,15.40,4163.84
3692,07/29/2026 19:36:43,15.36,3225.60
3693,07/29/2026 19:51:43,15.31,1321.60
3694,07/29/2026 20:06:43,15.31,1263.68
3695,07/29/2026 20:21:43,15.40,994.56
3696,07/29/2026 20:36:43,15.36,690.56
3697,07/29/2026 20:51:43,15.36,419.04
3698,07/29/2026 21:06:43,15.36,192.80
3699,07/29/2026 21:21:43,15.40,64.90
3700,07/29/2026 21:36:43,15.44,10.77
3701,07/29/2026 21:51:43,15.48,1.31
3702,07/29/2026 22:06:43,15.44,0.00
3703,07/29/2026 22:21:43,15.57,0.00
3704,07/29/2026 22:36:43,15.61,0.00
3705,07/29/2026 22:51:43,15.57,0.00
3706,07/29/2026 23:06:43,15.48,0.00
3707,07/29/2026 23:21:43,15.44,0.00
3708,07/29/2026 23:36:43,15.27,0.00
3709,07/29/2026 23:51:43,15.44,0.00
3710,07/30/2026 00:06:43,15.36,0.00
3711,07/30/2026 00:21:43,13.25,0.00
3712,07/30/2026 00:36:43,15.01,0.00
3713,07/30/2026 00:51:43,15.23,0.00
3714,07/30/2026 01:06:43,15.31,0.00
3715,07/30/2026 01:21:43,15.27,0.00
3716,07/30/2026 01:36:43,15.36,0.00
3717,07/30/2026 01:51:43,15.44,0.00
3718,07/30/2026 02:06:43,15.44,0.00
3719,07/30/2026 02:21:43,15.40,0.00
3720,07/30/2026 02:36:43,15.40,0.00
3721,07/30/2026 02:51:43,15.14,0.00
3722,07/30/2026 03:06:43,15.27,0.00
3723,07/30/2026 03:21:43,15.61,0.00
3724,07/30/2026 03:36:43,15.57,0.00
3725,07/30/2026 03:51:43,15.66,0.00
3726,07/30/2026 04:06:43,15.78,0.00
3727,07/30/2026 04:21:43,15.96,0.00
3728,07/30/2026 04:36:43,15.83,0.00
3729,07/30/2026 04:51:43,15.78,1.31
3730,07/30/2026 05:06:43,15.66,12.55
3731,07/30/2026 05:21:43,15.96,77.82
3732,07/30/2026 05:36:43,15.91,311.28
3733,07/30/2026 05:51:43,15.91,596.64
3734,07/30/2026 06:06:43,15.91,1388.16
3735,07/30/2026 06:21:43,15.87,1716.48
3736,07/30/2026 06:36:43,16.00,2780.16
3737,07/30/2026 06:51:43,15.61,4195.84
3738,07/30/2026 07:06:43,15.66,5022.72
3739,07/30/2026 07:21:43,15.78,7139.84
3740,07/30/2026 07:36:43,15.96,8765.44
3741,07/30/2026 07:51:43,16.04,8693.76
3742,07/30/2026 08:06:43,16.30,13491.20
3743,07/30/2026 08:21:43,16.39,7872.00
3744,07/30/2026 08:36:43,16.60,17930.24
3745,07/30/2026 08:51:43,16.81,16184.32
3746,07/30/2026 09:06:43,16.90,13475.84
3747,07/30/2026 09:21:43,17.11,16634.88
3748,07/30/2026 09:36:43,17.20,13736.96
3749,07/30/2026 09:51:43,17.29,16230.40
3750,07/30/2026 10:06:43,17.37,16691.20
3751,07/30/2026 10:21:43,17.33,20183.04
3752,07/30/2026 10:36:43,16.47,26470.40
3753,07/30/2026 10:51:43,16.77,22794.24
3754,07/30/2026 11:06:43,15.96,19957.76
3755,07/30/2026 11:21:43,15.31,25006.08
3756,07/30/2026 11:36:43,14.93,20705.28
3757,07/30/2026 11:51:43,15.18,30771.20
3758,07/30/2026 12:06:43,15.10,29122.56
3759,07/30/2026 12:21:43,14.50,27228.16
3760,07/30/2026 12:36:43,14.63,25579.52
3761,07/30/2026 12:51:43,14.93,35829.76
3762,07/30/2026 13:06:43,14.03,18288.64
3763,07/30/2026 13:21:43,13.85,31119.36
3764,07/30/2026 13:36:43,12.91,15621.12
3765,07/30/2026 13:51:43,13.12,23490.56
3766,07/30/2026 14:06:43,13.17,24913.92
3767,07/30/2026 14:21:43,13.38,30371.84
3768,07/30/2026 14:36:43,13.43,31037.44
3769,07/30/2026 14:51:43,13.43,22681.60
3770,07/30/2026 15:06:43,11.97,29501.44
3771,07/30/2026 15:21:43,12.61,22620.16
3772,07/30/2026 15:36:43,12.05,26839.04
3773,07/30/2026 15:51:43,11.88,15216.64
3774,07/30/2026 16:06:43,12.22,19240.96
3775,07/30/2026 16:21:43,12.82,24657.92
3776,07/30/2026 16:36:43,12.91,19993.60
3777,07/30/2026 16:51:43,13.34,22753.28
3778,07/30/2026 17:06:43,15.96,14054.40
3779,07/30/2026 17:21:43,13.60,15129.60
3780,07/30/2026 17:36:43,14.11,12001.28
3781,07/30/2026 17:51:43,16.04,25026.56
3782,07/30/2026 18:06:43,15.70,12072.96
3783,07/30/2026 18:21:43,15.74,13373.44
3784,07/30/2026 18:36:43,15.70,13276.16
3785,07/30/2026 18:51:43,15.53,6917.12
3786,07/30/2026 19:06:43,15.44,6492.16
3787,07/30/2026 19:21:43,15.31,5072.64
3788,07/30/2026 19:36:43,15.27,4129.28
3789,07/30/2026 19:51:43,15.27,3312.64
3790,07/30/2026 20:06:43,15.36,2092.80
3791,07/30/2026 20:21:43,15.27,1685.76
3792,07/30/2026 20:36:43,15.18,869.76
3793,07/30/2026 20:51:43,15.18,518.88
3794,07/30/2026 21:06:43,15.14,196.08
3795,07/30/2026 21:21:43,15.23,62.26
3796,07/30/2026 21:36:43,15.70,10.99
3797,07/30/2026 21:51:43,15.74,1.31
3798,07/30/2026 22:06:43,15.78,0.00
3799,07/30/2026 22:21:43,15.66,0.00
3800,07/30/2026 22:36:43,15.66,0.00
3801,07/30/2026 22:51:43,15.66,0.00
3802,07/30/2026 23:06:43,15.48,0.00
3803,07/30/2026 23:21:43,15.36,0.00
3804,07/30/2026 23:36:43,15.40,0.00
3805,07/30/2026 23:51:43,15.40,0.00
3806,07/31/2026 00:06:43,15.36,0.00
3807,07/31/2026 00:21:43,15.31,0.00
3808,07/31/2026 00:36:43,15.23,0.00
3809,07/31/2026 00:51:43,15.27,0.00
3810,07/31/2026 01:06:43,15.01,0.00
3811,07/31/2026 01:21:43,14.71,0.21
3812,07/31/2026 01:36:43,14.24,0.00
3813,07/31/2026 01:51:43,13.85,0.00
3814,07/31/2026 02:06:43,13.73,0.00
3815,07/31/2026 02:21:43,13.73,0.00
3816,07/31/2026 02:36:43,13.73,0.00
3817,07/31/2026 02:51:43,13.55,0.00
3818,07/31/2026 03:06:43,12.91,0.00
3819,07/31/2026 03:21:43,12.78,0.00
3820,07/31/2026 03:36:43,12.70,0.00
3821,07/31/2026 03:51:43,12.78,0.00
3822,07/31/2026 04:06:43,12.74,0.00
3823,07/31/2026 04:21:43,12.74,0.00
3824,07/31/2026 04:36:43,12.70,0.00
3825,07/31/2026 04:51:43,13.25,0.43
3826,07/31/2026 05:06:43,13.85,5.93
3827,07/31/2026 05:21:43,13.85,35.28
3828,07/31/2026 05:36:43,13.81,78.16
3829,07/31/2026 05:51:43,13.77,105.96
3830,07/31/2026 06:06:43,15.14,246.64
3831,07/31/2026 06:21:43,15.31,329.44
3832,07/31/2026 06:36:43,15.14,443.68
3833,07/31/2026 06:51:43,15.10,700.80
3834,07/31/2026 07:06:43,14.84,950.40
3835,07/31/2026 07:21:43,14.71,939.84
3836,07/31/2026 07:36:43,14.71,3674.88
3837,07/31/2026 07:51:43,15.06,7490.56
3838,07/31/2026 08:06:43,14.80,4266.24
3839,07/31/2026 08:21:43,14.63,4062.72
3840,07/31/2026 08:36:43,14.67,7429.12
3841,07/31/2026 08:51:43,14.71,5542.40
3842,07/31/2026 09:06:43,15.06,13829.12
3843,07/31/2026 09:21:43,14.97,10649.60
3844,07/31/2026 09:36:43,14.97,11038.72
3845,07/31/2026 09:51:43,14.88,15749.12
3846,07/31/2026 10:06:43,14.71,17623.04
3847,07/31/2026 10:21:43,14.58,14791.68
3848,07/31/2026 10:36:43,14.97,14730.24
3849,07/31/2026 10:51:43,15.06,16271.36
3850,07/31/2026 11:06:43,14.24,16737.28
3851,07/31/2026 11:21:43,14.93,14996.48
3852,07/31/2026 11:36:43,14.45,15083.52
3853,07/31/2026 11:51:43,13.81,12211.20
3854,07/31/2026 12:06:43,13.55,16343.04
3855,07/31/2026 12:21:43,13.47,17402.88
3856,07/31/2026 12:36:43,13.08,18703.36
3857,07/31/2026 12:51:43,13.43,17500.16
3858,07/31/2026 13:06:43,12.82,14238.72
3859,07/31/2026 13:21:43,12.65,14714.88
3860,07/31/2026 13:36:43,13.51,15539.20
3861,07/31/2026 13:51:43,14.24,20183.04
3862,07/31/2026 14:06:43,14.11,18416.64
3863,07/31/2026 14:21:43,12.05,13864.96
3864,07/31/2026 14:36:43,11.79,19225.60
3865,07/31/2026 14:51:43,13.12,17274.88
3866,07/31/2026 15:06:43,13.30,14801.92
3867,07/31/2026 15:21:43,13.34,17740.80
3868,07/31/2026 15:36:43,13.34,16875.52
3869,07/31/2026 15:51:43,12.95,16291.84
3870,07/31/2026 16:06:43,13.17,13690.88
3871,07/31/2026 16:21:43,13.00,12456.96
3872,07/31/2026 16:36:43,13.04,15124.48
3873,07/31/2026 16:51:43,12.91,10214.40
3874,07/31/2026 17:06:43,13.17,9139.20
3875,07/31/2026 17:21:43,13.43,7646.72
3876,07/31/2026 17:36:43,13.73,5882.88
3877,07/31/2026 17:51:43,13.77,10833.92
3878,07/31/2026 18:06:43,13.81,7731.20
3879,07/31/2026 18:21:43,13.85,7610.88
3880,07/31/2026 18:36:43,14.37,4811.52
3881,07/31/2026 18:51:43,14.75,3886.08
3882,07/31/2026 19:06:43,14.75,3033.60
3883,07/31/2026 19:21:43,14.71,2613.12
3884,07/31/2026 19:36:43,14.63,1906.56
3885,07/31/2026 19:51:43,14.58,1209.92
3886,07/31/2026 20:06:43,14.45,1180.80
3887,07/31/2026 20:21:43,14.50,762.24
3888,07/31/2026 20:36:43,14.45,456.80
3889,07/31/2026 20:51:43,14.45,268.64
3890,07/31/2026 21:06:43,14.41,118.36
3891,07/31/2026 21:21:43,14.33,30.67
3892,07/31/2026 21:36:43,14.33,5.49
3893,07/31/2026 21:51:43,14.33,0.43
3894,07/31/2026 22:06:43,14.28,0.00
3895,07/31/2026 22:21:43,14.28,0.00
3896,07/31/2026 22:36:43,14.28,0.00
3897,07/31/2026 22:51:43,14.33,0.00
3898,07/31/2026 23:06:43,14.50,0.00
3899,07/31/2026 23:21:43,14.54,0.00
3900,07/31/2026 23:36:43,14.54,0.00
3901,07/31/2026 23:51:43,14.54,0.00
3902,08/01/2026 00:06:43,14.50,0.00
3903,08/01/2026 00:21:43,14.54,0.00
3904,08/01/2026 00:36:43,14.50,0.00
3905,08/01/2026 00:51:43,14.54,0.00
3906,08/01/2026 01:06:43,14.45,0.00
3907,08/01/2026 01:21:43,14.15,0.00
3908,08/01/2026 01:36:43,14.11,0.00
3909,08/01/2026 01:51:43,14.63,0.00
3910,08/01/2026 02:06:43,14.63,0.00
3911,08/01/2026 02:21:43,14.67,0.00
3912,08/01/2026 02:36:43,14.75,0.00
3913,08/01/2026 02:51:43,14.75,0.00
3914,08/01/2026 03:06:43,14.67,0.00
3915,08/01/2026 03:21:43,14.58,0.00
3916,08/01/2026 03:36:43,14.75,0.00
3917,08/01/2026 03:51:43,15.14,0.00
3918,08/01/2026 04:06:43,15.18,0.00
3919,08/01/2026 04:21:43,15.44,0.00
3920,08/01/2026 04:36:43,15.48,0.00
3921,08/01/2026 04:51:43,15.44,0.43
3922,08/01/2026 05:06:43,15.31,4.39
3923,08/01/2026 05:21:43,15.23,27.37
3924,08/01/2026 05:36:43,15.18,116.60
3925,08/01/2026 05:51:43,15.18,347.36
3926,08/01/2026 06:06:43,15.18,544.32
3927,08/01/2026 06:21:43,15.18,985.60
3928,08/01/2026 06:36:43,15.27,1939.84
3929,08/01/2026 06:51:43,15.23,2075.52
3930,08/01/2026 07:06:43,15.27,2403.84
3931,08/01/2026 07:21:43,15.31,4435.20
3932,08/01/2026 07:36:43,15.27,3450.88
3933,08/01/2026 07:51:43,15.23,4835.84
3934,08/01/2026 08:06:43,15.18,5529.60
3935,08/01/2026 08:21:43,15.14,5022.72
3936,08/01/2026 08:36:43,15.23,11325.44
3937,08/01/2026 08:51:43,15.57,15523.84
3938,08/01/2026 09:06:43,16.13,30689.28
3939,08/01/2026 09:21:43,15.91,17331.20
3940,08/01/2026 09:36:43,16.39,29358.08
3941,08/01/2026 09:51:43,16.47,33628.16
3942,08/01/2026 10:06:43,16.34,23439.36
3943,08/01/2026 10:21:43,16.73,22384.64
3944,08/01/2026 10:36:43,16.94,24832.00
3945,08/01/2026 10:51:43,17.16,28928.00
3946,08/01/2026 11:06:43,17.20,22179.84
3947,08/01/2026 11:21:43,17.20,25405.44
3948,08/01/2026 11:36:43,17.29,24453.12
3949,08/01/2026 11:51:43,17.33,19614.72
3950,08/01/2026 12:06:43,16.90,18196.48
3951,08/01/2026 12:21:43,15.83,25692.16
3952,08/01/2026 12:36:43,15.01,18196.48
3953,08/01/2026 12:51:43,15.36,23111.68
3954,08/01/2026 13:06:43,14.67,18938.88
3955,08/01/2026 13:21:43,13.34,19886.08
3956,08/01/2026 13:36:43,13.60,16952.32
3957,08/01/2026 13:51:43,13.81,18887.68
3958,08/01/2026 14:06:43,13.30,25815.04
3959,08/01/2026 14:21:43,12.52,24371.20
3960,08/01/2026 14:36:43,13.00,21852.16
3961,08/01/2026 14:51:43,12.52,20167.68
3962,08/01/2026 15:06:43,12.87,27330.56
3963,08/01/2026 15:21:43,12.70,26613.76
3964,08/01/2026 15:36:43,13.34,14914.56
3965,08/01/2026 15:51:43,13.12,16368.64
3966,08/01/2026 16:06:43,13.51,20536.32
3967,08/01/2026 16:21:43,13.47,16025.60
3968,08/01/2026 16:36:43,13.12,18472.96
3969,08/01/2026 16:51:43,11.71,22886.40
3970,08/01/2026 17:06:43,11.84,20787.20
3971,08/01/2026 17:21:43,13.47,18150.40
3972,08/01/2026 17:36:43,13.38,12497.92
3973,08/01/2026 17:51:43,13.34,12021.76
3974,08/01/2026 18:06:43,12.91,9884.16
3975,08/01/2026 18:21:43,13.51,9566.72
3976,08/01/2026 18:36:43,14.15,8744.96
3977,08/01/2026 18:51:43,14.67,9308.16
3978,08/01/2026 19:06:43,14.58,9054.72
3979,08/01/2026 19:21:43,14.67,4695.04
3980,08/01/2026 19:36:43,14.58,3235.84
3981,08/01/2026 19:51:43,14.58,1555.20
3982,08/01/2026 20:06:43,15.10,1336.32
3983,08/01/2026 20:21:43,15.27,1100.80
3984,08/01/2026 20:36:43,15.06,820.80
3985,08/01/2026 20:51:43,15.14,448.96
3986,08/01/2026 21:06:43,15.61,190.16
3987,08/01/2026 21:21:43,15.78,48.58
3988,08/01/2026 21:36:43,15.78,7.69
3989,08/01/2026 21:51:43,15.74,0.65
3990,08/01/2026 22:06:43,15.96,0.00
3991,08/01/2026 22:21:43,16.21,0.00
3992,08/01/2026 22:36:43,16.26,0.00
3993,08/01/2026 22:51:43,16.08,0.00
3994,08/01/2026 23:06:43,16.26,0.00
3995,08/01/2026 23:21:43,16.34,0.00
3996,08/01/2026 23:36:43,16.34,0.00
3997,08/01/2026 23:51:43,16.13,0.00
3998,08/02/2026 00:06:43,15.96,0.00
3999,08/02/2026 00:21:43,15.31,0.00
4000,08/02/2026 00:36:43,14.45,0.00
4001,08/02/2026 00:51:43,13.77,0.00
4002,08/02/2026 01:06:43,13.85,0.00
4003,08/02/2026 01:21:43,13.98,0.00
4004,08/02/2026 01:36:43,13.73,0.00
4005,08/02/2026 01:51:43,14.11,0.00
4006,08/02/2026 02:06:43,14.37,0.00
4007,08/02/2026 02:21:43,13.38,0.00
4008,08/02/2026 02:36:43,12.87,0.00
4009,08/02/2026 02:51:43,13.08,0.00
4010,08/02/2026 03:06:43,12.91,0.00
4011,08/02/2026 03:21:43,12.61,0.00
4012,08/02/2026 03:36:43,14.54,0.00
4013,08/02/2026 03:51:43,14.80,0.00
4014,08/02/2026 04:06:43,14.71,0.00
4015,08/02/2026 04:21:43,14.63,0.00
4016,08/02/2026 04:36:43,14.63,0.00
4017,08/02/2026 04:51:43,14.63,0.21
4018,08/02/2026 05:06:43,14.67,3.29
4019,08/02/2026 05:21:43,14.75,28.47
4020,08/02/2026 05:36:43,14.71,122.76
4021,08/02/2026 05:51:43,14.97,399.68
4022,08/02/2026 06:06:43,15.01,784.64
4023,08/02/2026 06:21:43,14.88,995.52
4024,08/02/2026 06:36:43,15.01,2179.20
4025,08/02/2026 06:51:43,15.10,2732.80
4026,08/02/2026 07:06:43,15.18,3703.04
4027,08/02/2026 07:21:43,15.27,4917.76
4028,08/02/2026 07:36:43,15.44,4350.72
4029,08/02/2026 07:51:43,15.40,4730.88
4030,08/02/2026 08:06:43,15.53,4660.48
4031,08/02/2026 08:21:43,15.31,6517.76
4032,08/02/2026 08:36:43,15.53,12574.72
4033,08/02/2026 08:51:43,16.17,14878.72
4034,08/02/2026 09:06:43,16.30,17940.48
4035,08/02/2026 09:21:43,16.64,19681.28
4036,08/02/2026 09:36:43,16.81,21606.40
4037,08/02/2026 09:51:43,17.07,22568.96
4038,08/02/2026 10:06:43,16.90,24422.40
4039,08/02/2026 10:21:43,16.81,22323.20
4040,08/02/2026 10:36:43,16.94,30464.00
4041,08/02/2026 10:51:43,16.90,25231.36
4042,08/02/2026 11:06:43,17.46,26839.04
4043,08/02/2026 11:21:43,17.50,19635.20
4044,08/02/2026 11:36:43,17.76,32993.28
4045,08/02/2026 11:51:43,17.16,28190.72
4046,08/02/2026 12:06:43,17.16,17546.24
4047,08/02/2026 12:21:43,15.78,36034.56
4048,08/02/2026 12:36:43,15.40,27627.52
4049,08/02/2026 12:51:43,16.34,26388.48
4050,08/02/2026 13:06:43,14.63,30689.28
4051,08/02/2026 13:21:43,14.50,21258.24
4052,08/02/2026 13:36:43,14.41,27238.40
4053,08/02/2026 13:51:43,14.50,24033.28
4054,08/02/2026 14:06:43,14.37,15815.68
4055,08/02/2026 14:21:43,13.81,21329.92
4056,08/02/2026 14:36:43,14.37,19358.72
4057,08/02/2026 14:51:43,13.47,15385.60
4058,08/02/2026 15:06:43,13.25,28467.20
4059,08/02/2026 15:21:43,13.08,34078.72
4060,08/02/2026 15:36:43,13.00,26716.16
4061,08/02/2026 15:51:43,14.75,18083.84
4062,08/02/2026 16:06:43,14.20,17966.08
4063,08/02/2026 16:21:43,13.21,21309.44
4064,08/02/2026 16:36:43,13.30,14151.68
4065,08/02/2026 16:51:43,13.12,20034.56
4066,08/02/2026 17:06:43,12.87,15575.04
4067,08/02/2026 17:21:43,12.40,17500.16
4068,08/02/2026 17:36:43,13.04,19604.48
4069,08/02/2026 17:51:43,12.91,22865.92
4070,08/02/2026 18:06:43,14.50,16465.92
4071,08/02/2026 18:21:43,14.93,4477.44
4072,08/02/2026 18:36:43,14.88,10411.52
4073,08/02/2026 18:51:43,14.71,11217.92
4074,08/02/2026 19:06:43,16.00,4835.84
4075,08/02/2026 19:21:43,16.17,5862.40
4076,08/02/2026 19:36:43,16.04,2860.80
4077,08/02/2026 19:51:43,16.04,1932.80
4078,08/02/2026 20:06:43,15.57,1767.68
4079,08/02/2026 20:21:43,15.83,1427.84
4080,08/02/2026 20:36:43,15.74,915.20
4081,08/02/2026 20:51:43,15.66,545.12
4082,08/02/2026 21:06:43,16.26,222.72
4083,08/02/2026 21:21:43,16.34,52.54
4084,08/02/2026 21:36:43,16.39,7.47
4085,08/02/2026 21:51:43,16.34,0.87
4086,08/02/2026 22:06:43,16.30,0.00
4087,08/02/2026 22:21:43,16.51,0.00
4088,08/02/2026 22:36:43,16.47,0.00
4089,08/02/2026 22:51:43,16.43,0.00
4090,08/02/2026 23:06:43,16.43,0.00
4091,08/02/2026 23:21:43,16.39,0.00
4092,08/02/2026 23:36:43,16.26,0.00
4093,08/02/2026 23:51:43,16.17,0.00
4094,08/03/2026 00:06:43,16.13,0.00
4095,08/03/2026 00:21:43,16.04,0.00
4096,08/03/2026 00:36:43,16.00,0.00
4097,08/03/2026 00:51:43,16.00,0.00
4098,08/03/2026 01:06:43,15.91,0.00
4099,08/03/2026 01:21:43,15.83,0.00
4100,08/03/2026 01:36:43,15.53,0.00
4101,08/03/2026 01:51:43,15.10,0.00
4102,08/03/2026 02:06:43,15.48,0.00
4103,08/03/2026 02:21:43,15.01,0.00
4104,08/03/2026 02:36:43,15.18,0.00
4105,08/03/2026 02:51:43,14.93,0.00
4106,08/03/2026 03:06:43,14.41,0.00
4107,08/03/2026 03:21:43,13.98,0.00
4108,08/03/2026 03:36:43,15.01,0.00
4109,08/03/2026 03:51:43,15.23,0.21
4110,08/03/2026 04:06:43,15.27,0.00
4111,08/03/2026 04:21:43,15.14,0.00
4112,08/03/2026 04:36:43,14.97,0.00
4113,08/03/2026 04:51:43,14.93,0.43
4114,08/03/2026 05:06:43,14.93,5.05
4115,08/03/2026 05:21:43,14.75,40.18
4116,08/03/2026 05:36:43,14.80,183.84
4117,08/03/2026 05:51:43,14.80,513.60
4118,08/03/2026 06:06:43,15.01,1034.88
4119,08/03/2026 06:21:43,15.10,1740.80
4120,08/03/2026 06:36:43,15.06,2676.48
4121,08/03/2026 06:51:43,15.48,3833.60
4122,08/03/2026 07:06:43,15.70,5205.76
4123,08/03/2026 07:21:43,15.83,6225.92
4124,08/03/2026 07:36:43,16.21,8665.60
4125,08/03/2026 07:51:43,16.26,10670.08
4126,08/03/2026 08:06:43,16.47,12866.56
4127,08/03/2026 08:21:43,16.69,15293.44
4128,08/03/2026 08:36:43,17.07,17756.16
4129,08/03/2026 08:51:43,17.59,20331.52
4130,08/03/2026 09:06:43,19.22,35553.28
4131,08/03/2026 09:21:43,21.32,41697.28
4132,08/03/2026 09:36:43,23.25,45363.20
4133,08/03/2026 09:51:43,24.54,46530.56
4134,08/03/2026 10:06:43,26.08,47165.44
4135,08/03/2026 10:21:43,26.04,52060.16
4136,08/03/2026 10:36:43,25.18,55767.04
4137,08/03/2026 10:51:43,20.76,40693.76
4138,08/03/2026 11:06:43,19.86,38789.12
4139,08/03/2026 11:21:43,19.30,38215.68
4140,08/03/2026 11:36:43,19.60,35164.16
4141,08/03/2026 11:51:43,18.40,37888.00
4142,08/03/2026 12:06:43,17.37,29736.96
4143,08/03/2026 12:21:43,17.24,35512.32
4144,08/03/2026 12:36:43,16.30,34693.12
4145,08/03/2026 12:51:43,16.51,49725.44
4146,08/03/2026 13:06:43,15.91,28672.00
4147,08/03/2026 13:21:43,15.83,35962.88
4148,08/03/2026 13:36:43,15.74,29839.36
4149,08/03/2026 13:51:43,15.74,38031.36
4150,08/03/2026 14:06:43,14.67,29849.60
4151,08/03/2026 14:21:43,14.50,28303.36
4152,08/03/2026 14:36:43,14.50,31467.52
4153,08/03/2026 14:51:43,14.63,30054.40
4154,08/03/2026 15:06:43,13.94,27187.20
4155,08/03/2026 15:21:43,14.11,28907.52
4156,08/03/2026 15:36:43,14.07,30556.16
4157,08/03/2026 15:51:43,13.85,22865.92
4158,08/03/2026 16:06:43,13.81,27217.92
4159,08/03/2026 16:21:43,13.04,24565.76
4160,08/03/2026 16:36:43,12.48,19374.08
4161,08/03/2026 16:51:43,12.52,24924.16
4162,08/03/2026 17:06:43,12.78,22466.56
4163,08/03/2026 17:21:43,12.52,22159.36
4164,08/03/2026 17:36:43,12.35,12590.08
4165,08/03/2026 17:51:43,12.35,23101.44
4166,08/03/2026 18:06:43,12.10,17141.76
4167,08/03/2026 18:21:43,12.05,15784.96
4168,08/03/2026 18:36:43,12.01,8468.48
4169,08/03/2026 18:51:43,11.97,16983.04
4170,08/03/2026 19:06:43,12.44,4622.08
4171,08/03/2026 19:21:43,12.57,5867.52
4172,08/03/2026 19:36:43,14.80,3166.72
4173,08/03/2026 19:51:43,15.36,2572.80
4174,08/03/2026 20:06:43,15.57,2272.00
4175,08/03/2026 20:21:43,15.70,1692.80
4176,08/03/2026 20:36:43,15.48,1089.60
4177,08/03/2026 20:51:43,15.36,619.04
4178,08/03/2026 21:06:43,15.14,218.32
4179,08/03/2026 21:21:43,15.10,52.98
4180,08/03/2026 21:36:43,14.88,7.91
4181,08/03/2026 21:51:43,14.97,0.87
4182,08/03/2026 22:06:43,14.80,0.00
4183,08/03/2026 22:21:43,14.80,0.00
4184,08/03/2026 22:36:43,14.80,0.21
4185,08/03/2026 22:51:43,14.80,0.00
4186,08/03/2026 23:06:43,14.97,0.00
4187,08/03/2026 23:21:43,14.97,0.00
4188,08/03/2026 23:36:43,14.84,0.00
4189,08/03/2026 23:51:43,14.58,0.00
4190,08/04/2026 00:06:43,14.84,0.00
4191,08/04/2026 00:21:43,14.75,0.00
4192,08/04/2026 00:36:43,14.71,0.00
4193,08/04/2026 00:51:43,14.84,0.00
4194,08/04/2026 01:06:43,14.67,0.00
4195,08/04/2026 01:21:43,14.75,0.00
4196,08/04/2026 01:36:43,14.75,0.00
4197,08/04/2026 01:51:43,15.01,0.00
4198,08/04/2026 02:06:43,15.10,0.00
4199,08/04/2026 02:21:43,14.97,0.00
4200,08/04/2026 02:36:43,14.84,0.00
4201,08/04/2026 02:51:43,14.84,0.00
4202,08/04/2026 03:06:43,14.75,0.00
4203,08/04/2026 03:21:43,14.67,0.00
4204,08/04/2026 03:36:43,14.63,0.00
4205,08/04/2026 03:51:43,14.37,0.00
4206,08/04/2026 04:06:43,14.28,0.00
4207,08/04/2026 04:21:43,14.28,0.00
4208,08/04/2026 04:36:43,14.33,0.00
4209,08/04/2026 04:51:43,14.28,0.00
4210,08/04/2026 05:06:43,14.28,1.97
4211,08/04/2026 05:21:43,14.28,16.98
4212,08/04/2026 05:36:43,14.24,120.12
4213,08/04/2026 05:51:43,14.11,265.12
4214,08/04/2026 06:06:43,13.98,508.32
4215,08/04/2026 06:21:43,14.28,433.12
4216,08/04/2026 06:36:43,14.41,1334.40
4217,08/04/2026 06:51:43,14.45,2094.72
4218,08/04/2026 07:06:43,14.67,1614.08
4219,08/04/2026 07:21:43,14.80,1055.04
4220,08/04/2026 07:36:43,14.93,2019.20
4221,08/04/2026 07:51:43,14.97,4262.40
4222,08/04/2026 08:06:43,14.97,2926.08
4223,08/04/2026 08:21:43,14.97,5248.00
4224,08/04/2026 08:36:43,14.93,6563.84
4225,08/04/2026 08:51:43,14.93,6604.80
4226,08/04/2026 09:06:43,15.14,7216.64
4227,08/04/2026 09:21:43,15.57,11079.68
4228,08/04/2026 09:36:43,15.48,17489.92
4229,08/04/2026 09:51:43,15.53,10844.16
4230,08/04/2026 10:06:43,15.57,11924.48
4231,08/04/2026 10:21:43,15.87,16005.12
4232,08/04/2026 10:36:43,15.57,12620.80
4233,08/04/2026 10:51:43,15.44,8688.64
4234,08/04/2026 11:06:43,15.06,2658.56
4235,08/04/2026 11:21:43,14.97,3352.32
4236,08/04/2026 11:36:43,14.93,5304.32
4237,08/04/2026 11:51:43,15.40,16343.04
4238,08/04/2026 12:06:43,15.27,11443.20
4239,08/04/2026 12:21:43,15.31,10833.92
4240,08/04/2026 12:36:43,15.27,8588.80
4241,08/04/2026 12:51:43,15.01,3700.48
4242,08/04/2026 13:06:43,14.67,11330.56
4243,08/04/2026 13:21:43,15.10,24555.52
4244,08/04/2026 13:36:43,14.84,4702.72
4245,08/04/2026 13:51:43,14.67,6545.92
4246,08/04/2026 14:06:43,15.06,22978.56
4247,08/04/2026 14:21:43,14.54,16102.40
4248,08/04/2026 14:36:43,14.80,17367.04
4249,08/04/2026 14:51:43,14.24,10178.56
4250,08/04/2026 15:06:43,14.24,9425.92
4251,08/04/2026 15:21:43,14.11,9981.44
4252,08/04/2026 15:36:43,14.03,10214.40
4253,08/04/2026 15:51:43,14.11,12098.56
4254,08/04/2026 16:06:43,13.64,5785.60
4255,08/04/2026 16:21:43,13.60,9397.76
4256,08/04/2026 16:36:43,13.43,7575.04
4257,08/04/2026 16:51:43,13.12,6333.44
4258,08/04/2026 17:06:43,12.91,7127.04
4259,08/04/2026 17:21:43,12.65,2804.48
4260,08/04/2026 17:36:43,13.04,7575.04
4261,08/04/2026 17:51:43,12.87,4551.68
4262,08/04/2026 18:06:43,13.08,1107.84
4263,08/04/2026 18:21:43,12.52,1002.56
4264,08/04/2026 18:36:43,11.79,1098.24
4265,08/04/2026 18:51:43,11.79,893.44
4266,08/04/2026 19:06:43,11.88,1100.80
4267,08/04/2026 19:21:43,12.48,2402.56
4268,08/04/2026 19:36:43,11.97,2088.96
4269,08/04/2026 19:51:43,11.58,2467.20
4270,08/04/2026 20:06:43,10.98,2402.56
4271,08/04/2026 20:21:43,10.81,1288.32
4272,08/04/2026 20:36:43,10.98,784.64
4273,08/04/2026 20:51:43,10.81,419.04
4274,08/04/2026 21:06:43,10.85,159.04
4275,08/04/2026 21:21:43,10.77,36.16
4276,08/04/2026 21:36:43,11.07,4.61
4277,08/04/2026 21:51:43,10.89,0.43
4278,08/04/2026 22:06:43,11.88,0.00
4279,08/04/2026 22:21:43,13.64,0.00
4280,08/04/2026 22:36:43,13.90,0.00
4281,08/04/2026 22:51:43,14.15,0.00
4282,08/04/2026 23:06:43,14.03,0.00
4283,08/04/2026 23:21:43,14.11,0.00
4284,08/04/2026 23:36:43,14.11,0.00
4285,08/04/2026 23:51:43,13.51,0.00
4286,08/05/2026 00:06:43,13.51,0.00
4287,08/05/2026 00:21:43,13.85,0.00
4288,08/05/2026 00:36:43,13.90,0.00
4289,08/05/2026 00:51:43,14.03,0.00
4290,08/05/2026 01:06:43,13.98,0.00
4291,08/05/2026 01:21:43,13.90,0.00
4292,08/05/2026 01:36:43,13.90,0.00
4293,08/05/2026 01:51:43,13.85,0.00
4294,08/05/2026 02:06:43,13.90,0.00
4295,08/05/2026 02:21:43,13.85,0.00
4296,08/05/2026 02:36:43,13.98,0.21
4297,08/05/2026 02:51:43,13.90,0.00
4298,08/05/2026 03:06:43,13.85,0.00
4299,08/05/2026 03:21:43,13.77,0.00
4300,08/05/2026 03:36:43,13.68,0.00
4301,08/05/2026 03:51:43,13.55,0.00
4302,08/05/2026 04:06:43,13.30,0.00
4303,08/05/2026 04:21:43,13.17,0.00
4304,08/05/2026 04:36:43,12.95,0.00
4305,08/05/2026 04:51:43,12.82,0.00
4306,08/05/2026 05:06:43,12.61,1.75
4307,08/05/2026 05:21:43,12.48,17.20
4308,08/05/2026 05:36:43,12.40,92.76
4309,08/05/2026 05:51:43,12.31,258.08
4310,08/05/2026 06:06:43,12.27,510.08
4311,08/05/2026 06:21:43,12.22,825.28
4312,08/05/2026 06:36:43,12.10,1538.56
4313,08/05/2026 06:51:43,12.05,2448.00
4314,08/05/2026 07:06:43,12.18,2804.48
4315,08/05/2026 07:21:43,12.35,4513.28
4316,08/05/2026 07:36:43,12.48,4744.96
4317,08/05/2026 07:51:43,12.57,6999.04
4318,08/05/2026 08:06:43,12.78,7334.40
4319,08/05/2026 08:21:43,13.47,8778.24
4320,08/05/2026 08:36:43,13.68,11207.68
4321,08/05/2026 08:51:43,13.98,11796.48
4322,08/05/2026 09:06:43,14.28,21166.08
4323,08/05/2026 09:21:43,14.45,21493.76
4324,08/05/2026 09:36:43,14.41,13644.80
4325,08/05/2026 09:51:43,14.28,18037.76
4326,08/05/2026 10:06:43,14.75,18252.80
4327,08/05/2026 10:21:43,14.67,15129.60
4328,08/05/2026 10:36:43,14.80,19758.08
4329,08/05/2026 10:51:43,15.14,38195.20
4330,08/05/2026 11:06:43,15.44,23961.60
4331,08/05/2026 11:21:43,15.57,25763.84
4332,08/05/2026 11:36:43,15.53,28794.88
4333,08/05/2026 11:51:43,15.83,26193.92
4334,08/05/2026 12:06:43,16.69,24197.12
4335,08/05/2026 12:21:43,16.34,23080.96
4336,08/05/2026 12:36:43,15.57,23623.68
4337,08/05/2026 12:51:43,15.40,27494.40
4338,08/05/2026 13:06:43,15.53,31272.96
4339,08/05/2026 13:21:43,15.36,28231.68
4340,08/05/2026 13:36:43,14.80,35225.60
4341,08/05/2026 13:51:43,14.37,18524.16
4342,08/05/2026 14:06:43,14.75,36874.24
4343,08/05/2026 14:21:43,14.54,22251.52
4344,08/05/2026 14:36:43,13.94,19916.80
4345,08/05/2026 14:51:43,13.68,28907.52
4346,08/05/2026 15:06:43,13.85,20884.48
4347,08/05/2026 15:21:43,13.81,21104.64
4348,08/05/2026 15:36:43,13.81,14049.28
4349,08/05/2026 15:51:43,13.68,17602.56
4350,08/05/2026 16:06:43,13.81,18903.04
4351,08/05/2026 16:21:43,13.81,13824.00
4352,08/05/2026 16:36:43,13.68,13204.48
4353,08/05/2026 16:51:43,13.64,10915.84
4354,08/05/2026 17:06:43,13.77,10165.76
4355,08/05/2026 17:21:43,13.68,13880.32
4356,08/05/2026 17:36:43,13.60,8673.28
4357,08/05/2026 17:51:43,13.55,11248.64
4358,08/05/2026 18:06:43,13.47,7055.36
4359,08/05/2026 18:21:43,13.55,7856.64
4360,08/05/2026 18:36:43,13.68,9397.76
4361,08/05/2026 18:51:43,13.94,7779.84
4362,08/05/2026 19:06:43,13.94,4505.60
4363,08/05/2026 19:21:43,14.07,5223.68
4364,08/05/2026 19:36:43,13.94,1885.44
4365,08/05/2026 19:51:43,13.85,1735.68
4366,08/05/2026 20:06:43,14.37,1415.04
4367,08/05/2026 20:21:43,15.23,1089.60
4368,08/05/2026 20:36:43,15.40,710.40
4369,08/05/2026 20:51:43,14.93,371.04
4370,08/05/2026 21:06:43,14.75,117.48
4371,08/05/2026 21:21:43,14.54,25.36
4372,08/05/2026 21:36:43,14.75,2.85
4373,08/05/2026 21:51:43,14.80,0.21
4374,08/05/2026 22:06:43,14.97,0.00
4375,08/05/2026 22:21:43,15.06,0.00
4376,08/05/2026 22:36:43,15.01,0.00
4377,08/05/2026 22:51:43,15.23,0.00
4378,08/05/2026 23:06:43,15.27,0.00
4379,08/05/2026 23:21:43,15.23,0.00
4380,08/05/2026 23:36:43,15.23,0.00
4381,08/05/2026 23:51:43,15.18,0.00
4382,08/06/2026 00:06:43,15.18,0.00
4383,08/06/2026 00:21:43,15.18,0.00
4384,08/06/2026 00:36:43,15.14,0.00
4385,08/06/2026 00:51:43,15.14,0.00
4386,08/06/2026 01:06:43,15.14,0.00
4387,08/06/2026 01:21:43,15.06,0.00
4388,08/06/2026 01:36:43,15.06,0.00
4389,08/06/2026 01:51:43,15.01,0.00
4390,08/06/2026 02:06:43,15.01,0.00
4391,08/06/2026 02:21:43,14.97,0.00
4392,08/06/2026 02:36:43,14.97,0.00
4393,08/06/2026 02:51:43,14.88,0.00
4394,08/06/2026 03:06:43,14.84,0.00
4395,08/06/2026 03:21:43,14.84,0.00
4396,08/06/2026 03:36:43,14.88,0.00
4397,08/06/2026 03:51:43,14.84,0.00
4398,08/06/2026 04:06:43,14.80,0.00
4399,08/06/2026 04:21:43,14.84,0.00
4400,08/06/2026 04:36:43,14.75,0.00
4401,08/06/2026 04:51:43,14.75,0.00
4402,08/06/2026 05:06:43,14.67,1.09
4403,08/06/2026 05:21:43,14.63,11.87
4404,08/06/2026 05:36:43,14.67,62.22
4405,08/06/2026 05:51:43,14.67,176.64
4406,08/06/2026 06:06:43,14.63,478.72
4407,08/06/2026 06:21:43,14.71,789.12
4408,08/06/2026 06:36:43,14.71,1215.36
4409,08/06/2026 06:51:43,14.67,1632.00
4410,08/06/2026 07:06:43,14.75,2581.76
4411,08/06/2026 07:21:43,14.93,3198.72
4412,08/06/2026 07:36:43,15.14,4712.96
4413,08/06/2026 07:51:43,15.18,6581.76
4414,08/06/2026 08:06:43,15.27,7183.36
4415,08/06/2026 08:21:43,15.36,9349.12
4416,08/06/2026 08:36:43,15.53,10880.00
4417,08/06/2026 08:51:43,15.87,13603.84
4418,08/06/2026 09:06:43,15.70,11064.32
4419,08/06/2026 09:21:43,15.91,16875.52
4420,08/06/2026 09:36:43,16.08,14489.60
4421,08/06/2026 09:51:43,16.39,12078.08
4422,08/06/2026 10:06:43,16.51,15759.36
4423,08/06/2026 10:21:43,16.60,17986.56
4424,08/06/2026 10:36:43,16.77,15319.04
4425,08/06/2026 10:51:43,16.86,23900.16
4426,08/06/2026 11:06:43,16.94,16803.84
4427,08/06/2026 11:21:43,17.07,20572.16
4428,08/06/2026 11:36:43,17.20,28139.52
4429,08/06/2026 11:51:43,17.03,17858.56
4430,08/06/2026 12:06:43,17.20,21893.12
4431,08/06/2026 12:21:43,22.91,50933.76
4432,08/06/2026 12:36:43,28.14,9474.56
4433,08/06/2026 12:51:43,25.01,2400.64
4434,08/06/2026 13:06:43,27.80,19732.48
4435,08/06/2026 13:21:43,19.17,831.36
4436,08/06/2026 13:36:43,22.22,2694.40
4437,08/06/2026 13:51:43,23.38,2108.80
4438,08/06/2026 14:06:43,21.10,539.52
4439,08/06/2026 14:21:43,23.12,14295.04
4440,08/06/2026 14:36:43,34.92,8680.96
4441,08/06/2026 14:51:43,39.89,9018.88
4442,08/06/2026 15:06:43,35.90,9699.84
4443,08/06/2026 15:21:43,35.56,9341.44
4444,08/06/2026 15:36:43,34.45,9405.44
4445,08/06/2026 15:51:43,33.76,11740.16
4446,08/06/2026 16:06:43,33.37,9807.36
4447,08/06/2026 16:21:43,32.00,15534.08
4448,08/06/2026 16:36:43,31.36,9960.96
4449,08/06/2026 16:51:43,32.17,11944.96
4450,08/06/2026 17:06:43,32.17,15815.68
4451,08/06/2026 17:21:43,32.13,12154.88
4452,08/06/2026 17:36:43,32.13,14899.20
4453,08/06/2026 17:51:43,30.20,35624.96
4454,08/06/2026 18:06:43,21.62,83.96
4455,08/06/2026 18:21:43,25.91,35932.16
4456,08/06/2026 18:36:43,24.79,0.00
4457,08/06/2026 18:51:43,25.22,0.00
4458,08/06/2026 19:06:43,25.61,0.00
4459,08/06/2026 19:21:43,25.69,0.00
4460,08/06/2026 19:36:43,25.39,0.00
4461,08/06/2026 19:51:43,24.92,5.05
4462,08/06/2026 20:06:43,25.69,126.20
4463,08/06/2026 20:21:43,27.20,122.68
4464,08/06/2026 20:36:43,27.58,1.09
4465,08/06/2026 20:51:43,27.41,0.21
4466,08/06/2026 21:06:43,27.20,0.00
4467,08/06/2026 21:21:43,26.98,0.00
4468,08/06/2026 21:36:43,26.81,0.00
4469,08/06/2026 21:51:43,26.60,0.00
4470,08/06/2026 22:06:43,26.47,0.00
4471,08/06/2026 22:21:43,26.38,0.00
4472,08/06/2026 22:36:43,26.21,0.00
4473,08/06/2026 22:51:43,26.08,0.00
4474,08/06/2026 23:06:43,25.99,0.00
4475,08/06/2026 23:21:43,25.82,0.00
4476,08/06/2026 23:36:43,25.69,0.00
4477,08/06/2026 23:51:43,25.61,0.00
4478,08/07/2026 00:06:43,25.48,0.00
4479,08/07/2026 00:21:43,25.35,0.00
4480,08/07/2026 00:36:43,25.22,0.00
4481,08/07/2026 00:51:43,25.18,0.43
4482,08/07/2026 01:06:43,25.09,0.00
4483,08/07/2026 01:21:43,25.01,0.00
4484,08/07/2026 01:36:43,24.88,0.00
4485,08/07/2026 01:51:43,24.79,0.00
4486,08/07/2026 02:06:43,24.71,0.00
4487,08/07/2026 02:21:43,24.62,0.00
4488,08/07/2026 02:36:43,24.58,0.00
4489,08/07/2026 02:51:43,24.45,0.00
4490,08/07/2026 03:06:43,24.41,0.00
4491,08/07/2026 03:21:43,24.36,0.00
4492,08/07/2026 03:36:43,24.24,0.00
4493,08/07/2026 03:51:43,24.15,0.00
4494,08/07/2026 04:06:43,24.11,0.00
4495,08/07/2026 04:21:43,23.98,0.00
4496,08/07/2026 04:36:43,23.89,0.00
4497,08/07/2026 04:51:43,23.85,0.00
4498,08/07/2026 05:06:43,23.76,0.00
4499,08/07/2026 05:21:43,23.68,0.00
4500,08/07/2026 05:36:43,23.59,0.00
4501,08/07/2026 05:51:43,23.51,0.65
4502,08/07/2026 06:06:43,23.42,1.97
4503,08/07/2026 06:21:43,23.34,3.73
4504,08/07/2026 06:36:43,23.34,4.39
4505,08/07/2026 06:51:43,23.29,6.37
4506,08/07/2026 07:06:43,23.21,20.06
4507,08/07/2026 07:21:43,23.21,45.12
4508,08/07/2026 07:36:43,23.21,45.12
4509,08/07/2026 07:51:43,23.21,36.22
4510,08/07/2026 08:06:43,23.21,18.77
4511,08/07/2026 08:21:43,23.21,24.02
4512,08/07/2026 08:36:43,23.21,32.04
4513,08/07/2026 08:51:43,23.16,21.60
4514,08/07/2026 09:06:43,23.16,52.60
4515,08/07/2026 09:21:43,23.46,163.32
4516,08/07/2026 09:36:43,23.94,142.88
4517,08/07/2026 09:51:43,24.32,145.64
4518,08/07/2026 10:06:43,24.54,148.28
4519,08/07/2026 10:21:43,24.71,142.12
4520,08/07/2026 10:36:43,24.84,141.24
4521,08/07/2026 10:51:43,24.97,142.12
4522,08/07/2026 11:06:43,25.09,143.00
4523,08/07/2026 11:21:43,25.14,144.76
