#,Date-Time (EDT),"Temperature , øC","Light , lux"
1,06/21/2026 08:57:16,20.50,207.92
2,06/21/2026 09:12:16,21.45,304.00
3,06/21/2026 09:27:16,19.95,301.36
4,06/21/2026 09:42:16,13.60,1394.56
5,06/21/2026 09:57:16,12.57,1657.60
6,06/21/2026 10:12:16,15.10,47984.64
7,06/21/2026 10:27:16,17.33,24954.88
8,06/21/2026 10:42:16,22.56,38604.80
9,06/21/2026 10:57:16,21.23,15979.52
10,06/21/2026 11:12:16,23.81,80281.60
11,06/21/2026 11:27:16,13.94,16660.48
12,06/21/2026 11:42:16,16.43,23490.56
13,06/21/2026 11:57:16,18.14,23459.84
14,06/21/2026 12:12:16,17.03,40120.32
15,06/21/2026 12:27:16,19.26,46714.88
16,06/21/2026 12:42:16,17.59,64716.80
17,06/21/2026 12:57:16,17.84,72663.04
18,06/21/2026 13:12:16,18.62,66560.00
19,06/21/2026 13:27:16,15.44,40038.40
20,06/21/2026 13:42:16,22.26,80875.52
21,06/21/2026 13:57:16,24.32,79585.28
22,06/21/2026 14:12:16,24.66,69263.36
23,06/21/2026 14:27:16,22.78,25958.40
24,06/21/2026 14:42:16,16.30,5006.08
25,06/21/2026 14:57:16,21.96,2243.84
26,06/21/2026 15:12:16,19.30,36495.36
27,06/21/2026 15:27:16,21.06,32245.76
28,06/21/2026 15:42:16,22.61,30586.88
29,06/21/2026 15:57:16,19.77,3248.64
30,06/21/2026 16:12:16,11.19,7249.92
31,06/21/2026 16:27:16,11.07,18800.64
32,06/21/2026 16:42:16,14.67,30648.32
33,06/21/2026 16:57:16,23.85,77148.16
34,06/21/2026 17:12:16,16.99,0.00
35,06/21/2026 17:27:16,15.78,0.00
36,06/21/2026 17:42:16,18.70,198.16
37,06/21/2026 17:57:16,21.45,379.36
38,06/21/2026 18:12:16,22.43,398.40
39,06/21/2026 18:27:16,23.25,434.56
40,06/21/2026 18:42:16,23.76,476.48
41,06/21/2026 18:57:16,24.15,581.76
42,06/21/2026 19:12:16,24.45,571.84
43,06/21/2026 19:27:16,24.88,527.36
44,06/21/2026 19:42:16,25.01,108.12
45,06/21/2026 19:57:16,25.14,102.88
46,06/21/2026 20:12:16,25.22,102.88
47,06/21/2026 20:27:16,25.44,98.52
48,06/21/2026 20:42:16,25.61,98.40
49,06/21/2026 20:57:16,25.82,97.56
50,06/21/2026 21:12:16,25.91,95.80
51,06/21/2026 21:27:16,26.47,16.27
52,06/21/2026 21:42:16,27.32,40.94
53,06/21/2026 21:57:16,22.86,45.72
54,06/21/2026 22:12:16,17.59,42.68
55,06/21/2026 22:27:16,20.89,43.12
56,06/21/2026 22:42:16,22.48,42.68
57,06/21/2026 22:57:16,23.16,43.12
58,06/21/2026 23:12:16,23.55,42.68
59,06/21/2026 23:27:16,23.76,41.80
60,06/21/2026 23:42:16,23.98,41.36
61,06/21/2026 23:57:16,24.02,0.00
62,06/22/2026 00:12:16,23.81,0.00
63,06/22/2026 00:27:16,23.72,0.00
64,06/22/2026 00:42:16,23.55,0.00
65,06/22/2026 00:57:16,23.42,0.00
66,06/22/2026 01:12:16,23.29,0.00
67,06/22/2026 01:27:16,23.16,0.00
68,06/22/2026 01:42:16,22.99,0.00
69,06/22/2026 01:57:16,22.82,0.00
70,06/22/2026 02:12:16,22.69,0.00
71,06/22/2026 02:27:16,22.61,0.00
72,06/22/2026 02:42:16,22.52,0.00
73,06/22/2026 02:57:16,22.39,0.00
74,06/22/2026 03:12:16,22.22,0.00
75,06/22/2026 03:27:16,22.09,0.00
76,06/22/2026 03:42:16,22.01,0.00
77,06/22/2026 03:57:16,21.88,0.21
78,06/22/2026 04:12:16,21.75,0.21
79,06/22/2026 04:27:16,21.66,0.43
80,06/22/2026 04:42:16,21.58,1.96
81,06/22/2026 04:57:16,21.49,5.25
82,06/22/2026 05:12:16,21.32,12.68
83,06/22/2026 05:27:16,21.28,20.58
84,06/22/2026 05:42:16,21.19,35.93
85,06/22/2026 05:57:16,21.10,60.04
86,06/22/2026 06:12:16,21.06,73.60
87,06/22/2026 06:27:16,21.06,99.08
88,06/22/2026 06:42:16,21.06,109.64
89,06/22/2026 06:57:16,21.06,107.80
90,06/22/2026 07:12:16,21.15,137.60
91,06/22/2026 07:27:16,21.23,153.40
92,06/22/2026 07:42:16,21.28,253.44
93,06/22/2026 07:57:16,21.45,361.92
94,06/22/2026 08:12:16,21.49,285.68
95,06/22/2026 08:27:16,21.75,1299.52
96,06/22/2026 08:42:16,18.14,1938.56
97,06/22/2026 08:57:16,16.90,0.00
98,06/22/2026 09:12:16,18.53,3612.16
99,06/22/2026 09:27:16,18.14,125.32
100,06/22/2026 09:42:16,15.78,220.16
101,06/22/2026 09:57:16,17.07,81.06
102,06/22/2026 10:12:16,18.92,88.52
103,06/22/2026 10:27:16,22.39,2069.76
104,06/22/2026 10:42:16,11.02,1411.84
105,06/22/2026 10:57:16,12.87,1566.08
106,06/22/2026 11:12:16,13.25,1706.88
107,06/22/2026 11:27:16,12.82,1529.60
108,06/22/2026 11:42:16,13.00,2313.60
109,06/22/2026 11:57:16,13.90,2693.12
110,06/22/2026 12:12:16,15.14,48680.96
111,06/22/2026 12:27:16,8.71,2780.16
112,06/22/2026 12:42:16,15.01,13475.84
113,06/22/2026 12:57:16,13.17,7132.16
114,06/22/2026 13:12:16,11.71,43847.68
115,06/22/2026 13:27:16,11.49,39147.52
116,06/22/2026 13:42:16,11.02,22794.24
117,06/22/2026 13:57:16,10.85,44912.64
118,06/22/2026 14:12:16,10.68,33792.00
119,06/22/2026 14:27:16,10.42,40970.24
120,06/22/2026 14:42:16,9.99,41420.80
121,06/22/2026 14:57:16,9.78,34211.84
122,06/22/2026 15:12:16,9.22,22220.80
123,06/22/2026 15:27:16,8.71,32624.64
124,06/22/2026 15:42:16,9.18,22906.88
125,06/22/2026 15:57:16,9.95,12477.44
126,06/22/2026 16:12:16,8.58,14812.16
127,06/22/2026 16:27:16,9.09,21893.12
128,06/22/2026 16:42:16,8.88,14638.08
129,06/22/2026 16:57:16,7.72,25016.32
130,06/22/2026 17:12:16,7.33,13598.72
131,06/22/2026 17:27:16,6.56,6737.92
132,06/22/2026 17:42:16,6.35,7016.96
133,06/22/2026 17:57:16,7.38,15037.44
134,06/22/2026 18:12:16,8.45,5205.76
135,06/22/2026 18:27:16,8.23,4933.12
136,06/22/2026 18:42:16,8.19,11704.32
137,06/22/2026 18:57:16,7.93,7454.72
138,06/22/2026 19:12:16,7.33,3763.20
139,06/22/2026 19:27:16,6.99,2583.68
140,06/22/2026 19:42:16,7.08,1677.44
141,06/22/2026 19:57:16,6.43,1769.60
142,06/22/2026 20:12:16,6.22,1812.48
143,06/22/2026 20:27:16,6.43,1268.16
144,06/22/2026 20:42:16,6.99,624.48
145,06/22/2026 20:57:16,6.90,491.20
146,06/22/2026 21:12:16,6.82,287.44
147,06/22/2026 21:27:16,7.03,172.56
148,06/22/2026 21:42:16,6.95,75.84
149,06/22/2026 21:57:16,6.78,32.44
150,06/22/2026 22:12:16,6.78,4.79
151,06/22/2026 22:27:16,6.86,1.08
152,06/22/2026 22:42:16,6.90,0.00
153,06/22/2026 22:57:16,6.95,0.00
154,06/22/2026 23:12:16,6.90,0.00
155,06/22/2026 23:27:16,6.90,0.00
156,06/22/2026 23:42:16,6.90,0.00
157,06/22/2026 23:57:16,6.73,0.00
158,06/23/2026 00:12:16,6.99,0.00
159,06/23/2026 00:27:16,6.48,0.00
160,06/23/2026 00:42:16,6.69,0.00
161,06/23/2026 00:57:16,7.12,0.00
162,06/23/2026 01:12:16,7.08,0.00
163,06/23/2026 01:27:16,6.95,0.00
164,06/23/2026 01:42:16,6.90,0.00
165,06/23/2026 01:57:16,6.95,0.00
166,06/23/2026 02:12:16,7.03,0.21
167,06/23/2026 02:27:16,6.86,0.00
168,06/23/2026 02:42:16,6.78,0.00
169,06/23/2026 02:57:16,6.82,0.00
170,06/23/2026 03:12:16,6.82,0.00
171,06/23/2026 03:27:16,6.99,0.00
172,06/23/2026 03:42:16,6.90,0.00
173,06/23/2026 03:57:16,6.69,0.21
174,06/23/2026 04:12:16,6.82,2.39
175,06/23/2026 04:27:16,6.69,12.25
176,06/23/2026 04:42:16,6.78,50.36
177,06/23/2026 04:57:16,6.73,150.56
178,06/23/2026 05:12:16,6.73,303.76
179,06/23/2026 05:27:16,6.95,565.76
180,06/23/2026 05:42:16,6.82,777.28
181,06/23/2026 05:57:16,6.78,1133.12
182,06/23/2026 06:12:16,6.73,1662.08
183,06/23/2026 06:27:16,6.82,2029.44
184,06/23/2026 06:42:16,6.48,2790.40
185,06/23/2026 06:57:16,6.35,2597.12
186,06/23/2026 07:12:16,6.48,3746.56
187,06/23/2026 07:27:16,6.60,5194.24
188,06/23/2026 07:42:16,6.78,5250.56
189,06/23/2026 07:57:16,6.86,11310.08
190,06/23/2026 08:12:16,6.95,7664.64
191,06/23/2026 08:27:16,7.03,11857.92
192,06/23/2026 08:42:16,7.29,6947.84
193,06/23/2026 08:57:16,7.46,10040.32
194,06/23/2026 09:12:16,7.63,12354.56
195,06/23/2026 09:27:16,7.72,12293.12
196,06/23/2026 09:42:16,7.81,21667.84
197,06/23/2026 09:57:16,7.98,27852.80
198,06/23/2026 10:12:16,8.11,33239.04
199,06/23/2026 10:27:16,8.36,37017.60
200,06/23/2026 10:42:16,8.53,44441.60
201,06/23/2026 10:57:16,8.79,40048.64
202,06/23/2026 11:12:16,9.18,41512.96
203,06/23/2026 11:27:16,9.26,49848.32
204,06/23/2026 11:42:16,9.35,61952.00
205,06/23/2026 11:57:16,9.35,42618.88
206,06/23/2026 12:12:16,9.56,47001.60
207,06/23/2026 12:27:16,9.86,48455.68
208,06/23/2026 12:42:16,9.91,49111.04
209,06/23/2026 12:57:16,9.91,55111.68
210,06/23/2026 13:12:16,10.21,81367.04
211,06/23/2026 13:27:16,10.64,56913.92
212,06/23/2026 13:42:16,10.51,30044.16
213,06/23/2026 13:57:16,8.92,42004.48
214,06/23/2026 14:12:16,9.09,49704.96
215,06/23/2026 14:27:16,9.05,39157.76
216,06/23/2026 14:42:16,8.83,40345.60
217,06/23/2026 14:57:16,9.01,36034.56
218,06/23/2026 15:12:16,9.01,31559.68
219,06/23/2026 15:27:16,8.96,39137.28
220,06/23/2026 15:42:16,9.09,37099.52
221,06/23/2026 15:57:16,9.18,43479.04
222,06/23/2026 16:12:16,9.14,32962.56
223,06/23/2026 16:27:16,9.18,32245.76
224,06/23/2026 16:42:16,9.09,20730.88
225,06/23/2026 16:57:16,9.01,22405.12
226,06/23/2026 17:12:16,8.96,17454.08
227,06/23/2026 17:27:16,9.05,14658.56
228,06/23/2026 17:42:16,8.96,16332.80
229,06/23/2026 17:57:16,8.96,11371.52
230,06/23/2026 18:12:16,8.92,13670.40
231,06/23/2026 18:27:16,8.79,14673.92
232,06/23/2026 18:42:16,8.75,12876.80
233,06/23/2026 18:57:16,8.92,14556.16
234,06/23/2026 19:12:16,8.75,5427.20
235,06/23/2026 19:27:16,8.75,4581.12
236,06/23/2026 19:42:16,8.71,4965.12
237,06/23/2026 19:57:16,8.62,3100.16
238,06/23/2026 20:12:16,8.75,3514.88
239,06/23/2026 20:27:16,8.83,2240.00
240,06/23/2026 20:42:16,8.96,1534.72
241,06/23/2026 20:57:16,9.01,1245.44
242,06/23/2026 21:12:16,8.45,820.48
243,06/23/2026 21:27:16,8.71,443.68
244,06/23/2026 21:42:16,8.75,206.64
245,06/23/2026 21:57:16,8.53,69.18
246,06/23/2026 22:12:16,8.53,15.76
247,06/23/2026 22:27:16,8.41,3.26
248,06/23/2026 22:42:16,8.28,0.65
249,06/23/2026 22:57:16,8.28,0.00
250,06/23/2026 23:12:16,8.32,0.00
251,06/23/2026 23:27:16,8.32,0.00
252,06/23/2026 23:42:16,8.23,0.00
253,06/23/2026 23:57:16,7.93,0.00
254,06/24/2026 00:12:16,7.89,0.00
255,06/24/2026 00:27:16,7.89,0.00
256,06/24/2026 00:42:16,7.85,0.00
257,06/24/2026 00:57:16,7.81,0.00
258,06/24/2026 01:12:16,8.66,0.00
259,06/24/2026 01:27:16,9.78,0.00
260,06/24/2026 01:42:16,9.44,0.00
261,06/24/2026 01:57:16,9.35,0.00
262,06/24/2026 02:12:16,9.35,0.00
263,06/24/2026 02:27:16,9.31,0.00
264,06/24/2026 02:42:16,9.22,0.00
265,06/24/2026 02:57:16,9.18,0.00
266,06/24/2026 03:12:16,9.22,0.00
267,06/24/2026 03:27:16,9.22,0.00
268,06/24/2026 03:42:16,9.18,0.00
269,06/24/2026 03:57:16,9.18,0.65
270,06/24/2026 04:12:16,9.22,3.92
271,06/24/2026 04:27:16,9.09,18.62
272,06/24/2026 04:42:16,9.09,74.86
273,06/24/2026 04:57:16,9.18,206.64
274,06/24/2026 05:12:16,9.01,396.64
275,06/24/2026 05:27:16,8.83,678.40
276,06/24/2026 05:42:16,8.92,992.00
277,06/24/2026 05:57:16,9.05,1317.12
278,06/24/2026 06:12:16,8.92,1537.28
279,06/24/2026 06:27:16,9.09,2154.88
280,06/24/2026 06:42:16,9.09,2473.60
281,06/24/2026 06:57:16,9.14,2555.52
282,06/24/2026 07:12:16,9.18,5844.48
283,06/24/2026 07:27:16,9.09,5068.80
284,06/24/2026 07:42:16,9.05,4623.36
285,06/24/2026 07:57:16,9.09,4627.20
286,06/24/2026 08:12:16,9.05,5434.88
287,06/24/2026 08:27:16,9.09,5975.04
288,06/24/2026 08:42:16,9.35,10526.72
289,06/24/2026 08:57:16,9.35,9538.56
290,06/24/2026 09:12:16,9.52,13168.64
291,06/24/2026 09:27:16,9.78,10076.16
292,06/24/2026 09:42:16,10.72,30208.00
293,06/24/2026 09:57:16,10.98,33587.20
294,06/24/2026 10:12:16,11.24,32911.36
295,06/24/2026 10:27:16,11.41,32051.20
296,06/24/2026 10:42:16,11.71,37928.96
297,06/24/2026 10:57:16,11.97,41543.68
298,06/24/2026 11:12:16,12.31,40652.80
299,06/24/2026 11:27:16,12.52,48762.88
300,06/24/2026 11:42:16,12.82,42311.68
301,06/24/2026 11:57:16,12.91,45219.84
302,06/24/2026 12:12:16,13.04,69263.36
303,06/24/2026 12:27:16,13.21,59310.08
304,06/24/2026 12:42:16,13.43,66334.72
305,06/24/2026 12:57:16,13.68,62382.08
306,06/24/2026 13:12:16,13.81,49971.20
307,06/24/2026 13:27:16,13.85,65720.32
308,06/24/2026 13:42:16,13.68,62873.60
309,06/24/2026 13:57:16,13.81,50708.48
310,06/24/2026 14:12:16,14.03,67665.92
311,06/24/2026 14:27:16,14.24,52101.12
312,06/24/2026 14:42:16,13.90,40990.72
313,06/24/2026 14:57:16,13.64,45629.44
314,06/24/2026 15:12:16,13.73,46243.84
315,06/24/2026 15:27:16,13.51,53268.48
316,06/24/2026 15:42:16,12.82,38522.88
317,06/24/2026 15:57:16,12.87,36945.92
318,06/24/2026 16:12:16,12.61,24412.16
319,06/24/2026 16:27:16,12.57,29276.16
320,06/24/2026 16:42:16,12.87,44359.68
321,06/24/2026 16:57:16,12.91,19128.32
322,06/24/2026 17:12:16,12.74,17817.60
323,06/24/2026 17:27:16,12.61,21053.44
324,06/24/2026 17:42:16,11.02,19440.64
325,06/24/2026 17:57:16,11.24,11648.00
326,06/24/2026 18:12:16,12.01,12846.08
327,06/24/2026 18:27:16,11.97,11023.36
328,06/24/2026 18:42:16,11.92,8660.48
329,06/24/2026 18:57:16,11.67,6545.92
330,06/24/2026 19:12:16,11.54,5783.04
331,06/24/2026 19:27:16,11.75,4954.88
332,06/24/2026 19:42:16,11.75,4291.84
333,06/24/2026 19:57:16,11.62,3171.84
334,06/24/2026 20:12:16,11.24,2844.16
335,06/24/2026 20:27:16,11.07,2282.24
336,06/24/2026 20:42:16,11.49,1568.00
337,06/24/2026 20:57:16,11.79,1078.40
338,06/24/2026 21:12:16,11.92,716.80
339,06/24/2026 21:27:16,11.79,415.04
340,06/24/2026 21:42:16,11.67,194.40
341,06/24/2026 21:57:16,11.71,65.26
342,06/24/2026 22:12:16,11.67,15.76
343,06/24/2026 22:27:16,11.75,3.04
344,06/24/2026 22:42:16,11.79,0.21
345,06/24/2026 22:57:16,11.79,0.00
346,06/24/2026 23:12:16,11.84,0.00
347,06/24/2026 23:27:16,11.84,0.00
348,06/24/2026 23:42:16,11.84,0.00
349,06/24/2026 23:57:16,12.31,0.00
350,06/25/2026 00:12:16,12.91,0.00
351,06/25/2026 00:27:16,13.30,0.00
352,06/25/2026 00:42:16,13.34,0.00
353,06/25/2026 00:57:16,13.00,0.00
354,06/25/2026 01:12:16,13.08,0.00
355,06/25/2026 01:27:16,13.34,0.00
356,06/25/2026 01:42:16,13.08,0.00
357,06/25/2026 01:57:16,13.08,0.00
358,06/25/2026 02:12:16,13.00,0.00
359,06/25/2026 02:27:16,13.04,0.00
360,06/25/2026 02:42:16,13.00,0.00
361,06/25/2026 02:57:16,12.82,0.00
362,06/25/2026 03:12:16,12.61,0.00
363,06/25/2026 03:27:16,12.52,0.00
364,06/25/2026 03:42:16,12.44,0.00
365,06/25/2026 03:57:16,12.40,0.00
366,06/25/2026 04:12:16,12.35,1.30
367,06/25/2026 04:27:16,12.22,5.25
368,06/25/2026 04:42:16,12.22,25.39
369,06/25/2026 04:57:16,12.18,81.54
370,06/25/2026 05:12:16,11.97,232.08
371,06/25/2026 05:27:16,11.84,415.84
372,06/25/2026 05:42:16,11.75,1053.76
373,06/25/2026 05:57:16,11.71,1443.20
374,06/25/2026 06:12:16,11.54,1893.76
375,06/25/2026 06:27:16,11.45,2210.56
376,06/25/2026 06:42:16,11.41,2810.88
377,06/25/2026 06:57:16,11.37,3248.64
378,06/25/2026 07:12:16,11.41,3832.32
379,06/25/2026 07:27:16,11.28,5693.44
380,06/25/2026 07:42:16,11.19,5588.48
381,06/25/2026 07:57:16,11.11,7191.04
382,06/25/2026 08:12:16,11.15,8053.76
383,06/25/2026 08:27:16,10.94,9587.20
384,06/25/2026 08:42:16,10.85,10967.04
385,06/25/2026 08:57:16,10.72,13189.12
386,06/25/2026 09:12:16,11.07,14366.72
387,06/25/2026 09:27:16,11.07,17013.76
388,06/25/2026 09:42:16,11.15,17950.72
389,06/25/2026 09:57:16,12.14,23193.60
390,06/25/2026 10:12:16,12.95,12846.08
391,06/25/2026 10:27:16,14.15,27484.16
392,06/25/2026 10:42:16,14.63,33208.32
393,06/25/2026 10:57:16,14.58,34877.44
394,06/25/2026 11:12:16,14.93,39495.68
395,06/25/2026 11:27:16,15.23,34488.32
396,06/25/2026 11:42:16,15.06,53841.92
397,06/25/2026 11:57:16,15.06,49520.64
398,06/25/2026 12:12:16,15.27,50421.76
399,06/25/2026 12:27:16,15.36,64696.32
400,06/25/2026 12:42:16,15.53,50114.56
401,06/25/2026 12:57:16,15.91,52080.64
402,06/25/2026 13:12:16,16.04,54517.76
403,06/25/2026 13:27:16,15.83,44544.00
404,06/25/2026 13:42:16,15.78,63119.36
405,06/25/2026 13:57:16,15.74,61624.32
406,06/25/2026 14:12:16,15.40,38789.12
407,06/25/2026 14:27:16,15.96,62115.84
408,06/25/2026 14:42:16,15.61,61952.00
409,06/25/2026 14:57:16,15.44,55930.88
410,06/25/2026 15:12:16,15.36,57405.44
411,06/25/2026 15:27:16,15.10,48107.52
412,06/25/2026 15:42:16,15.14,31324.16
413,06/25/2026 15:57:16,14.88,37478.40
414,06/25/2026 16:12:16,14.75,26398.72
415,06/25/2026 16:27:16,14.84,27361.28
416,06/25/2026 16:42:16,14.58,26808.32
417,06/25/2026 16:57:16,14.28,28385.28
418,06/25/2026 17:12:16,14.28,27136.00
419,06/25/2026 17:27:16,14.28,18380.80
420,06/25/2026 17:42:16,11.88,16527.36
421,06/25/2026 17:57:16,12.87,14679.04
422,06/25/2026 18:12:16,13.94,10319.36
423,06/25/2026 18:27:16,14.15,10193.92
424,06/25/2026 18:42:16,13.38,7134.72
425,06/25/2026 18:57:16,12.22,6799.36
426,06/25/2026 19:12:16,13.55,6069.76
427,06/25/2026 19:27:16,14.03,4522.24
428,06/25/2026 19:42:16,10.34,3877.12
429,06/25/2026 19:57:16,9.86,2959.36
430,06/25/2026 20:12:16,9.52,2737.92
431,06/25/2026 20:27:16,9.74,1907.20
432,06/25/2026 20:42:16,9.61,1371.52
433,06/25/2026 20:57:16,9.35,935.36
434,06/25/2026 21:12:16,9.61,584.80
435,06/25/2026 21:27:16,9.52,313.60
436,06/25/2026 21:42:16,9.44,123.48
437,06/25/2026 21:57:16,9.31,42.90
438,06/25/2026 22:12:16,9.31,10.48
439,06/25/2026 22:27:16,9.69,1.96
440,06/25/2026 22:42:16,11.28,0.00
441,06/25/2026 22:57:16,11.49,0.00
442,06/25/2026 23:12:16,11.19,0.00
443,06/25/2026 23:27:16,11.07,0.00
444,06/25/2026 23:42:16,10.72,0.00
445,06/25/2026 23:57:16,10.72,0.00
446,06/26/2026 00:12:16,11.07,0.00
447,06/26/2026 00:27:16,11.45,0.00
448,06/26/2026 00:42:16,11.32,0.00
449,06/26/2026 00:57:16,11.32,0.00
450,06/26/2026 01:12:16,11.07,0.00
451,06/26/2026 01:27:16,10.94,0.00
452,06/26/2026 01:42:16,10.85,0.00
453,06/26/2026 01:57:16,10.94,0.00
454,06/26/2026 02:12:16,11.07,0.00
455,06/26/2026 02:27:16,11.45,0.00
456,06/26/2026 02:42:16,11.32,0.00
457,06/26/2026 02:57:16,11.54,0.00
458,06/26/2026 03:12:16,11.11,0.00
459,06/26/2026 03:27:16,10.98,0.00
460,06/26/2026 03:42:16,11.07,0.00
461,06/26/2026 03:57:16,11.02,0.65
462,06/26/2026 04:12:16,11.02,4.13
463,06/26/2026 04:27:16,10.98,19.49
464,06/26/2026 04:42:16,10.98,84.16
465,06/26/2026 04:57:16,10.98,221.68
466,06/26/2026 05:12:16,10.98,479.04
467,06/26/2026 05:27:16,10.98,892.16
468,06/26/2026 05:42:16,10.98,1294.40
469,06/26/2026 05:57:16,10.98,1806.08
470,06/26/2026 06:12:16,11.02,2348.16
471,06/26/2026 06:27:16,11.11,2915.84
472,06/26/2026 06:42:16,11.19,3440.64
473,06/26/2026 06:57:16,11.32,4971.52
474,06/26/2026 07:12:16,11.58,4313.60
475,06/26/2026 07:27:16,11.88,5100.80
476,06/26/2026 07:42:16,11.88,6796.80
477,06/26/2026 07:57:16,12.01,6369.28
478,06/26/2026 08:12:16,11.84,8320.00
479,06/26/2026 08:27:16,12.14,9344.00
480,06/26/2026 08:42:16,12.01,8834.56
481,06/26/2026 08:57:16,12.01,11888.64
482,06/26/2026 09:12:16,12.18,19051.52
483,06/26/2026 09:27:16,12.91,17233.92
484,06/26/2026 09:42:16,13.00,13859.84
485,06/26/2026 09:57:16,13.30,16742.40
486,06/26/2026 10:12:16,13.47,31262.72
487,06/26/2026 10:27:16,13.85,23879.68
488,06/26/2026 10:42:16,14.03,31150.08
489,06/26/2026 10:57:16,14.24,33873.92
490,06/26/2026 11:12:16,14.37,23982.08
491,06/26/2026 11:27:16,14.37,38809.60
492,06/26/2026 11:42:16,14.80,43110.40
493,06/26/2026 11:57:16,14.97,30689.28
494,06/26/2026 12:12:16,15.18,56995.84
495,06/26/2026 12:27:16,15.40,44789.76
496,06/26/2026 12:42:16,15.36,41359.36
497,06/26/2026 12:57:16,15.06,62382.08
498,06/26/2026 13:12:16,15.01,47575.04
499,06/26/2026 13:27:16,15.40,41431.04
500,06/26/2026 13:42:16,14.50,50360.32
501,06/26/2026 13:57:16,15.23,38256.64
502,06/26/2026 14:12:16,15.44,44318.72
503,06/26/2026 14:27:16,15.57,43868.16
504,06/26/2026 14:42:16,15.91,38348.80
505,06/26/2026 14:57:16,14.67,10890.24
506,06/26/2026 15:12:16,14.45,11299.84
507,06/26/2026 15:27:16,14.58,8578.56
508,06/26/2026 15:42:16,14.80,4615.68
509,06/26/2026 15:57:16,14.63,2659.84
510,06/26/2026 16:12:16,14.63,3800.32
511,06/26/2026 16:27:16,14.67,4229.12
512,06/26/2026 16:42:16,14.67,4665.60
513,06/26/2026 16:57:16,14.71,5322.24
514,06/26/2026 17:12:16,14.80,4550.40
515,06/26/2026 17:27:16,14.84,5125.12
516,06/26/2026 17:42:16,14.84,5216.00
517,06/26/2026 17:57:16,13.12,5145.60
518,06/26/2026 18:12:16,13.08,5964.80
519,06/26/2026 18:27:16,15.10,10060.80
520,06/26/2026 18:42:16,15.44,7654.40
521,06/26/2026 18:57:16,14.37,4218.88
522,06/26/2026 19:12:16,11.58,4696.32
523,06/26/2026 19:27:16,11.02,3228.16
524,06/26/2026 19:42:16,10.46,2384.64
525,06/26/2026 19:57:16,11.58,1680.00
526,06/26/2026 20:12:16,10.98,568.32
527,06/26/2026 20:27:16,12.70,320.96
528,06/26/2026 20:42:16,13.25,278.72
529,06/26/2026 20:57:16,13.94,358.24
530,06/26/2026 21:12:16,13.77,252.40
531,06/26/2026 21:27:16,12.82,108.64
532,06/26/2026 21:42:16,12.82,36.75
533,06/26/2026 21:57:16,12.95,13.99
534,06/26/2026 22:12:16,13.08,2.83
535,06/26/2026 22:27:16,13.34,0.65
536,06/26/2026 22:42:16,13.34,0.00
537,06/26/2026 22:57:16,13.38,0.00
538,06/26/2026 23:12:16,13.38,0.00
539,06/26/2026 23:27:16,13.47,0.00
540,06/26/2026 23:42:16,13.43,0.00
541,06/26/2026 23:57:16,13.85,0.00
542,06/27/2026 00:12:16,14.03,0.00
543,06/27/2026 00:27:16,14.11,0.00
544,06/27/2026 00:42:16,14.11,0.00
545,06/27/2026 00:57:16,14.03,0.00
546,06/27/2026 01:12:16,13.90,0.00
547,06/27/2026 01:27:16,13.77,0.00
548,06/27/2026 01:42:16,13.77,0.00
549,06/27/2026 01:57:16,13.77,0.00
550,06/27/2026 02:12:16,13.90,0.00
551,06/27/2026 02:27:16,13.90,0.00
552,06/27/2026 02:42:16,13.98,0.00
553,06/27/2026 02:57:16,14.03,0.00
554,06/27/2026 03:12:16,13.90,0.00
555,06/27/2026 03:27:16,13.77,0.00
556,06/27/2026 03:42:16,14.45,0.00
557,06/27/2026 03:57:16,14.37,0.21
558,06/27/2026 04:12:16,14.33,3.26
559,06/27/2026 04:27:16,14.15,19.05
560,06/27/2026 04:42:16,14.07,85.04
561,06/27/2026 04:57:16,14.07,246.24
562,06/27/2026 05:12:16,14.15,464.16
563,06/27/2026 05:27:16,14.28,531.68
564,06/27/2026 05:42:16,14.41,609.28
565,06/27/2026 05:57:16,14.28,876.16
566,06/27/2026 06:12:16,14.33,1337.60
567,06/27/2026 06:27:16,14.15,1685.12
568,06/27/2026 06:42:16,13.98,1820.16
569,06/27/2026 06:57:16,14.07,2205.44
570,06/27/2026 07:12:16,14.11,3340.80
571,06/27/2026 07:27:16,14.03,3808.00
572,06/27/2026 07:42:16,14.45,5424.64
573,06/27/2026 07:57:16,14.54,5319.68
574,06/27/2026 08:12:16,14.50,6727.68
575,06/27/2026 08:27:16,14.45,5775.36
576,06/27/2026 08:42:16,14.45,4904.96
577,06/27/2026 08:57:16,14.24,4835.84
578,06/27/2026 09:12:16,14.28,4340.48
579,06/27/2026 09:27:16,14.37,6612.48
580,06/27/2026 09:42:16,14.33,10012.16
581,06/27/2026 09:57:16,13.77,9497.60
582,06/27/2026 10:12:16,13.25,11146.24
583,06/27/2026 10:27:16,14.15,12062.72
584,06/27/2026 10:42:16,14.24,13281.28
585,06/27/2026 10:57:16,14.15,16829.44
586,06/27/2026 11:12:16,14.20,23695.36
587,06/27/2026 11:27:16,14.11,30771.20
588,06/27/2026 11:42:16,13.77,16896.00
589,06/27/2026 11:57:16,14.11,17064.96
590,06/27/2026 12:12:16,14.41,21524.48
591,06/27/2026 12:27:16,14.50,25108.48
592,06/27/2026 12:42:16,15.27,46448.64
593,06/27/2026 12:57:16,15.27,47001.60
594,06/27/2026 13:12:16,15.57,49848.32
595,06/27/2026 13:27:16,16.26,48660.48
596,06/27/2026 13:42:16,16.08,55111.68
597,06/27/2026 13:57:16,16.04,53207.04
598,06/27/2026 14:12:16,16.34,43438.08
599,06/27/2026 14:27:16,16.56,46940.16
600,06/27/2026 14:42:16,16.64,46817.28
601,06/27/2026 14:57:16,16.94,38174.72
602,06/27/2026 15:12:16,16.94,47534.08
603,06/27/2026 15:27:16,17.07,39802.88
604,06/27/2026 15:42:16,16.99,59904.00
605,06/27/2026 15:57:16,17.16,43233.28
606,06/27/2026 16:12:16,17.33,43048.96
607,06/27/2026 16:27:16,17.41,37232.64
608,06/27/2026 16:42:16,17.20,32808.96
609,06/27/2026 16:57:16,16.94,32399.36
610,06/27/2026 17:12:16,16.86,20536.32
611,06/27/2026 17:27:16,16.69,28282.88
612,06/27/2026 17:42:16,16.56,17960.96
613,06/27/2026 17:57:16,16.34,17832.96
614,06/27/2026 18:12:16,16.08,16409.60
615,06/27/2026 18:27:16,15.36,11550.72
616,06/27/2026 18:42:16,15.44,10992.64
617,06/27/2026 18:57:16,15.91,7797.76
618,06/27/2026 19:12:16,15.87,6563.84
619,06/27/2026 19:27:16,15.91,6479.36
620,06/27/2026 19:42:16,15.87,5457.92
621,06/27/2026 19:57:16,16.00,3577.60
622,06/27/2026 20:12:16,14.88,2680.32
623,06/27/2026 20:27:16,14.41,1933.44
624,06/27/2026 20:42:16,14.07,1347.20
625,06/27/2026 20:57:16,14.07,925.76
626,06/27/2026 21:12:16,12.57,551.84
627,06/27/2026 21:27:16,13.17,317.92
628,06/27/2026 21:42:16,12.48,143.60
629,06/27/2026 21:57:16,12.95,45.08
630,06/27/2026 22:12:16,13.25,9.60
631,06/27/2026 22:27:16,13.85,1.30
632,06/27/2026 22:42:16,14.20,0.00
633,06/27/2026 22:57:16,14.15,0.00
634,06/27/2026 23:12:16,13.77,0.00
635,06/27/2026 23:27:16,14.75,0.00
636,06/27/2026 23:42:16,15.48,0.00
637,06/27/2026 23:57:16,15.57,0.00
638,06/28/2026 00:12:16,15.48,0.00
639,06/28/2026 00:27:16,15.53,0.00
640,06/28/2026 00:42:16,15.61,0.00
641,06/28/2026 00:57:16,15.61,0.00
642,06/28/2026 01:12:16,15.66,0.00
643,06/28/2026 01:27:16,15.74,0.00
644,06/28/2026 01:42:16,15.70,0.00
645,06/28/2026 01:57:16,15.87,0.00
646,06/28/2026 02:12:16,16.04,0.00
647,06/28/2026 02:27:16,16.00,0.00
648,06/28/2026 02:42:16,16.21,0.00
649,06/28/2026 02:57:16,16.08,0.00
650,06/28/2026 03:12:16,15.96,0.00
651,06/28/2026 03:27:16,15.87,0.00
652,06/28/2026 03:42:16,15.83,0.00
653,06/28/2026 03:57:16,15.83,0.21
654,06/28/2026 04:12:16,15.66,3.94
655,06/28/2026 04:27:16,15.57,24.55
656,06/28/2026 04:42:16,14.84,57.04
657,06/28/2026 04:57:16,15.23,237.76
658,06/28/2026 05:12:16,15.27,490.40
659,06/28/2026 05:27:16,15.14,769.92
660,06/28/2026 05:42:16,15.06,1254.40
661,06/28/2026 05:57:16,15.18,1584.00
662,06/28/2026 06:12:16,15.18,1529.60
663,06/28/2026 06:27:16,15.31,2677.76
664,06/28/2026 06:42:16,15.44,4494.08
665,06/28/2026 06:57:16,15.53,3808.00
666,06/28/2026 07:12:16,15.70,5573.12
667,06/28/2026 07:27:16,15.74,5529.60
668,06/28/2026 07:42:16,15.74,8870.40
669,06/28/2026 07:57:16,15.78,10542.08
670,06/28/2026 08:12:16,15.91,12513.28
671,06/28/2026 08:27:16,16.00,13301.76
672,06/28/2026 08:42:16,15.87,13184.00
673,06/28/2026 08:57:16,15.87,19015.68
674,06/28/2026 09:12:16,15.96,13404.16
675,06/28/2026 09:27:16,16.00,18611.20
676,06/28/2026 09:42:16,16.04,15477.76
677,06/28/2026 09:57:16,16.08,22804.48
678,06/28/2026 10:12:16,16.13,24801.28
679,06/28/2026 10:27:16,16.17,33505.28
680,06/28/2026 10:42:16,16.13,24494.08
681,06/28/2026 10:57:16,16.04,38072.32
682,06/28/2026 11:12:16,16.21,29603.84
683,06/28/2026 11:27:16,16.00,42188.80
684,06/28/2026 11:42:16,16.39,36208.64
685,06/28/2026 11:57:16,16.99,32266.24
686,06/28/2026 12:12:16,17.24,47083.52
687,06/28/2026 12:27:16,17.46,54968.32
688,06/28/2026 12:42:16,17.63,55808.00
689,06/28/2026 12:57:16,17.63,59719.68
690,06/28/2026 13:12:16,18.32,51650.56
691,06/28/2026 13:27:16,18.14,64860.16
692,06/28/2026 13:42:16,18.14,43417.60
693,06/28/2026 13:57:16,17.59,31170.56
694,06/28/2026 14:12:16,18.06,40724.48
695,06/28/2026 14:27:16,18.74,37867.52
696,06/28/2026 14:42:16,18.79,48332.80
697,06/28/2026 14:57:16,17.97,43110.40
698,06/28/2026 15:12:16,17.59,48414.72
699,06/28/2026 15:27:16,17.16,49766.40
700,06/28/2026 15:42:16,15.66,52039.68
701,06/28/2026 15:57:16,15.83,34119.68
702,06/28/2026 16:12:16,14.88,42823.68
703,06/28/2026 16:27:16,15.53,26808.32
704,06/28/2026 16:42:16,13.98,29808.64
705,06/28/2026 16:57:16,13.60,35287.04
706,06/28/2026 17:12:16,13.60,30668.80
707,06/28/2026 17:27:16,13.43,22036.48
708,06/28/2026 17:42:16,13.64,22036.48
709,06/28/2026 17:57:16,13.60,23859.20
710,06/28/2026 18:12:16,13.60,17879.04
711,06/28/2026 18:27:16,14.07,15477.76
712,06/28/2026 18:42:16,14.20,15247.36
713,06/28/2026 18:57:16,14.67,13552.64
714,06/28/2026 19:12:16,13.38,7726.08
715,06/28/2026 19:27:16,14.50,8729.60
716,06/28/2026 19:42:16,14.50,5128.96
717,06/28/2026 19:57:16,13.90,4264.96
718,06/28/2026 20:12:16,13.55,3411.20
719,06/28/2026 20:27:16,13.47,2145.92
720,06/28/2026 20:42:16,14.24,1619.20
721,06/28/2026 20:57:16,13.04,1093.12
722,06/28/2026 21:12:16,12.35,665.28
723,06/28/2026 21:27:16,12.27,344.96
724,06/28/2026 21:42:16,11.92,136.64
725,06/28/2026 21:57:16,11.45,42.46
726,06/28/2026 22:12:16,10.59,9.60
727,06/28/2026 22:27:16,11.07,1.52
728,06/28/2026 22:42:16,10.98,0.00
729,06/28/2026 22:57:16,11.19,0.00
730,06/28/2026 23:12:16,11.28,0.00
731,06/28/2026 23:27:16,10.94,0.00
732,06/28/2026 23:42:16,10.29,0.00
733,06/28/2026 23:57:16,9.91,0.00
734,06/29/2026 00:12:16,9.91,0.00
735,06/29/2026 00:27:16,10.34,0.00
736,06/29/2026 00:42:16,10.77,0.00
737,06/29/2026 00:57:16,11.75,0.00
738,06/29/2026 01:12:16,12.48,0.00
739,06/29/2026 01:27:16,12.44,0.00
740,06/29/2026 01:42:16,12.44,0.00
741,06/29/2026 01:57:16,12.74,0.00
742,06/29/2026 02:12:16,12.78,0.00
743,06/29/2026 02:27:16,12.82,0.00
744,06/29/2026 02:42:16,12.70,0.00
745,06/29/2026 02:57:16,12.48,0.00
746,06/29/2026 03:12:16,12.48,0.00
747,06/29/2026 03:27:16,12.95,0.00
748,06/29/2026 03:42:16,12.52,0.00
749,06/29/2026 03:57:16,12.87,0.43
750,06/29/2026 04:12:16,12.70,3.04
751,06/29/2026 04:27:16,12.44,17.28
752,06/29/2026 04:42:16,12.61,73.60
753,06/29/2026 04:57:16,12.95,220.80
754,06/29/2026 05:12:16,13.17,617.92
755,06/29/2026 05:27:16,13.08,1036.48
756,06/29/2026 05:42:16,12.57,2301.44
757,06/29/2026 05:57:16,13.08,2933.76
758,06/29/2026 06:12:16,13.21,3189.76
759,06/29/2026 06:27:16,12.91,6353.92
760,06/29/2026 06:42:16,13.38,6458.88
761,06/29/2026 06:57:16,13.51,7600.64
762,06/29/2026 07:12:16,13.64,8729.60
763,06/29/2026 07:27:16,13.64,8360.96
764,06/29/2026 07:42:16,13.85,7749.12
765,06/29/2026 07:57:16,14.11,8404.48
766,06/29/2026 08:12:16,14.03,8604.16
767,06/29/2026 08:27:16,13.85,16634.88
768,06/29/2026 08:42:16,13.30,14499.84
769,06/29/2026 08:57:16,13.94,16235.52
770,06/29/2026 09:12:16,14.41,12605.44
771,06/29/2026 09:27:16,13.81,22384.64
772,06/29/2026 09:42:16,14.07,23111.68
773,06/29/2026 09:57:16,14.28,17546.24
774,06/29/2026 10:12:16,14.15,19517.44
775,06/29/2026 10:27:16,14.58,30208.00
776,06/29/2026 10:42:16,13.77,19077.12
777,06/29/2026 10:57:16,13.17,24176.64
778,06/29/2026 11:12:16,13.21,33372.16
779,06/29/2026 11:27:16,11.62,21544.96
780,06/29/2026 11:42:16,11.11,15728.64
781,06/29/2026 11:57:16,11.02,16675.84
782,06/29/2026 12:12:16,11.97,20147.20
783,06/29/2026 12:27:16,14.28,20198.40
784,06/29/2026 12:42:16,14.11,13941.76
785,06/29/2026 12:57:16,14.41,9420.80
786,06/29/2026 13:12:16,15.01,9707.52
787,06/29/2026 13:27:16,15.48,14571.52
788,06/29/2026 13:42:16,15.66,9602.56
789,06/29/2026 13:57:16,15.91,8954.88
790,06/29/2026 14:12:16,16.04,10327.04
791,06/29/2026 14:27:16,16.17,13818.88
792,06/29/2026 14:42:16,16.08,10403.84
793,06/29/2026 14:57:16,16.17,11330.56
794,06/29/2026 15:12:16,16.26,11509.76
795,06/29/2026 15:27:16,16.39,10982.40
796,06/29/2026 15:42:16,16.17,10511.36
797,06/29/2026 15:57:16,16.08,13194.24
798,06/29/2026 16:12:16,15.87,9315.84
799,06/29/2026 16:27:16,15.78,3596.80
800,06/29/2026 16:42:16,15.74,2456.32
801,06/29/2026 16:57:16,15.40,2712.32
802,06/29/2026 17:12:16,15.53,3525.12
803,06/29/2026 17:27:16,15.61,3136.00
804,06/29/2026 17:42:16,15.40,3129.60
805,06/29/2026 17:57:16,14.07,4661.76
806,06/29/2026 18:12:16,12.78,8089.60
807,06/29/2026 18:27:16,10.34,6963.20
808,06/29/2026 18:42:16,9.22,4089.60
809,06/29/2026 18:57:16,9.05,1893.76
810,06/29/2026 19:12:16,9.05,2360.32
811,06/29/2026 19:27:16,9.01,1232.32
812,06/29/2026 19:42:16,8.88,1640.96
813,06/29/2026 19:57:16,8.79,994.56
814,06/29/2026 20:12:16,8.75,1100.16
815,06/29/2026 20:27:16,8.79,1377.92
816,06/29/2026 20:42:16,8.71,760.64
817,06/29/2026 20:57:16,8.66,172.64
818,06/29/2026 21:12:16,8.58,80.56
819,06/29/2026 21:27:16,8.62,72.18
820,06/29/2026 21:42:16,8.58,40.28
821,06/29/2026 21:57:16,8.58,11.16
822,06/29/2026 22:12:16,8.53,4.35
823,06/29/2026 22:27:16,8.45,0.43
824,06/29/2026 22:42:16,8.41,0.00
825,06/29/2026 22:57:16,8.45,0.00
826,06/29/2026 23:12:16,8.41,0.00
827,06/29/2026 23:27:16,8.36,0.00
828,06/29/2026 23:42:16,8.36,0.00
829,06/29/2026 23:57:16,8.41,0.00
830,06/30/2026 00:12:16,8.36,0.00
831,06/30/2026 00:27:16,8.32,0.00
832,06/30/2026 00:42:16,8.41,0.00
833,06/30/2026 00:57:16,8.32,0.00
834,06/30/2026 01:12:16,8.28,0.00
835,06/30/2026 01:27:16,8.19,0.00
836,06/30/2026 01:42:16,8.19,0.00
837,06/30/2026 01:57:16,8.15,0.00
838,06/30/2026 02:12:16,8.23,0.00
839,06/30/2026 02:27:16,9.48,0.00
840,06/30/2026 02:42:16,9.44,0.00
841,06/30/2026 02:57:16,9.82,0.00
842,06/30/2026 03:12:16,9.74,0.00
843,06/30/2026 03:27:16,10.46,0.00
844,06/30/2026 03:42:16,10.77,0.00
845,06/30/2026 03:57:16,11.07,0.00
846,06/30/2026 04:12:16,10.94,2.39
847,06/30/2026 04:27:16,10.51,9.60
848,06/30/2026 04:42:16,10.04,47.74
849,06/30/2026 04:57:16,9.95,125.32
850,06/30/2026 05:12:16,9.86,196.32
851,06/30/2026 05:27:16,9.95,334.72
852,06/30/2026 05:42:16,9.99,427.68
853,06/30/2026 05:57:16,10.12,1124.48
854,06/30/2026 06:12:16,10.25,2353.28
855,06/30/2026 06:27:16,10.12,2848.00
856,06/30/2026 06:42:16,10.25,1216.00
857,06/30/2026 06:57:16,9.95,2254.08
858,06/30/2026 07:12:16,10.21,6374.40
859,06/30/2026 07:27:16,10.12,6737.92
860,06/30/2026 07:42:16,9.99,5867.52
861,06/30/2026 07:57:16,9.44,7073.28
862,06/30/2026 08:12:16,9.99,13982.72
863,06/30/2026 08:27:16,9.91,13624.32
864,06/30/2026 08:42:16,9.35,12856.32
865,06/30/2026 08:57:16,9.48,11473.92
866,06/30/2026 09:12:16,9.39,10757.12
867,06/30/2026 09:27:16,9.01,9497.60
868,06/30/2026 09:42:16,9.09,12805.12
869,06/30/2026 09:57:16,9.18,11607.04
870,06/30/2026 10:12:16,9.56,29040.64
871,06/30/2026 10:27:16,9.61,29624.32
872,06/30/2026 10:42:16,9.52,18519.04
873,06/30/2026 10:57:16,9.86,9886.72
874,06/30/2026 11:12:16,9.78,14341.12
875,06/30/2026 11:27:16,10.38,13163.52
876,06/30/2026 11:42:16,10.59,16558.08
877,06/30/2026 11:57:16,11.32,16061.44
878,06/30/2026 12:12:16,11.32,7874.56
879,06/30/2026 12:27:16,11.28,7057.92
880,06/30/2026 12:42:16,11.45,11274.24
881,06/30/2026 12:57:16,11.67,11939.84
882,06/30/2026 13:12:16,11.75,13629.44
883,06/30/2026 13:27:16,11.92,11991.04
884,06/30/2026 13:42:16,11.67,8478.72
885,06/30/2026 13:57:16,11.67,8611.84
886,06/30/2026 14:12:16,11.71,8235.52
887,06/30/2026 14:27:16,11.15,5457.92
888,06/30/2026 14:42:16,11.28,5457.92
889,06/30/2026 14:57:16,9.99,4613.12
890,06/30/2026 15:12:16,10.08,4654.08
891,06/30/2026 15:27:16,11.71,2919.68
892,06/30/2026 15:42:16,12.40,3594.24
893,06/30/2026 15:57:16,12.48,4714.24
894,06/30/2026 16:12:16,12.40,10411.52
895,06/30/2026 16:27:16,12.57,13614.08
896,06/30/2026 16:42:16,12.14,7232.00
897,06/30/2026 16:57:16,12.74,11566.08
898,06/30/2026 17:12:16,12.95,11504.64
899,06/30/2026 17:27:16,13.17,9658.88
900,06/30/2026 17:42:16,13.08,6988.80
901,06/30/2026 17:57:16,12.61,6566.40
902,06/30/2026 18:12:16,12.48,5342.72
903,06/30/2026 18:27:16,13.21,5601.28
904,06/30/2026 18:42:16,13.21,5921.28
905,06/30/2026 18:57:16,13.38,7063.04
906,06/30/2026 19:12:16,13.12,5232.64
907,06/30/2026 19:27:16,13.12,5329.92
908,06/30/2026 19:42:16,13.21,3951.36
909,06/30/2026 19:57:16,13.08,2480.64
910,06/30/2026 20:12:16,12.91,1275.20
911,06/30/2026 20:27:16,12.82,617.12
912,06/30/2026 20:42:16,12.61,414.08
913,06/30/2026 20:57:16,12.52,249.52
914,06/30/2026 21:12:16,12.35,167.20
915,06/30/2026 21:27:16,12.18,197.04
916,06/30/2026 21:42:16,11.92,83.16
917,06/30/2026 21:57:16,11.79,23.16
918,06/30/2026 22:12:16,11.62,6.53
919,06/30/2026 22:27:16,11.58,0.21
920,06/30/2026 22:42:16,11.45,0.00
921,06/30/2026 22:57:16,11.41,0.00
922,06/30/2026 23:12:16,11.37,0.00
923,06/30/2026 23:27:16,11.28,0.00
924,06/30/2026 23:42:16,11.32,0.00
925,06/30/2026 23:57:16,11.19,0.00
926,07/01/2026 00:12:16,11.15,0.00
927,07/01/2026 00:27:16,11.15,0.00
928,07/01/2026 00:42:16,11.07,0.00
929,07/01/2026 00:57:16,11.11,0.00
930,07/01/2026 01:12:16,11.19,0.00
931,07/01/2026 01:27:16,11.24,0.00
932,07/01/2026 01:42:16,11.32,0.00
933,07/01/2026 01:57:16,11.32,0.00
934,07/01/2026 02:12:16,11.32,0.00
935,07/01/2026 02:27:16,11.41,0.00
936,07/01/2026 02:42:16,11.58,0.00
937,07/01/2026 02:57:16,11.79,0.00
938,07/01/2026 03:12:16,11.32,0.00
939,07/01/2026 03:27:16,11.41,0.00
940,07/01/2026 03:42:16,11.15,0.00
941,07/01/2026 03:57:16,10.98,0.00
942,07/01/2026 04:12:16,10.51,1.96
943,07/01/2026 04:27:16,10.55,7.21
944,07/01/2026 04:42:16,10.42,54.28
945,07/01/2026 04:57:16,10.68,158.52
946,07/01/2026 05:12:16,11.79,441.12
947,07/01/2026 05:27:16,12.05,758.72
948,07/01/2026 05:42:16,11.92,1351.04
949,07/01/2026 05:57:16,11.75,1662.08
950,07/01/2026 06:12:16,11.71,2712.32
951,07/01/2026 06:27:16,11.58,2341.12
952,07/01/2026 06:42:16,11.58,3304.96
953,07/01/2026 06:57:16,11.88,3361.28
954,07/01/2026 07:12:16,12.40,4602.88
955,07/01/2026 07:27:16,12.35,5317.12
956,07/01/2026 07:42:16,12.31,7029.76
957,07/01/2026 07:57:16,12.40,8076.80
958,07/01/2026 08:12:16,12.01,8829.44
959,07/01/2026 08:27:16,12.18,9134.08
960,07/01/2026 08:42:16,12.35,9134.08
961,07/01/2026 08:57:16,12.31,11125.76
962,07/01/2026 09:12:16,12.10,11760.64
963,07/01/2026 09:27:16,11.97,12313.60
964,07/01/2026 09:42:16,12.82,9991.68
965,07/01/2026 09:57:16,12.70,11678.72
966,07/01/2026 10:12:16,12.44,12062.72
967,07/01/2026 10:27:16,12.05,17223.68
968,07/01/2026 10:42:16,12.05,21155.84
969,07/01/2026 10:57:16,11.92,28774.40
970,07/01/2026 11:12:16,11.84,21288.96
971,07/01/2026 11:27:16,11.84,26992.64
972,07/01/2026 11:42:16,11.79,28160.00
973,07/01/2026 11:57:16,11.62,32747.52
974,07/01/2026 12:12:16,11.71,34631.68
975,07/01/2026 12:27:16,11.41,39024.64
976,07/01/2026 12:42:16,11.02,17259.52
977,07/01/2026 12:57:16,11.15,14305.28
978,07/01/2026 13:12:16,11.32,28241.92
979,07/01/2026 13:27:16,11.49,24842.24
980,07/01/2026 13:42:16,11.58,38307.84
981,07/01/2026 13:57:16,13.17,26460.16
982,07/01/2026 14:12:16,13.34,31805.44
983,07/01/2026 14:27:16,13.21,23255.04
984,07/01/2026 14:42:16,13.12,35778.56
985,07/01/2026 14:57:16,12.87,27852.80
986,07/01/2026 15:12:16,12.22,22241.28
987,07/01/2026 15:27:16,12.40,21514.24
988,07/01/2026 15:42:16,12.65,19819.52
989,07/01/2026 15:57:16,13.08,29460.48
990,07/01/2026 16:12:16,13.43,34867.20
991,07/01/2026 16:27:16,13.51,37058.56
992,07/01/2026 16:42:16,13.85,11755.52
993,07/01/2026 16:57:16,14.33,25344.00
994,07/01/2026 17:12:16,14.45,16916.48
995,07/01/2026 17:27:16,14.54,15754.24
996,07/01/2026 17:42:16,14.41,12631.04
997,07/01/2026 17:57:16,14.11,10375.68
998,07/01/2026 18:12:16,13.85,6663.68
999,07/01/2026 18:27:16,13.73,5824.00
1000,07/01/2026 18:42:16,13.51,3654.40
1001,07/01/2026 18:57:16,13.47,4291.84
1002,07/01/2026 19:12:16,13.30,3609.60
1003,07/01/2026 19:27:16,13.43,3147.52
1004,07/01/2026 19:42:16,13.38,2645.76
1005,07/01/2026 19:57:16,13.17,2369.28
1006,07/01/2026 20:12:16,13.25,1441.28
1007,07/01/2026 20:27:16,13.17,1313.28
1008,07/01/2026 20:42:16,13.21,1276.80
1009,07/01/2026 20:57:16,12.65,533.92
1010,07/01/2026 21:12:16,12.57,329.28
1011,07/01/2026 21:27:16,12.65,171.60
1012,07/01/2026 21:42:16,12.52,73.92
1013,07/01/2026 21:57:16,12.40,22.07
1014,07/01/2026 22:12:16,12.82,3.48
1015,07/01/2026 22:27:16,12.74,0.00
1016,07/01/2026 22:42:16,12.65,0.00
1017,07/01/2026 22:57:16,12.52,0.00
1018,07/01/2026 23:12:16,12.52,0.00
1019,07/01/2026 23:27:16,12.44,0.00
1020,07/01/2026 23:42:16,12.48,0.00
1021,07/01/2026 23:57:16,12.22,0.00
1022,07/02/2026 00:12:16,12.10,0.00
1023,07/02/2026 00:27:16,12.01,0.00
1024,07/02/2026 00:42:16,11.92,0.00
1025,07/02/2026 00:57:16,11.58,0.00
1026,07/02/2026 01:12:16,11.28,0.00
1027,07/02/2026 01:27:16,10.94,0.00
1028,07/02/2026 01:42:16,10.81,0.00
1029,07/02/2026 01:57:16,9.82,0.00
1030,07/02/2026 02:12:16,10.72,0.00
1031,07/02/2026 02:27:16,11.07,0.00
1032,07/02/2026 02:42:16,11.11,0.00
1033,07/02/2026 02:57:16,10.42,0.00
1034,07/02/2026 03:12:16,10.12,0.00
1035,07/02/2026 03:27:16,10.89,0.00
1036,07/02/2026 03:42:16,11.11,0.00
1037,07/02/2026 03:57:16,12.10,0.00
1038,07/02/2026 04:12:16,12.87,0.87
1039,07/02/2026 04:27:16,12.61,10.04
1040,07/02/2026 04:42:16,11.75,24.06
1041,07/02/2026 04:57:16,11.79,64.40
1042,07/02/2026 05:12:16,11.92,308.32
1043,07/02/2026 05:27:16,12.74,772.48
1044,07/02/2026 05:42:16,13.64,1333.12
1045,07/02/2026 05:57:16,13.55,2350.08
1046,07/02/2026 06:12:16,12.05,3168.00
1047,07/02/2026 06:27:16,11.41,2034.56
1048,07/02/2026 06:42:16,11.71,4014.08
1049,07/02/2026 06:57:16,11.71,1306.56
1050,07/02/2026 07:12:16,11.79,1376.00
1051,07/02/2026 07:27:16,9.35,2919.68
1052,07/02/2026 07:42:16,10.04,4362.24
1053,07/02/2026 07:57:16,9.14,4232.96
1054,07/02/2026 08:12:16,10.85,5066.24
1055,07/02/2026 08:27:16,11.41,7027.20
1056,07/02/2026 08:42:16,11.62,10165.76
1057,07/02/2026 08:57:16,12.01,12236.80
1058,07/02/2026 09:12:16,11.79,11648.00
1059,07/02/2026 09:27:16,12.14,29532.16
1060,07/02/2026 09:42:16,11.92,15856.64
1061,07/02/2026 09:57:16,12.10,21749.76
1062,07/02/2026 10:12:16,12.05,16040.96
1063,07/02/2026 10:27:16,12.05,11816.96
1064,07/02/2026 10:42:16,12.14,16291.84
1065,07/02/2026 10:57:16,12.31,15672.32
1066,07/02/2026 11:12:16,11.97,7616.00
1067,07/02/2026 11:27:16,11.97,9080.32
1068,07/02/2026 11:42:16,12.05,15431.68
1069,07/02/2026 11:57:16,12.31,11781.12
1070,07/02/2026 12:12:16,12.31,10675.20
1071,07/02/2026 12:27:16,12.22,10019.84
1072,07/02/2026 12:42:16,12.18,9971.20
1073,07/02/2026 12:57:16,11.92,12149.76
1074,07/02/2026 13:12:16,11.88,10186.24
1075,07/02/2026 13:27:16,11.45,6635.52
1076,07/02/2026 13:42:16,11.24,6246.40
1077,07/02/2026 13:57:16,10.81,4710.40
1078,07/02/2026 14:12:16,10.77,3123.20
1079,07/02/2026 14:27:16,10.81,3430.40
1080,07/02/2026 14:42:16,11.02,9740.80
1081,07/02/2026 14:57:16,11.28,12631.04
1082,07/02/2026 15:12:16,11.32,8821.76
1083,07/02/2026 15:27:16,11.32,5419.52
1084,07/02/2026 15:42:16,11.15,1696.00
1085,07/02/2026 15:57:16,11.07,3080.96
1086,07/02/2026 16:12:16,11.07,5406.72
1087,07/02/2026 16:27:16,11.49,12472.32
1088,07/02/2026 16:42:16,12.14,13649.92
1089,07/02/2026 16:57:16,11.41,11970.56
1090,07/02/2026 17:12:16,11.19,10982.40
1091,07/02/2026 17:27:16,11.15,8842.24
1092,07/02/2026 17:42:16,11.19,7790.08
1093,07/02/2026 17:57:16,12.01,26961.92
1094,07/02/2026 18:12:16,11.49,15605.76
1095,07/02/2026 18:27:16,10.77,11791.36
1096,07/02/2026 18:42:16,9.86,6494.72
1097,07/02/2026 18:57:16,9.35,3923.20
1098,07/02/2026 19:12:16,10.08,3320.32
1099,07/02/2026 19:27:16,9.61,2842.88
1100,07/02/2026 19:42:16,9.95,3370.24
1101,07/02/2026 19:57:16,10.85,4532.48
1102,07/02/2026 20:12:16,11.02,3863.04
1103,07/02/2026 20:27:16,11.24,2512.00
1104,07/02/2026 20:42:16,10.89,1539.20
1105,07/02/2026 20:57:16,10.77,946.88
1106,07/02/2026 21:12:16,10.68,572.32
1107,07/02/2026 21:27:16,10.64,285.28
1108,07/02/2026 21:42:16,11.15,119.00
1109,07/02/2026 21:57:16,11.19,35.00
1110,07/02/2026 22:12:16,11.28,7.62
1111,07/02/2026 22:27:16,11.32,0.65
1112,07/02/2026 22:42:16,11.58,0.00
1113,07/02/2026 22:57:16,11.49,0.00
1114,07/02/2026 23:12:16,11.45,0.00
1115,07/02/2026 23:27:16,11.45,0.00
1116,07/02/2026 23:42:16,11.49,0.00
1117,07/02/2026 23:57:16,11.49,0.00
1118,07/03/2026 00:12:16,11.41,0.00
1119,07/03/2026 00:27:16,11.24,0.00
1120,07/03/2026 00:42:16,11.24,0.00
1121,07/03/2026 00:57:16,10.98,0.00
1122,07/03/2026 01:12:16,9.78,0.00
1123,07/03/2026 01:27:16,9.52,0.00
1124,07/03/2026 01:42:16,9.74,0.00
1125,07/03/2026 01:57:16,10.08,0.00
1126,07/03/2026 02:12:16,10.04,0.00
1127,07/03/2026 02:27:16,9.99,0.00
1128,07/03/2026 02:42:16,10.21,0.00
1129,07/03/2026 02:57:16,10.42,0.00
1130,07/03/2026 03:12:16,10.89,0.00
1131,07/03/2026 03:27:16,10.98,0.00
1132,07/03/2026 03:42:16,10.94,0.00
1133,07/03/2026 03:57:16,10.85,0.00
1134,07/03/2026 04:12:16,10.85,0.87
1135,07/03/2026 04:27:16,10.77,6.53
1136,07/03/2026 04:42:16,10.77,26.48
1137,07/03/2026 04:57:16,10.81,73.10
1138,07/03/2026 05:12:16,10.81,162.00
1139,07/03/2026 05:27:16,10.77,289.84
1140,07/03/2026 05:42:16,10.68,454.72
1141,07/03/2026 05:57:16,10.68,703.36
1142,07/03/2026 06:12:16,10.77,1038.08
1143,07/03/2026 06:27:16,11.02,1534.72
1144,07/03/2026 06:42:16,11.92,2316.80
1145,07/03/2026 06:57:16,11.62,3374.08
1146,07/03/2026 07:12:16,11.71,4285.44
1147,07/03/2026 07:27:16,11.79,6138.88
1148,07/03/2026 07:42:16,11.79,8709.12
1149,07/03/2026 07:57:16,11.92,8688.64
1150,07/03/2026 08:12:16,11.67,5350.40
1151,07/03/2026 08:27:16,12.05,5452.80
1152,07/03/2026 08:42:16,11.67,9525.76
1153,07/03/2026 08:57:16,12.05,7106.56
1154,07/03/2026 09:12:16,12.22,8862.72
1155,07/03/2026 09:27:16,12.10,7790.08
1156,07/03/2026 09:42:16,11.97,9553.92
1157,07/03/2026 09:57:16,11.84,8494.08
1158,07/03/2026 10:12:16,11.45,7421.44
1159,07/03/2026 10:27:16,11.37,10311.68
1160,07/03/2026 10:42:16,11.37,11607.04
1161,07/03/2026 10:57:16,11.28,14602.24
1162,07/03/2026 11:12:16,11.07,14351.36
1163,07/03/2026 11:27:16,11.32,15114.24
1164,07/03/2026 11:42:16,11.24,10639.36
1165,07/03/2026 11:57:16,11.24,8012.80
1166,07/03/2026 12:12:16,11.19,10229.76
1167,07/03/2026 12:27:16,11.37,12093.44
1168,07/03/2026 12:42:16,11.19,17377.28
1169,07/03/2026 12:57:16,11.02,24309.76
1170,07/03/2026 13:12:16,10.46,14499.84
1171,07/03/2026 13:27:16,10.64,8404.48
1172,07/03/2026 13:42:16,9.65,5811.20
1173,07/03/2026 13:57:16,9.86,4305.92
1174,07/03/2026 14:12:16,9.61,3089.92
1175,07/03/2026 14:27:16,10.25,4267.52
1176,07/03/2026 14:42:16,10.68,5198.08
1177,07/03/2026 14:57:16,10.81,5437.44
1178,07/03/2026 15:12:16,10.46,4087.04
1179,07/03/2026 15:27:16,10.42,3296.00
1180,07/03/2026 15:42:16,10.38,5616.64
1181,07/03/2026 15:57:16,10.55,6423.04
1182,07/03/2026 16:12:16,10.08,6919.68
1183,07/03/2026 16:27:16,10.12,7426.56
1184,07/03/2026 16:42:16,9.91,8081.92
1185,07/03/2026 16:57:16,10.21,9344.00
1186,07/03/2026 17:12:16,10.55,17136.64
1187,07/03/2026 17:27:16,10.64,13224.96
1188,07/03/2026 17:42:16,10.46,11100.16
1189,07/03/2026 17:57:16,10.29,8271.36
1190,07/03/2026 18:12:16,9.78,5562.88
1191,07/03/2026 18:27:16,9.69,7127.04
1192,07/03/2026 18:42:16,9.74,8829.44
1193,07/03/2026 18:57:16,9.48,2494.72
1194,07/03/2026 19:12:16,8.88,2487.68
1195,07/03/2026 19:27:16,9.09,2947.84
1196,07/03/2026 19:42:16,9.26,2557.44
1197,07/03/2026 19:57:16,9.14,2621.44
1198,07/03/2026 20:12:16,8.96,2182.40
1199,07/03/2026 20:27:16,9.01,1668.48
1200,07/03/2026 20:42:16,9.18,1203.84
1201,07/03/2026 20:57:16,9.14,818.56
1202,07/03/2026 21:12:16,9.01,459.84
1203,07/03/2026 21:27:16,8.83,246.96
1204,07/03/2026 21:42:16,8.75,102.44
1205,07/03/2026 21:57:16,8.83,32.83
1206,07/03/2026 22:12:16,9.01,6.56
1207,07/03/2026 22:27:16,9.09,1.08
1208,07/03/2026 22:42:16,9.01,0.00
1209,07/03/2026 22:57:16,8.92,0.00
1210,07/03/2026 23:12:16,8.88,0.00
1211,07/03/2026 23:27:16,8.92,0.00
1212,07/03/2026 23:42:16,8.88,0.00
1213,07/03/2026 23:57:16,8.79,0.00
1214,07/04/2026 00:12:16,8.71,0.00
1215,07/04/2026 00:27:16,8.71,0.00
1216,07/04/2026 00:42:16,8.66,0.00
1217,07/04/2026 00:57:16,8.53,0.00
1218,07/04/2026 01:12:16,8.58,0.00
1219,07/04/2026 01:27:16,8.45,0.00
1220,07/04/2026 01:42:16,8.45,0.00
1221,07/04/2026 01:57:16,8.36,0.00
1222,07/04/2026 02:12:16,8.45,0.00
1223,07/04/2026 02:27:16,8.41,0.00
1224,07/04/2026 02:42:16,8.45,0.00
1225,07/04/2026 02:57:16,8.28,0.00
1226,07/04/2026 03:12:16,8.28,0.00
1227,07/04/2026 03:27:16,8.36,0.00
1228,07/04/2026 03:42:16,8.28,0.00
1229,07/04/2026 03:57:16,8.32,0.00
1230,07/04/2026 04:12:16,8.23,0.65
1231,07/04/2026 04:27:16,8.23,4.35
1232,07/04/2026 04:42:16,8.19,22.75
1233,07/04/2026 04:57:16,8.19,75.72
1234,07/04/2026 05:12:16,8.15,181.12
1235,07/04/2026 05:27:16,8.15,336.16
1236,07/04/2026 05:42:16,8.06,618.88
1237,07/04/2026 05:57:16,8.06,902.72
1238,07/04/2026 06:12:16,8.02,1330.56
1239,07/04/2026 06:27:16,8.02,1586.56
1240,07/04/2026 06:42:16,8.02,2285.44
1241,07/04/2026 06:57:16,7.98,2620.16
1242,07/04/2026 07:12:16,7.89,3136.00
1243,07/04/2026 07:27:16,8.02,5041.92
1244,07/04/2026 07:42:16,7.98,4528.64
1245,07/04/2026 07:57:16,8.06,6919.68
1246,07/04/2026 08:12:16,8.15,6369.28
1247,07/04/2026 08:27:16,8.19,7907.84
1248,07/04/2026 08:42:16,8.32,8855.04
1249,07/04/2026 08:57:16,8.53,10741.76
1250,07/04/2026 09:12:16,8.62,11315.20
1251,07/04/2026 09:27:16,8.83,14407.68
1252,07/04/2026 09:42:16,8.92,13501.44
1253,07/04/2026 09:57:16,9.35,22753.28
1254,07/04/2026 10:12:16,9.52,27658.24
1255,07/04/2026 10:27:16,9.52,27269.12
1256,07/04/2026 10:42:16,9.56,17392.64
1257,07/04/2026 10:57:16,9.44,24033.28
1258,07/04/2026 11:12:16,9.31,24186.88
1259,07/04/2026 11:27:16,9.26,30269.44
1260,07/04/2026 11:42:16,9.39,27310.08
1261,07/04/2026 11:57:16,9.18,23480.32
1262,07/04/2026 12:12:16,9.48,26501.12
1263,07/04/2026 12:27:16,9.74,36597.76
1264,07/04/2026 12:42:16,9.74,50135.04
1265,07/04/2026 12:57:16,9.86,30259.20
1266,07/04/2026 13:12:16,9.82,25937.92
1267,07/04/2026 13:27:16,9.86,22405.12
1268,07/04/2026 13:42:16,9.82,23265.28
1269,07/04/2026 13:57:16,9.86,18529.28
1270,07/04/2026 14:12:16,9.86,31559.68
1271,07/04/2026 14:27:16,9.86,41820.16
1272,07/04/2026 14:42:16,10.04,24033.28
1273,07/04/2026 14:57:16,10.21,20981.76
1274,07/04/2026 15:12:16,10.21,34990.08
1275,07/04/2026 15:27:16,10.25,27944.96
1276,07/04/2026 15:42:16,10.68,19266.56
1277,07/04/2026 15:57:16,10.59,24166.40
1278,07/04/2026 16:12:16,10.46,17566.72
1279,07/04/2026 16:27:16,10.85,15063.04
1280,07/04/2026 16:42:16,11.28,28794.88
1281,07/04/2026 16:57:16,11.37,18749.44
1282,07/04/2026 17:12:16,11.37,20736.00
1283,07/04/2026 17:27:16,11.07,17459.20
1284,07/04/2026 17:42:16,11.24,12165.12
1285,07/04/2026 17:57:16,11.24,14305.28
1286,07/04/2026 18:12:16,11.54,16911.36
1287,07/04/2026 18:27:16,11.45,10165.76
1288,07/04/2026 18:42:16,11.02,8619.52
1289,07/04/2026 18:57:16,10.55,7288.32
1290,07/04/2026 19:12:16,10.46,7162.88
1291,07/04/2026 19:27:16,10.72,5072.64
1292,07/04/2026 19:42:16,10.85,6108.16
1293,07/04/2026 19:57:16,10.68,4445.44
1294,07/04/2026 20:12:16,10.59,2844.16
1295,07/04/2026 20:27:16,10.21,2571.52
1296,07/04/2026 20:42:16,10.25,1566.72
1297,07/04/2026 20:57:16,10.34,1069.44
1298,07/04/2026 21:12:16,10.04,691.84
1299,07/04/2026 21:27:16,9.99,327.52
1300,07/04/2026 21:42:16,9.91,138.36
1301,07/04/2026 21:57:16,9.82,40.72
1302,07/04/2026 22:12:16,9.82,8.52
1303,07/04/2026 22:27:16,9.74,1.30
1304,07/04/2026 22:42:16,9.69,0.00
1305,07/04/2026 22:57:16,9.56,0.00
1306,07/04/2026 23:12:16,9.56,0.00
1307,07/04/2026 23:27:16,9.61,0.00
1308,07/04/2026 23:42:16,9.56,0.00
1309,07/04/2026 23:57:16,9.48,0.00
1310,07/05/2026 00:12:16,9.44,0.00
1311,07/05/2026 00:27:16,9.39,0.00
1312,07/05/2026 00:42:16,9.35,0.00
1313,07/05/2026 00:57:16,9.44,0.00
1314,07/05/2026 01:12:16,9.61,0.00
1315,07/05/2026 01:27:16,9.82,0.00
1316,07/05/2026 01:42:16,9.91,0.00
1317,07/05/2026 01:57:16,9.91,0.00
1318,07/05/2026 02:12:16,9.99,0.00
1319,07/05/2026 02:27:16,9.86,0.00
1320,07/05/2026 02:42:16,9.78,0.00
1321,07/05/2026 02:57:16,9.86,0.00
1322,07/05/2026 03:12:16,9.82,0.00
1323,07/05/2026 03:27:16,9.86,0.00
1324,07/05/2026 03:42:16,9.86,0.00
1325,07/05/2026 03:57:16,9.91,0.00
1326,07/05/2026 04:12:16,9.91,0.65
1327,07/05/2026 04:27:16,9.86,5.00
1328,07/05/2026 04:42:16,9.82,26.05
1329,07/05/2026 04:57:16,9.86,100.72
1330,07/05/2026 05:12:16,9.82,257.36
1331,07/05/2026 05:27:16,9.82,551.84
1332,07/05/2026 05:42:16,9.86,902.40
1333,07/05/2026 05:57:16,9.86,1376.64
1334,07/05/2026 06:12:16,9.91,2034.56
1335,07/05/2026 06:27:16,9.95,2656.00
1336,07/05/2026 06:42:16,10.08,3438.08
1337,07/05/2026 06:57:16,10.21,4849.92
1338,07/05/2026 07:12:16,10.34,6108.16
1339,07/05/2026 07:27:16,10.42,6446.08
1340,07/05/2026 07:42:16,10.46,8862.72
1341,07/05/2026 07:57:16,10.46,9881.60
1342,07/05/2026 08:12:16,10.64,12108.80
1343,07/05/2026 08:27:16,10.81,11028.48
1344,07/05/2026 08:42:16,11.28,20930.56
1345,07/05/2026 08:57:16,11.32,20346.88
1346,07/05/2026 09:12:16,12.01,28661.76
1347,07/05/2026 09:27:16,13.17,36648.96
1348,07/05/2026 09:42:16,14.50,41512.96
1349,07/05/2026 09:57:16,13.47,42004.48
1350,07/05/2026 10:12:16,13.90,39311.36
1351,07/05/2026 10:27:16,13.38,45445.12
1352,07/05/2026 10:42:16,13.17,47329.28
1353,07/05/2026 10:57:16,12.82,51097.60
1354,07/05/2026 11:12:16,12.52,46653.44
1355,07/05/2026 11:27:16,12.48,42147.84
1356,07/05/2026 11:42:16,12.40,38031.36
1357,07/05/2026 11:57:16,12.05,44482.56
1358,07/05/2026 12:12:16,12.22,38021.12
1359,07/05/2026 12:27:16,12.31,61112.32
1360,07/05/2026 12:42:16,12.61,45670.40
1361,07/05/2026 12:57:16,12.61,32501.76
1362,07/05/2026 13:12:16,12.48,45465.60
1363,07/05/2026 13:27:16,12.48,41656.32
1364,07/05/2026 13:42:16,12.78,36444.16
1365,07/05/2026 13:57:16,12.78,28006.40
1366,07/05/2026 14:12:16,12.91,35020.80
1367,07/05/2026 14:27:16,13.30,71884.80
1368,07/05/2026 14:42:16,13.17,44032.00
1369,07/05/2026 14:57:16,13.12,36628.48
1370,07/05/2026 15:12:16,13.17,36782.08
1371,07/05/2026 15:27:16,14.03,36925.44
1372,07/05/2026 15:42:16,13.98,33218.56
1373,07/05/2026 15:57:16,13.68,30760.96
1374,07/05/2026 16:12:16,13.68,27381.76
1375,07/05/2026 16:27:16,13.60,24053.76
1376,07/05/2026 16:42:16,13.73,26685.44
1377,07/05/2026 16:57:16,13.94,29030.40
1378,07/05/2026 17:12:16,14.15,23316.48
1379,07/05/2026 17:27:16,14.07,25917.44
1380,07/05/2026 17:42:16,14.28,18191.36
1381,07/05/2026 17:57:16,14.15,25128.96
1382,07/05/2026 18:12:16,14.20,23214.08
1383,07/05/2026 18:27:16,14.03,22599.68
1384,07/05/2026 18:42:16,13.98,23091.20
1385,07/05/2026 18:57:16,13.85,13219.84
1386,07/05/2026 19:12:16,13.81,15354.88
1387,07/05/2026 19:27:16,13.68,7511.04
1388,07/05/2026 19:42:16,13.98,9971.20
1389,07/05/2026 19:57:16,13.73,6517.76
1390,07/05/2026 20:12:16,13.51,5736.96
1391,07/05/2026 20:27:16,13.21,4097.28
1392,07/05/2026 20:42:16,13.04,2512.00
1393,07/05/2026 20:57:16,13.08,1822.08
1394,07/05/2026 21:12:16,13.04,1094.72
1395,07/05/2026 21:27:16,13.00,550.08
1396,07/05/2026 21:42:16,12.87,208.56
1397,07/05/2026 21:57:16,12.87,60.42
1398,07/05/2026 22:12:16,12.70,12.46
1399,07/05/2026 22:27:16,13.55,1.96
1400,07/05/2026 22:42:16,13.60,0.00
1401,07/05/2026 22:57:16,13.43,0.00
1402,07/05/2026 23:12:16,13.30,0.00
1403,07/05/2026 23:27:16,13.12,0.00
1404,07/05/2026 23:42:16,13.00,0.00
1405,07/05/2026 23:57:16,12.91,0.00
1406,07/06/2026 00:12:16,12.91,0.00
1407,07/06/2026 00:27:16,12.91,0.00
1408,07/06/2026 00:42:16,12.82,0.00
1409,07/06/2026 00:57:16,12.78,0.00
1410,07/06/2026 01:12:16,12.78,0.00
1411,07/06/2026 01:27:16,12.70,0.00
1412,07/06/2026 01:42:16,12.70,0.00
1413,07/06/2026 01:57:16,12.65,0.00
1414,07/06/2026 02:12:16,12.61,0.00
1415,07/06/2026 02:27:16,12.61,0.00
1416,07/06/2026 02:42:16,12.57,0.00
1417,07/06/2026 02:57:16,12.48,0.00
1418,07/06/2026 03:12:16,12.44,0.00
1419,07/06/2026 03:27:16,12.44,0.00
1420,07/06/2026 03:42:16,12.44,0.00
1421,07/06/2026 03:57:16,12.40,0.00
1422,07/06/2026 04:12:16,12.35,0.87
1423,07/06/2026 04:27:16,12.27,7.40
1424,07/06/2026 04:42:16,12.22,38.54
1425,07/06/2026 04:57:16,12.22,157.64
1426,07/06/2026 05:12:16,12.10,445.12
1427,07/06/2026 05:27:16,12.05,847.04
1428,07/06/2026 05:42:16,12.01,1422.08
1429,07/06/2026 05:57:16,12.01,2229.76
1430,07/06/2026 06:12:16,12.01,3065.60
1431,07/06/2026 06:27:16,12.18,4849.92
1432,07/06/2026 06:42:16,13.00,8179.20
1433,07/06/2026 06:57:16,14.28,9315.84
1434,07/06/2026 07:12:16,15.48,10624.00
1435,07/06/2026 07:27:16,16.77,12728.32
1436,07/06/2026 07:42:16,16.47,14540.80
1437,07/06/2026 07:57:16,17.20,17351.68
1438,07/06/2026 08:12:16,17.03,20367.36
1439,07/06/2026 08:27:16,17.41,23377.92
1440,07/06/2026 08:42:16,18.23,26808.32
1441,07/06/2026 08:57:16,18.36,30556.16
1442,07/06/2026 09:12:16,18.92,34293.76
1443,07/06/2026 09:27:16,19.95,36075.52
1444,07/06/2026 09:42:16,20.98,39383.04
1445,07/06/2026 09:57:16,21.62,42762.24
1446,07/06/2026 10:12:16,22.39,46100.48
1447,07/06/2026 10:27:16,23.16,49827.84
1448,07/06/2026 10:42:16,24.11,54026.24
1449,07/06/2026 10:57:16,24.54,57446.40
1450,07/06/2026 11:12:16,25.05,60088.32
1451,07/06/2026 11:27:16,25.31,63856.64
1452,07/06/2026 11:42:16,25.35,65556.48
1453,07/06/2026 11:57:16,24.92,68485.12
1454,07/06/2026 12:12:16,25.22,72130.56
1455,07/06/2026 12:27:16,22.09,75653.12
1456,07/06/2026 12:42:16,19.00,75571.20
1457,07/06/2026 12:57:16,17.89,62709.76
1458,07/06/2026 13:12:16,17.54,63037.44
1459,07/06/2026 13:27:16,16.81,62545.92
1460,07/06/2026 13:42:16,16.73,52879.36
1461,07/06/2026 13:57:16,16.56,57856.00
1462,07/06/2026 14:12:16,16.56,42741.76
1463,07/06/2026 14:27:16,16.39,38830.08
1464,07/06/2026 14:42:16,16.64,40693.76
1465,07/06/2026 14:57:16,17.33,40376.32
1466,07/06/2026 15:12:16,17.37,41533.44
1467,07/06/2026 15:27:16,17.29,46899.20
1468,07/06/2026 15:42:16,17.54,37765.12
1469,07/06/2026 15:57:16,17.97,35727.36
1470,07/06/2026 16:12:16,18.57,35051.52
1471,07/06/2026 16:27:16,18.87,30300.16
1472,07/06/2026 16:42:16,18.74,30996.48
1473,07/06/2026 16:57:16,18.70,27996.16
1474,07/06/2026 17:12:16,18.14,24780.80
1475,07/06/2026 17:27:16,17.84,23500.80
1476,07/06/2026 17:42:16,18.02,28149.76
1477,07/06/2026 17:57:16,18.14,20090.88
1478,07/06/2026 18:12:16,18.27,21155.84
1479,07/06/2026 18:27:16,18.57,18647.04
1480,07/06/2026 18:42:16,18.62,24760.32
1481,07/06/2026 18:57:16,18.40,20910.08
1482,07/06/2026 19:12:16,18.19,16332.80
1483,07/06/2026 19:27:16,18.06,12180.48
1484,07/06/2026 19:42:16,17.97,8514.56
1485,07/06/2026 19:57:16,17.93,6996.48
1486,07/06/2026 20:12:16,18.53,6981.12
1487,07/06/2026 20:27:16,18.36,2428.16
1488,07/06/2026 20:42:16,18.19,2376.32
1489,07/06/2026 20:57:16,17.76,1701.12
1490,07/06/2026 21:12:16,17.59,1022.40
1491,07/06/2026 21:27:16,17.46,804.80
1492,07/06/2026 21:42:16,17.72,253.20
1493,07/06/2026 21:57:16,18.83,63.48
1494,07/06/2026 22:12:16,19.00,12.68
1495,07/06/2026 22:27:16,19.17,2.61
1496,07/06/2026 22:42:16,18.79,0.65
1497,07/06/2026 22:57:16,19.56,0.00
1498,07/06/2026 23:12:16,19.47,0.00
1499,07/06/2026 23:27:16,19.56,0.00
1500,07/06/2026 23:42:16,19.35,0.00
1501,07/06/2026 23:57:16,19.13,0.00
1502,07/07/2026 00:12:16,18.87,0.00
1503,07/07/2026 00:27:16,18.66,0.00
1504,07/07/2026 00:42:16,18.49,0.00
1505,07/07/2026 00:57:16,18.14,0.00
1506,07/07/2026 01:12:16,17.84,0.00
1507,07/07/2026 01:27:16,17.76,0.00
1508,07/07/2026 01:42:16,17.41,0.00
1509,07/07/2026 01:57:16,17.16,0.00
1510,07/07/2026 02:12:16,16.77,0.00
1511,07/07/2026 02:27:16,16.56,0.00
1512,07/07/2026 02:42:16,16.39,0.00
1513,07/07/2026 02:57:16,16.26,0.00
1514,07/07/2026 03:12:16,16.13,0.00
1515,07/07/2026 03:27:16,15.87,0.00
1516,07/07/2026 03:42:16,15.87,0.00
1517,07/07/2026 03:57:16,15.78,0.00
1518,07/07/2026 04:12:16,15.70,0.43
1519,07/07/2026 04:27:16,15.74,5.00
1520,07/07/2026 04:42:16,15.78,29.53
1521,07/07/2026 04:57:16,15.70,125.20
1522,07/07/2026 05:12:16,15.61,297.92
1523,07/07/2026 05:27:16,15.44,530.88
1524,07/07/2026 05:42:16,15.57,790.72
1525,07/07/2026 05:57:16,15.66,942.40
1526,07/07/2026 06:12:16,15.61,1484.16
1527,07/07/2026 06:27:16,15.83,2604.16
1528,07/07/2026 06:42:16,15.66,2545.28
1529,07/07/2026 06:57:16,15.78,5337.60
1530,07/07/2026 07:12:16,15.61,3658.24
1531,07/07/2026 07:27:16,15.48,5926.40
1532,07/07/2026 07:42:16,15.57,6036.48
1533,07/07/2026 07:57:16,15.66,8020.48
1534,07/07/2026 08:12:16,15.91,14417.92
1535,07/07/2026 08:27:16,15.48,13532.16
1536,07/07/2026 08:42:16,15.48,12533.76
1537,07/07/2026 08:57:16,15.53,18570.24
1538,07/07/2026 09:12:16,16.94,26849.28
1539,07/07/2026 09:27:16,17.54,31160.32
1540,07/07/2026 09:42:16,17.41,31129.60
1541,07/07/2026 09:57:16,17.63,34242.56
1542,07/07/2026 10:12:16,17.72,40509.44
1543,07/07/2026 10:27:16,18.40,65945.60
1544,07/07/2026 10:42:16,18.19,38430.72
1545,07/07/2026 10:57:16,17.41,24811.52
1546,07/07/2026 11:12:16,19.82,51015.68
1547,07/07/2026 11:27:16,18.02,25589.76
1548,07/07/2026 11:42:16,17.63,21903.36
1549,07/07/2026 11:57:16,17.24,15201.28
1550,07/07/2026 12:12:16,18.14,43315.20
1551,07/07/2026 12:27:16,18.23,60907.52
1552,07/07/2026 12:42:16,18.36,58757.12
1553,07/07/2026 12:57:16,18.27,60682.24
1554,07/07/2026 13:12:16,18.14,53985.28
1555,07/07/2026 13:27:16,17.41,38963.20
1556,07/07/2026 13:42:16,18.10,46776.32
1557,07/07/2026 13:57:16,17.67,33945.60
1558,07/07/2026 14:12:16,17.50,33054.72
1559,07/07/2026 14:27:16,17.11,30033.92
1560,07/07/2026 14:42:16,16.21,24811.52
1561,07/07/2026 14:57:16,15.87,24350.72
1562,07/07/2026 15:12:16,16.26,25538.56
1563,07/07/2026 15:27:16,17.33,24156.16
1564,07/07/2026 15:42:16,17.63,23480.32
1565,07/07/2026 15:57:16,17.76,25026.56
1566,07/07/2026 16:12:16,17.76,22947.84
1567,07/07/2026 16:27:16,17.72,22773.76
1568,07/07/2026 16:42:16,17.89,23142.40
1569,07/07/2026 16:57:16,17.97,21186.56
1570,07/07/2026 17:12:16,18.14,18739.20
1571,07/07/2026 17:27:16,18.14,18519.04
1572,07/07/2026 17:42:16,18.19,19732.48
1573,07/07/2026 17:57:16,18.14,14899.20
1574,07/07/2026 18:12:16,18.40,15825.92
1575,07/07/2026 18:27:16,18.44,12282.88
1576,07/07/2026 18:42:16,18.32,13573.12
1577,07/07/2026 18:57:16,18.14,10286.08
1578,07/07/2026 19:12:16,18.06,9784.32
1579,07/07/2026 19:27:16,17.93,6799.36
1580,07/07/2026 19:42:16,17.76,5524.48
1581,07/07/2026 19:57:16,17.76,4637.44
1582,07/07/2026 20:12:16,17.67,3475.20
1583,07/07/2026 20:27:16,17.50,2007.04
1584,07/07/2026 20:42:16,17.41,1083.52
1585,07/07/2026 20:57:16,17.33,459.04
1586,07/07/2026 21:12:16,17.33,325.76
1587,07/07/2026 21:27:16,17.24,147.08
1588,07/07/2026 21:42:16,17.16,75.72
1589,07/07/2026 21:57:16,17.16,20.14
1590,07/07/2026 22:12:16,17.03,5.47
1591,07/07/2026 22:27:16,17.16,0.65
1592,07/07/2026 22:42:16,17.03,0.21
1593,07/07/2026 22:57:16,16.94,0.00
1594,07/07/2026 23:12:16,16.73,0.00
1595,07/07/2026 23:27:16,16.64,0.00
1596,07/07/2026 23:42:16,16.56,0.00
1597,07/07/2026 23:57:16,16.51,0.00
1598,07/08/2026 00:12:16,16.47,0.00
1599,07/08/2026 00:27:16,16.43,0.00
1600,07/08/2026 00:42:16,16.43,0.00
1601,07/08/2026 00:57:16,16.43,0.00
1602,07/08/2026 01:12:16,16.43,0.00
1603,07/08/2026 01:27:16,16.43,0.00
1604,07/08/2026 01:42:16,16.43,0.00
1605,07/08/2026 01:57:16,16.43,0.00
1606,07/08/2026 02:12:16,16.34,0.00
1607,07/08/2026 02:27:16,16.43,0.00
1608,07/08/2026 02:42:16,16.39,0.00
1609,07/08/2026 02:57:16,16.43,0.00
1610,07/08/2026 03:12:16,16.34,0.00
1611,07/08/2026 03:27:16,16.26,0.00
1612,07/08/2026 03:42:16,16.13,0.00
1613,07/08/2026 03:57:16,15.83,0.00
1614,07/08/2026 04:12:16,15.61,0.21
1615,07/08/2026 04:27:16,14.63,3.48
1616,07/08/2026 04:42:16,14.58,22.54
1617,07/08/2026 04:57:16,14.28,91.88
1618,07/08/2026 05:12:16,14.50,239.12
1619,07/08/2026 05:27:16,14.58,464.64
1620,07/08/2026 05:42:16,14.71,833.92
1621,07/08/2026 05:57:16,14.71,1209.92
1622,07/08/2026 06:12:16,14.67,1816.96
1623,07/08/2026 06:27:16,14.54,1502.08
1624,07/08/2026 06:42:16,14.50,2067.84
1625,07/08/2026 06:57:16,14.58,3658.24
1626,07/08/2026 07:12:16,14.58,3874.56
1627,07/08/2026 07:27:16,14.63,3447.04
1628,07/08/2026 07:42:16,14.63,5562.88
1629,07/08/2026 07:57:16,14.03,6942.72
1630,07/08/2026 08:12:16,13.94,5916.16
1631,07/08/2026 08:27:16,14.11,7045.12
1632,07/08/2026 08:42:16,14.24,9267.20
1633,07/08/2026 08:57:16,14.33,14648.32
1634,07/08/2026 09:12:16,14.28,14248.96
1635,07/08/2026 09:27:16,14.28,22097.92
1636,07/08/2026 09:42:16,14.45,20689.92
1637,07/08/2026 09:57:16,14.28,19358.72
1638,07/08/2026 10:12:16,15.61,24883.20
1639,07/08/2026 10:27:16,15.53,15114.24
1640,07/08/2026 10:42:16,15.40,13711.36
1641,07/08/2026 10:57:16,14.63,11939.84
1642,07/08/2026 11:12:16,15.66,12544.00
1643,07/08/2026 11:27:16,15.83,17029.12
1644,07/08/2026 11:42:16,15.87,16952.32
1645,07/08/2026 11:57:16,16.43,62013.44
1646,07/08/2026 12:12:16,16.39,24012.80
1647,07/08/2026 12:27:16,16.43,24279.04
1648,07/08/2026 12:42:16,16.51,34590.72
1649,07/08/2026 12:57:16,16.81,46899.20
1650,07/08/2026 13:12:16,16.26,28989.44
1651,07/08/2026 13:27:16,16.81,56094.72
1652,07/08/2026 13:42:16,16.60,23818.24
1653,07/08/2026 13:57:16,16.34,12943.36
1654,07/08/2026 14:12:16,16.90,36608.00
1655,07/08/2026 14:27:16,16.60,33351.68
1656,07/08/2026 14:42:16,15.78,23848.96
1657,07/08/2026 14:57:16,15.70,32307.20
1658,07/08/2026 15:12:16,14.84,30771.20
1659,07/08/2026 15:27:16,14.93,25415.68
1660,07/08/2026 15:42:16,15.91,29849.60
1661,07/08/2026 15:57:16,16.04,24043.52
1662,07/08/2026 16:12:16,16.04,19788.80
1663,07/08/2026 16:27:16,16.08,19578.88
1664,07/08/2026 16:42:16,16.17,19445.76
1665,07/08/2026 16:57:16,16.26,16409.60
1666,07/08/2026 17:12:16,16.21,14853.12
1667,07/08/2026 17:27:16,15.70,6696.96
1668,07/08/2026 17:42:16,15.70,7902.72
1669,07/08/2026 17:57:16,15.57,7349.76
1670,07/08/2026 18:12:16,15.57,6069.76
1671,07/08/2026 18:27:16,15.78,12759.04
1672,07/08/2026 18:42:16,15.66,11038.72
1673,07/08/2026 18:57:16,15.40,7426.56
1674,07/08/2026 19:12:16,15.23,3503.36
1675,07/08/2026 19:27:16,14.93,1428.48
1676,07/08/2026 19:42:16,14.97,1637.12
1677,07/08/2026 19:57:16,14.84,708.16
1678,07/08/2026 20:12:16,14.75,611.04
1679,07/08/2026 20:27:16,14.75,814.72
1680,07/08/2026 20:42:16,14.88,410.72
1681,07/08/2026 20:57:16,15.70,603.20
1682,07/08/2026 21:12:16,16.39,252.16
1683,07/08/2026 21:27:16,16.60,152.32
1684,07/08/2026 21:42:16,16.69,66.08
1685,07/08/2026 21:57:16,16.69,14.89
1686,07/08/2026 22:12:16,16.69,2.17
1687,07/08/2026 22:27:16,16.69,0.00
1688,07/08/2026 22:42:16,16.69,0.00
1689,07/08/2026 22:57:16,16.64,0.00
1690,07/08/2026 23:12:16,16.64,0.00
1691,07/08/2026 23:27:16,16.51,0.00
1692,07/08/2026 23:42:16,16.51,0.00
1693,07/08/2026 23:57:16,16.39,0.00
1694,07/09/2026 00:12:16,16.43,0.00
1695,07/09/2026 00:27:16,16.30,0.00
1696,07/09/2026 00:42:16,16.17,0.00
1697,07/09/2026 00:57:16,16.00,0.00
1698,07/09/2026 01:12:16,15.87,0.00
1699,07/09/2026 01:27:16,15.83,0.00
1700,07/09/2026 01:42:16,15.70,0.00
1701,07/09/2026 01:57:16,15.61,0.00
1702,07/09/2026 02:12:16,15.57,0.00
1703,07/09/2026 02:27:16,15.53,0.00
1704,07/09/2026 02:42:16,15.40,0.00
1705,07/09/2026 02:57:16,15.53,0.00
1706,07/09/2026 03:12:16,15.53,0.00
1707,07/09/2026 03:27:16,15.40,0.00
1708,07/09/2026 03:42:16,15.44,0.00
1709,07/09/2026 03:57:16,15.36,0.00
1710,07/09/2026 04:12:16,15.31,0.00
1711,07/09/2026 04:27:16,15.18,0.87
1712,07/09/2026 04:42:16,15.10,6.12
1713,07/09/2026 04:57:16,15.14,17.91
1714,07/09/2026 05:12:16,15.06,73.06
1715,07/09/2026 05:27:16,14.97,156.68
1716,07/09/2026 05:42:16,14.84,276.72
1717,07/09/2026 05:57:16,14.93,342.24
1718,07/09/2026 06:12:16,15.18,560.96
1719,07/09/2026 06:27:16,15.27,793.92
1720,07/09/2026 06:42:16,15.10,1055.68
1721,07/09/2026 06:57:16,15.23,1100.16
1722,07/09/2026 07:12:16,15.31,1025.28
1723,07/09/2026 07:27:16,15.36,1239.36
1724,07/09/2026 07:42:16,15.31,1240.32
1725,07/09/2026 07:57:16,15.31,1298.56
1726,07/09/2026 08:12:16,15.14,1614.08
1727,07/09/2026 08:27:16,15.06,3438.08
1728,07/09/2026 08:42:16,14.97,3452.16
1729,07/09/2026 08:57:16,14.97,3002.88
1730,07/09/2026 09:12:16,14.88,4334.08
1731,07/09/2026 09:27:16,14.84,4445.44
1732,07/09/2026 09:42:16,14.80,4097.28
1733,07/09/2026 09:57:16,14.75,3479.04
1734,07/09/2026 10:12:16,14.63,3462.40
1735,07/09/2026 10:27:16,14.33,3947.52
1736,07/09/2026 10:42:16,14.33,4929.28
1737,07/09/2026 10:57:16,14.33,4362.24
1738,07/09/2026 11:12:16,14.37,5003.52
1739,07/09/2026 11:27:16,14.45,4842.24
1740,07/09/2026 11:42:16,14.54,5562.88
1741,07/09/2026 11:57:16,14.54,5376.00
1742,07/09/2026 12:12:16,14.54,5100.80
1743,07/09/2026 12:27:16,14.58,7247.36
1744,07/09/2026 12:42:16,14.67,10222.08
1745,07/09/2026 12:57:16,14.50,7344.64
1746,07/09/2026 13:12:16,14.45,7851.52
1747,07/09/2026 13:27:16,14.45,8327.68
1748,07/09/2026 13:42:16,14.63,8486.40
1749,07/09/2026 13:57:16,14.63,7769.60
1750,07/09/2026 14:12:16,14.63,8227.84
1751,07/09/2026 14:27:16,14.54,7713.28
1752,07/09/2026 14:42:16,14.54,9971.20
1753,07/09/2026 14:57:16,14.37,7029.76
1754,07/09/2026 15:12:16,14.15,5427.20
1755,07/09/2026 15:27:16,14.20,6051.84
1756,07/09/2026 15:42:16,14.03,4943.36
1757,07/09/2026 15:57:16,13.85,3787.52
1758,07/09/2026 16:12:16,13.90,3626.24
1759,07/09/2026 16:27:16,13.77,2984.96
1760,07/09/2026 16:42:16,13.68,3804.16
1761,07/09/2026 16:57:16,13.55,2712.32
1762,07/09/2026 17:12:16,13.47,2261.12
1763,07/09/2026 17:27:16,13.38,2119.68
1764,07/09/2026 17:42:16,13.38,2423.04
1765,07/09/2026 17:57:16,13.51,4455.68
1766,07/09/2026 18:12:16,13.51,4152.32
1767,07/09/2026 18:27:16,13.60,4951.04
1768,07/09/2026 18:42:16,13.47,4131.84
1769,07/09/2026 18:57:16,13.34,4570.88
1770,07/09/2026 19:12:16,13.43,5539.84
1771,07/09/2026 19:27:16,13.51,2654.72
1772,07/09/2026 19:42:16,13.55,2835.20
1773,07/09/2026 19:57:16,13.81,2717.44
1774,07/09/2026 20:12:16,14.37,3856.64
1775,07/09/2026 20:27:16,14.37,2158.08
1776,07/09/2026 20:42:16,14.50,1371.52
1777,07/09/2026 20:57:16,14.54,996.48
1778,07/09/2026 21:12:16,14.20,486.40
1779,07/09/2026 21:27:16,14.24,269.76
1780,07/09/2026 21:42:16,14.28,109.52
1781,07/09/2026 21:57:16,14.33,29.31
1782,07/09/2026 22:12:16,14.45,4.38
1783,07/09/2026 22:27:16,14.50,0.43
1784,07/09/2026 22:42:16,14.50,0.00
1785,07/09/2026 22:57:16,14.58,0.00
1786,07/09/2026 23:12:16,14.63,0.00
1787,07/09/2026 23:27:16,14.54,0.00
1788,07/09/2026 23:42:16,14.33,0.00
1789,07/09/2026 23:57:16,14.37,0.00
1790,07/10/2026 00:12:16,14.45,0.00
1791,07/10/2026 00:27:16,14.54,0.00
1792,07/10/2026 00:42:16,14.50,0.00
1793,07/10/2026 00:57:16,14.45,0.00
1794,07/10/2026 01:12:16,14.41,0.00
1795,07/10/2026 01:27:16,14.37,0.00
1796,07/10/2026 01:42:16,14.37,0.00
1797,07/10/2026 01:57:16,14.33,0.00
1798,07/10/2026 02:12:16,14.24,0.00
1799,07/10/2026 02:27:16,14.15,0.00
1800,07/10/2026 02:42:16,14.20,0.00
1801,07/10/2026 02:57:16,14.03,0.00
1802,07/10/2026 03:12:16,13.98,0.00
1803,07/10/2026 03:27:16,13.77,0.00
1804,07/10/2026 03:42:16,13.64,0.00
1805,07/10/2026 03:57:16,13.60,0.00
1806,07/10/2026 04:12:16,13.51,0.00
1807,07/10/2026 04:27:16,13.47,2.61
1808,07/10/2026 04:42:16,13.38,15.73
1809,07/10/2026 04:57:16,13.25,65.22
1810,07/10/2026 05:12:16,13.08,195.28
1811,07/10/2026 05:27:16,13.08,383.36
1812,07/10/2026 05:42:16,13.12,639.68
1813,07/10/2026 05:57:16,13.12,979.84
1814,07/10/2026 06:12:16,13.12,1459.84
1815,07/10/2026 06:27:16,13.04,1800.96
1816,07/10/2026 06:42:16,13.04,2325.76
1817,07/10/2026 06:57:16,13.00,2256.00
1818,07/10/2026 07:12:16,13.00,2786.56
1819,07/10/2026 07:27:16,12.91,3630.08
1820,07/10/2026 07:42:16,12.78,4062.72
1821,07/10/2026 07:57:16,12.35,5388.80
1822,07/10/2026 08:12:16,12.57,5931.52
1823,07/10/2026 08:27:16,12.70,7449.60
1824,07/10/2026 08:42:16,12.57,5655.04
1825,07/10/2026 08:57:16,12.78,17239.04
1826,07/10/2026 09:12:16,12.65,16424.96
1827,07/10/2026 09:27:16,12.65,16947.20
1828,07/10/2026 09:42:16,12.82,27330.56
1829,07/10/2026 09:57:16,12.95,29644.80
1830,07/10/2026 10:12:16,12.95,18114.56
1831,07/10/2026 10:27:16,12.91,20331.52
1832,07/10/2026 10:42:16,12.87,36290.56
1833,07/10/2026 10:57:16,12.78,27084.80
1834,07/10/2026 11:12:16,12.61,27217.92
1835,07/10/2026 11:27:16,12.18,33976.32
1836,07/10/2026 11:42:16,12.35,33433.60
1837,07/10/2026 11:57:16,12.18,32051.20
1838,07/10/2026 12:12:16,12.22,53780.48
1839,07/10/2026 12:27:16,12.35,44974.08
1840,07/10/2026 12:42:16,12.57,34908.16
1841,07/10/2026 12:57:16,12.78,44462.08
1842,07/10/2026 13:12:16,12.95,26787.84
1843,07/10/2026 13:27:16,13.00,55623.68
1844,07/10/2026 13:42:16,13.12,45588.48
1845,07/10/2026 13:57:16,13.17,52572.16
1846,07/10/2026 14:12:16,13.77,44666.88
1847,07/10/2026 14:27:16,13.68,36761.60
1848,07/10/2026 14:42:16,14.03,32235.52
1849,07/10/2026 14:57:16,13.98,28211.20
1850,07/10/2026 15:12:16,14.67,33484.80
1851,07/10/2026 15:27:16,14.71,28702.72
1852,07/10/2026 15:42:16,14.54,32819.20
1853,07/10/2026 15:57:16,14.15,26398.72
1854,07/10/2026 16:12:16,14.15,32348.16
1855,07/10/2026 16:27:16,13.85,24002.56
1856,07/10/2026 16:42:16,13.81,23080.96
1857,07/10/2026 16:57:16,14.07,19358.72
1858,07/10/2026 17:12:16,14.11,24934.40
1859,07/10/2026 17:27:16,14.07,14428.16
1860,07/10/2026 17:42:16,14.07,10967.04
1861,07/10/2026 17:57:16,13.98,11678.72
1862,07/10/2026 18:12:16,13.94,11064.32
1863,07/10/2026 18:27:16,13.30,9630.72
1864,07/10/2026 18:42:16,13.60,8304.64
1865,07/10/2026 18:57:16,13.60,6545.92
1866,07/10/2026 19:12:16,13.85,6625.28
1867,07/10/2026 19:27:16,13.60,4916.48
1868,07/10/2026 19:42:16,13.60,3664.64
1869,07/10/2026 19:57:16,12.95,3211.52
1870,07/10/2026 20:12:16,13.08,2417.92
1871,07/10/2026 20:27:16,12.52,1780.48
1872,07/10/2026 20:42:16,11.71,1258.56
1873,07/10/2026 20:57:16,13.34,952.00
1874,07/10/2026 21:12:16,13.64,567.52
1875,07/10/2026 21:27:16,13.68,297.68
1876,07/10/2026 21:42:16,13.68,119.96
1877,07/10/2026 21:57:16,13.73,31.52
1878,07/10/2026 22:12:16,13.73,5.03
1879,07/10/2026 22:27:16,13.77,0.43
1880,07/10/2026 22:42:16,13.68,0.00
1881,07/10/2026 22:57:16,13.73,0.00
1882,07/10/2026 23:12:16,13.77,0.00
1883,07/10/2026 23:27:16,13.73,0.00
1884,07/10/2026 23:42:16,13.81,0.00
1885,07/10/2026 23:57:16,13.77,0.00
1886,07/11/2026 00:12:16,13.77,0.00
1887,07/11/2026 00:27:16,13.81,0.00
1888,07/11/2026 00:42:16,13.73,0.00
1889,07/11/2026 00:57:16,13.60,0.00
1890,07/11/2026 01:12:16,13.60,0.00
1891,07/11/2026 01:27:16,13.73,0.00
1892,07/11/2026 01:42:16,14.24,0.00
1893,07/11/2026 01:57:16,14.33,0.00
1894,07/11/2026 02:12:16,14.58,0.00
1895,07/11/2026 02:27:16,14.63,0.00
1896,07/11/2026 02:42:16,14.58,0.00
1897,07/11/2026 02:57:16,14.67,0.00
1898,07/11/2026 03:12:16,14.54,0.00
1899,07/11/2026 03:27:16,14.50,0.00
1900,07/11/2026 03:42:16,14.37,0.00
1901,07/11/2026 03:57:16,14.37,0.00
1902,07/11/2026 04:12:16,14.28,0.21
1903,07/11/2026 04:27:16,14.28,3.70
1904,07/11/2026 04:42:16,14.03,13.99
1905,07/11/2026 04:57:16,14.07,93.72
1906,07/11/2026 05:12:16,13.94,268.88
1907,07/11/2026 05:27:16,13.85,550.40
1908,07/11/2026 05:42:16,13.85,873.60
1909,07/11/2026 05:57:16,13.85,1402.24
1910,07/11/2026 06:12:16,13.73,1855.36
1911,07/11/2026 06:27:16,13.73,2428.16
1912,07/11/2026 06:42:16,13.77,2996.48
1913,07/11/2026 06:57:16,13.81,2842.88
1914,07/11/2026 07:12:16,13.81,5194.24
1915,07/11/2026 07:27:16,13.85,6184.96
1916,07/11/2026 07:42:16,13.98,7490.56
1917,07/11/2026 07:57:16,13.77,7526.40
1918,07/11/2026 08:12:16,14.03,9408.00
1919,07/11/2026 08:27:16,14.20,10117.12
1920,07/11/2026 08:42:16,14.33,10437.12
1921,07/11/2026 08:57:16,14.37,12375.04
1922,07/11/2026 09:12:16,14.67,17863.68
1923,07/11/2026 09:27:16,14.84,23080.96
1924,07/11/2026 09:42:16,15.01,21053.44
1925,07/11/2026 09:57:16,15.36,25497.60
1926,07/11/2026 10:12:16,15.40,33372.16
1927,07/11/2026 10:27:16,15.44,26245.12
1928,07/11/2026 10:42:16,15.70,28200.96
1929,07/11/2026 10:57:16,16.08,36679.68
1930,07/11/2026 11:12:16,15.96,32942.08
1931,07/11/2026 11:27:16,16.26,36300.80
1932,07/11/2026 11:42:16,16.21,43540.48
1933,07/11/2026 11:57:16,16.56,45936.64
1934,07/11/2026 12:12:16,16.60,61480.96
1935,07/11/2026 12:27:16,16.47,42905.60
1936,07/11/2026 12:42:16,16.77,57589.76
1937,07/11/2026 12:57:16,16.73,75694.08
1938,07/11/2026 13:12:16,16.81,50196.48
1939,07/11/2026 13:27:16,16.81,58470.40
1940,07/11/2026 13:42:16,16.99,43540.48
1941,07/11/2026 13:57:16,16.73,66826.24
1942,07/11/2026 14:12:16,16.99,68177.92
1943,07/11/2026 14:27:16,16.90,45260.80
1944,07/11/2026 14:42:16,16.99,55500.80
1945,07/11/2026 14:57:16,16.94,47104.00
1946,07/11/2026 15:12:16,17.20,45649.92
1947,07/11/2026 15:27:16,17.24,32911.36
1948,07/11/2026 15:42:16,16.73,42147.84
1949,07/11/2026 15:57:16,16.69,45629.44
1950,07/11/2026 16:12:16,16.51,42496.00
1951,07/11/2026 16:27:16,16.81,31590.40
1952,07/11/2026 16:42:16,16.43,34877.44
1953,07/11/2026 16:57:16,16.94,26480.64
1954,07/11/2026 17:12:16,16.51,18094.08
1955,07/11/2026 17:27:16,16.56,28098.56
1956,07/11/2026 17:42:16,16.43,20177.92
1957,07/11/2026 17:57:16,16.34,21022.72
1958,07/11/2026 18:12:16,16.39,17587.20
1959,07/11/2026 18:27:16,16.34,12595.20
1960,07/11/2026 18:42:16,16.13,8655.36
1961,07/11/2026 18:57:16,16.13,7011.84
1962,07/11/2026 19:12:16,15.91,4870.40
1963,07/11/2026 19:27:16,16.00,6141.44
1964,07/11/2026 19:42:16,16.04,5898.24
1965,07/11/2026 19:57:16,15.96,3731.20
1966,07/11/2026 20:12:16,15.87,3441.92
1967,07/11/2026 20:27:16,15.57,1954.56
1968,07/11/2026 20:42:16,15.74,1527.68
1969,07/11/2026 20:57:16,15.66,1100.80
1970,07/11/2026 21:12:16,15.83,566.08
1971,07/11/2026 21:27:16,16.00,260.88
1972,07/11/2026 21:42:16,16.08,105.92
1973,07/11/2026 21:57:16,16.21,24.28
1974,07/11/2026 22:12:16,16.39,4.35
1975,07/11/2026 22:27:16,16.51,0.43
1976,07/11/2026 22:42:16,17.11,0.00
1977,07/11/2026 22:57:16,17.16,0.00
1978,07/11/2026 23:12:16,17.20,0.00
1979,07/11/2026 23:27:16,17.29,0.00
1980,07/11/2026 23:42:16,17.20,0.00
1981,07/11/2026 23:57:16,17.46,0.00
1982,07/12/2026 00:12:16,17.54,0.00
1983,07/12/2026 00:27:16,17.67,0.00
1984,07/12/2026 00:42:16,17.63,0.00
1985,07/12/2026 00:57:16,17.37,0.00
1986,07/12/2026 01:12:16,17.11,0.00
1987,07/12/2026 01:27:16,16.94,0.00
1988,07/12/2026 01:42:16,16.86,0.00
1989,07/12/2026 01:57:16,16.64,0.00
1990,07/12/2026 02:12:16,16.60,0.00
1991,07/12/2026 02:27:16,16.60,0.00
1992,07/12/2026 02:42:16,16.60,0.00
1993,07/12/2026 02:57:16,16.64,0.00
1994,07/12/2026 03:12:16,16.51,0.00
1995,07/12/2026 03:27:16,16.43,0.00
1996,07/12/2026 03:42:16,16.26,0.00
1997,07/12/2026 03:57:16,16.21,0.00
1998,07/12/2026 04:12:16,16.04,0.00
1999,07/12/2026 04:27:16,16.00,2.61
2000,07/12/2026 04:42:16,15.74,19.49
2001,07/12/2026 04:57:16,15.31,81.88
2002,07/12/2026 05:12:16,15.14,161.24
2003,07/12/2026 05:27:16,14.88,473.76
2004,07/12/2026 05:42:16,14.71,510.88
2005,07/12/2026 05:57:16,14.28,814.40
2006,07/12/2026 06:12:16,14.03,1246.40
2007,07/12/2026 06:27:16,13.64,1723.52
2008,07/12/2026 06:42:16,13.47,2677.76
2009,07/12/2026 06:57:16,13.30,4160.00
2010,07/12/2026 07:12:16,13.43,5378.56
2011,07/12/2026 07:27:16,13.43,5862.40
2012,07/12/2026 07:42:16,13.60,7239.68
2013,07/12/2026 07:57:16,13.77,9559.04
2014,07/12/2026 08:12:16,13.90,5573.12
2015,07/12/2026 08:27:16,14.28,10752.00
2016,07/12/2026 08:42:16,14.54,11996.16
2017,07/12/2026 08:57:16,14.75,16030.72
2018,07/12/2026 09:12:16,14.93,14868.48
2019,07/12/2026 09:27:16,15.06,20249.60
2020,07/12/2026 09:42:16,15.14,19066.88
2021,07/12/2026 09:57:16,15.23,16404.48
2022,07/12/2026 10:12:16,15.40,21442.56
2023,07/12/2026 10:27:16,15.23,12989.44
2024,07/12/2026 10:42:16,15.36,15703.04
2025,07/12/2026 10:57:16,15.53,16194.56
2026,07/12/2026 11:12:16,15.66,17996.80
2027,07/12/2026 11:27:16,15.78,18938.88
2028,07/12/2026 11:42:16,15.96,23930.88
2029,07/12/2026 11:57:16,16.64,43212.80
2030,07/12/2026 12:12:16,16.47,23715.84
2031,07/12/2026 12:27:16,17.03,50257.92
2032,07/12/2026 12:42:16,17.33,57856.00
2033,07/12/2026 12:57:16,17.29,45076.48
2034,07/12/2026 13:12:16,17.50,40304.64
2035,07/12/2026 13:27:16,18.27,53391.36
2036,07/12/2026 13:42:16,18.06,49561.60
2037,07/12/2026 13:57:16,18.14,56627.20
2038,07/12/2026 14:12:16,17.50,18416.64
2039,07/12/2026 14:27:16,18.02,27525.12
2040,07/12/2026 14:42:16,17.72,15313.92
2041,07/12/2026 14:57:16,17.89,25835.52
2042,07/12/2026 15:12:16,17.93,43929.60
2043,07/12/2026 15:27:16,17.89,30996.48
2044,07/12/2026 15:42:16,17.63,29306.88
2045,07/12/2026 15:57:16,17.11,28108.80
2046,07/12/2026 16:12:16,17.84,30453.76
2047,07/12/2026 16:27:16,17.50,31815.68
2048,07/12/2026 16:42:16,17.37,29102.08
2049,07/12/2026 16:57:16,17.37,29757.44
2050,07/12/2026 17:12:16,17.29,21248.00
2051,07/12/2026 17:27:16,17.16,7692.80
2052,07/12/2026 17:42:16,17.16,18365.44
2053,07/12/2026 17:57:16,16.99,17612.80
2054,07/12/2026 18:12:16,16.69,11637.76
2055,07/12/2026 18:27:16,16.43,10808.32
2056,07/12/2026 18:42:16,16.30,7777.28
2057,07/12/2026 18:57:16,16.21,3888.64
2058,07/12/2026 19:12:16,16.04,2490.88
2059,07/12/2026 19:27:16,16.08,3586.56
2060,07/12/2026 19:42:16,15.96,1855.36
2061,07/12/2026 19:57:16,16.00,1757.44
2062,07/12/2026 20:12:16,15.96,306.40
2063,07/12/2026 20:27:16,16.00,133.16
2064,07/12/2026 20:42:16,16.04,233.84
2065,07/12/2026 20:57:16,16.00,134.80
2066,07/12/2026 21:12:16,15.87,117.36
2067,07/12/2026 21:27:16,15.78,86.64
2068,07/12/2026 21:42:16,15.91,36.36
2069,07/12/2026 21:57:16,15.48,8.08
2070,07/12/2026 22:12:16,15.44,0.87
2071,07/12/2026 22:27:16,16.04,0.00
2072,07/12/2026 22:42:16,15.61,0.00
2073,07/12/2026 22:57:16,13.94,0.00
2074,07/12/2026 23:12:16,15.18,0.00
2075,07/12/2026 23:27:16,15.06,0.00
2076,07/12/2026 23:42:16,14.33,0.00
2077,07/12/2026 23:57:16,13.51,0.00
2078,07/13/2026 00:12:16,12.61,0.00
2079,07/13/2026 00:27:16,12.82,0.00
2080,07/13/2026 00:42:16,12.31,0.00
2081,07/13/2026 00:57:16,12.35,0.00
2082,07/13/2026 01:12:16,12.82,0.00
2083,07/13/2026 01:27:16,14.54,0.00
2084,07/13/2026 01:42:16,15.27,0.00
2085,07/13/2026 01:57:16,15.48,0.00
2086,07/13/2026 02:12:16,15.78,0.00
2087,07/13/2026 02:27:16,15.70,0.00
2088,07/13/2026 02:42:16,15.91,0.00
2089,07/13/2026 02:57:16,15.78,0.00
2090,07/13/2026 03:12:16,15.83,0.00
2091,07/13/2026 03:27:16,16.17,0.00
2092,07/13/2026 03:42:16,16.26,0.00
2093,07/13/2026 03:57:16,16.30,0.00
2094,07/13/2026 04:12:16,16.08,0.00
2095,07/13/2026 04:27:16,15.87,2.17
2096,07/13/2026 04:42:16,15.70,14.23
2097,07/13/2026 04:57:16,15.66,61.78
2098,07/13/2026 05:12:16,15.44,164.72
2099,07/13/2026 05:27:16,15.44,285.04
2100,07/13/2026 05:42:16,15.48,643.20
2101,07/13/2026 05:57:16,15.44,848.64
2102,07/13/2026 06:12:16,15.48,1653.12
2103,07/13/2026 06:27:16,15.66,2694.40
2104,07/13/2026 06:42:16,15.66,2928.64
2105,07/13/2026 06:57:16,15.74,4030.72
2106,07/13/2026 07:12:16,15.91,4657.92
2107,07/13/2026 07:27:16,15.96,6041.60
2108,07/13/2026 07:42:16,15.96,9843.20
2109,07/13/2026 07:57:16,15.96,6817.28
2110,07/13/2026 08:12:16,15.91,11146.24
2111,07/13/2026 08:27:16,15.87,10416.64
2112,07/13/2026 08:42:16,15.87,13880.32
2113,07/13/2026 08:57:16,15.96,11863.04
2114,07/13/2026 09:12:16,16.13,15984.64
2115,07/13/2026 09:27:16,16.17,18759.68
2116,07/13/2026 09:42:16,15.91,17244.16
2117,07/13/2026 09:57:16,15.78,13634.56
2118,07/13/2026 10:12:16,15.57,15073.28
2119,07/13/2026 10:27:16,15.83,12298.24
2120,07/13/2026 10:42:16,15.06,6392.32
2121,07/13/2026 10:57:16,15.61,16122.88
2122,07/13/2026 11:12:16,16.64,19742.72
2123,07/13/2026 11:27:16,17.20,21278.72
2124,07/13/2026 11:42:16,17.24,14361.60
2125,07/13/2026 11:57:16,17.33,17664.00
2126,07/13/2026 12:12:16,17.29,17510.40
2127,07/13/2026 12:27:16,17.76,21350.40
2128,07/13/2026 12:42:16,17.50,12518.40
2129,07/13/2026 12:57:16,17.93,20275.20
2130,07/13/2026 13:12:16,17.84,7956.48
2131,07/13/2026 13:27:16,17.50,2814.72
2132,07/13/2026 13:42:16,17.84,22067.20
2133,07/13/2026 13:57:16,18.10,25139.20
2134,07/13/2026 14:12:16,17.84,23511.04
2135,07/13/2026 14:27:16,17.46,13900.80
2136,07/13/2026 14:42:16,17.41,16307.20
2137,07/13/2026 14:57:16,17.33,16384.00
2138,07/13/2026 15:12:16,17.24,10234.88
2139,07/13/2026 15:27:16,17.33,11043.84
2140,07/13/2026 15:42:16,17.33,14658.56
2141,07/13/2026 15:57:16,17.37,16409.60
2142,07/13/2026 16:12:16,17.33,12800.00
2143,07/13/2026 16:27:16,17.03,10298.88
2144,07/13/2026 16:42:16,16.77,11975.68
2145,07/13/2026 16:57:16,16.77,8814.08
2146,07/13/2026 17:12:16,16.69,7761.92
2147,07/13/2026 17:27:16,16.64,5811.20
2148,07/13/2026 17:42:16,16.56,6233.60
2149,07/13/2026 17:57:16,16.39,1676.80
2150,07/13/2026 18:12:16,16.17,559.20
2151,07/13/2026 18:27:16,15.96,804.48
2152,07/13/2026 18:42:16,16.00,462.08
2153,07/13/2026 18:57:16,15.91,3059.20
2154,07/13/2026 19:12:16,15.78,1603.20
2155,07/13/2026 19:27:16,15.36,565.28
2156,07/13/2026 19:42:16,15.27,324.64
2157,07/13/2026 19:57:16,15.01,426.40
2158,07/13/2026 20:12:16,15.01,695.04
2159,07/13/2026 20:27:16,15.18,1324.80
2160,07/13/2026 20:42:16,15.14,584.80
2161,07/13/2026 20:57:16,15.14,116.40
2162,07/13/2026 21:12:16,15.66,91.88
2163,07/13/2026 21:27:16,15.61,55.52
2164,07/13/2026 21:42:16,15.66,18.13
2165,07/13/2026 21:57:16,15.61,4.57
2166,07/13/2026 22:12:16,15.61,0.00
2167,07/13/2026 22:27:16,15.61,0.00
2168,07/13/2026 22:42:16,15.70,0.00
2169,07/13/2026 22:57:16,15.70,0.00
2170,07/13/2026 23:12:16,15.83,0.00
2171,07/13/2026 23:27:16,15.74,0.00
2172,07/13/2026 23:42:16,15.87,0.00
2173,07/13/2026 23:57:16,16.00,0.00
2174,07/14/2026 00:12:16,16.04,0.00
2175,07/14/2026 00:27:16,16.08,0.00
2176,07/14/2026 00:42:16,16.13,0.00
2177,07/14/2026 00:57:16,16.26,0.00
2178,07/14/2026 01:12:16,16.34,0.00
2179,07/14/2026 01:27:16,16.34,0.00
2180,07/14/2026 01:42:16,16.17,0.00
2181,07/14/2026 01:57:16,16.08,0.00
2182,07/14/2026 02:12:16,16.00,0.00
2183,07/14/2026 02:27:16,15.96,0.00
2184,07/14/2026 02:42:16,15.96,0.00
2185,07/14/2026 02:57:16,15.74,0.00
2186,07/14/2026 03:12:16,15.70,0.00
2187,07/14/2026 03:27:16,15.31,0.00
2188,07/14/2026 03:42:16,15.48,0.00
2189,07/14/2026 03:57:16,15.36,0.00
2190,07/14/2026 04:12:16,15.36,0.00
2191,07/14/2026 04:27:16,15.23,1.96
2192,07/14/2026 04:42:16,15.27,11.81
2193,07/14/2026 04:57:16,15.27,56.94
2194,07/14/2026 05:12:16,15.23,194.40
2195,07/14/2026 05:27:16,15.18,449.44
2196,07/14/2026 05:42:16,14.97,690.56
2197,07/14/2026 05:57:16,14.97,1130.56
2198,07/14/2026 06:12:16,14.80,2259.20
2199,07/14/2026 06:27:16,14.67,2859.52
2200,07/14/2026 06:42:16,14.63,3379.20
2201,07/14/2026 06:57:16,14.71,3674.88
2202,07/14/2026 07:12:16,14.71,4431.36
2203,07/14/2026 07:27:16,14.63,5125.12
2204,07/14/2026 07:42:16,14.20,5184.00
2205,07/14/2026 07:57:16,13.64,6195.20
2206,07/14/2026 08:12:16,13.85,6336.00
2207,07/14/2026 08:27:16,14.11,8243.20
2208,07/14/2026 08:42:16,14.20,10839.04
2209,07/14/2026 08:57:16,14.15,8906.24
2210,07/14/2026 09:12:16,14.11,3842.56
2211,07/14/2026 09:27:16,13.77,3132.16
2212,07/14/2026 09:42:16,13.77,5841.92
2213,07/14/2026 09:57:16,13.98,5486.08
2214,07/14/2026 10:12:16,14.11,6172.16
2215,07/14/2026 10:27:16,14.45,8033.28
2216,07/14/2026 10:42:16,14.67,11663.36
2217,07/14/2026 10:57:16,13.94,7121.92
2218,07/14/2026 11:12:16,13.17,10263.04
2219,07/14/2026 11:27:16,13.04,14243.84
2220,07/14/2026 11:42:16,13.12,9016.32
2221,07/14/2026 11:57:16,11.67,12497.92
2222,07/14/2026 12:12:16,10.89,8312.32
2223,07/14/2026 12:27:16,12.10,7365.12
2224,07/14/2026 12:42:16,12.31,9344.00
2225,07/14/2026 12:57:16,12.35,6709.76
2226,07/14/2026 13:12:16,12.57,7454.72
2227,07/14/2026 13:27:16,12.61,9971.20
2228,07/14/2026 13:42:16,12.78,12334.08
2229,07/14/2026 13:57:16,12.78,17571.84
2230,07/14/2026 14:12:16,13.08,30074.88
2231,07/14/2026 14:27:16,13.17,39792.64
2232,07/14/2026 14:42:16,13.04,28344.32
2233,07/14/2026 14:57:16,12.70,31580.16
2234,07/14/2026 15:12:16,12.82,38912.00
2235,07/14/2026 15:27:16,12.78,22425.60
2236,07/14/2026 15:42:16,12.74,23838.72
2237,07/14/2026 15:57:16,12.65,29102.08
2238,07/14/2026 16:12:16,12.57,18493.44
2239,07/14/2026 16:27:16,12.35,23070.72
2240,07/14/2026 16:42:16,12.57,20792.32
2241,07/14/2026 16:57:16,12.44,17725.44
2242,07/14/2026 17:12:16,12.35,19886.08
2243,07/14/2026 17:27:16,12.35,19671.04
2244,07/14/2026 17:42:16,12.35,16215.04
2245,07/14/2026 17:57:16,12.22,15759.36
2246,07/14/2026 18:12:16,12.27,5780.48
2247,07/14/2026 18:27:16,12.31,8430.08
2248,07/14/2026 18:42:16,12.31,8445.44
2249,07/14/2026 18:57:16,12.18,8174.08
2250,07/14/2026 19:12:16,12.14,5529.60
2251,07/14/2026 19:27:16,12.18,4967.68
2252,07/14/2026 19:42:16,12.22,3036.16
2253,07/14/2026 19:57:16,12.44,1834.24
2254,07/14/2026 20:12:16,12.78,1610.24
2255,07/14/2026 20:27:16,13.04,853.44
2256,07/14/2026 20:42:16,12.91,543.52
2257,07/14/2026 20:57:16,12.78,310.72
2258,07/14/2026 21:12:16,12.65,186.48
2259,07/14/2026 21:27:16,12.70,78.34
2260,07/14/2026 21:42:16,12.52,36.31
2261,07/14/2026 21:57:16,12.87,5.47
2262,07/14/2026 22:12:16,13.17,0.87
2263,07/14/2026 22:27:16,13.17,0.00
2264,07/14/2026 22:42:16,12.95,0.00
2265,07/14/2026 22:57:16,13.00,0.00
2266,07/14/2026 23:12:16,13.17,0.00
2267,07/14/2026 23:27:16,13.17,0.00
2268,07/14/2026 23:42:16,13.17,0.00
2269,07/14/2026 23:57:16,13.21,0.00
2270,07/15/2026 00:12:16,13.04,0.00
2271,07/15/2026 00:27:16,13.08,0.00
2272,07/15/2026 00:42:16,13.04,0.00
2273,07/15/2026 00:57:16,13.17,0.00
2274,07/15/2026 01:12:16,12.95,0.00
2275,07/15/2026 01:27:16,12.27,0.00
2276,07/15/2026 01:42:16,12.14,0.00
2277,07/15/2026 01:57:16,12.27,0.00
2278,07/15/2026 02:12:16,12.65,0.00
2279,07/15/2026 02:27:16,13.55,0.00
2280,07/15/2026 02:42:16,13.81,0.00
2281,07/15/2026 02:57:16,14.03,0.00
2282,07/15/2026 03:12:16,14.07,0.00
2283,07/15/2026 03:27:16,13.81,0.00
2284,07/15/2026 03:42:16,13.73,0.00
2285,07/15/2026 03:57:16,13.77,0.00
2286,07/15/2026 04:12:16,13.85,0.00
2287,07/15/2026 04:27:16,14.15,0.00
2288,07/15/2026 04:42:16,13.98,4.35
2289,07/15/2026 04:57:16,13.51,22.29
2290,07/15/2026 05:12:16,13.25,83.12
2291,07/15/2026 05:27:16,13.08,188.96
2292,07/15/2026 05:42:16,13.04,306.40
2293,07/15/2026 05:57:16,12.82,579.68
2294,07/15/2026 06:12:16,12.91,907.84
2295,07/15/2026 06:27:16,12.87,1409.28
2296,07/15/2026 06:42:16,12.61,1916.16
2297,07/15/2026 06:57:16,12.40,2517.12
2298,07/15/2026 07:12:16,12.61,3302.40
2299,07/15/2026 07:27:16,11.32,4320.00
2300,07/15/2026 07:42:16,10.94,3206.40
2301,07/15/2026 07:57:16,10.89,4641.28
2302,07/15/2026 08:12:16,10.85,5708.80
2303,07/15/2026 08:27:16,11.11,6361.60
2304,07/15/2026 08:42:16,11.75,5121.28
2305,07/15/2026 08:57:16,11.62,5521.92
2306,07/15/2026 09:12:16,11.41,5534.72
2307,07/15/2026 09:27:16,11.67,6515.20
2308,07/15/2026 09:42:16,11.37,6602.24
2309,07/15/2026 09:57:16,11.54,6702.08
2310,07/15/2026 10:12:16,11.71,7406.08
2311,07/15/2026 10:27:16,11.54,8174.08
2312,07/15/2026 10:42:16,11.07,6407.68
2313,07/15/2026 10:57:16,11.54,7065.60
2314,07/15/2026 11:12:16,11.88,6973.44
2315,07/15/2026 11:27:16,11.88,7600.64
2316,07/15/2026 11:42:16,11.92,6446.08
2317,07/15/2026 11:57:16,11.92,6640.64
2318,07/15/2026 12:12:16,12.01,7838.72
2319,07/15/2026 12:27:16,12.01,8855.04
2320,07/15/2026 12:42:16,11.97,7475.20
2321,07/15/2026 12:57:16,11.97,6922.24
2322,07/15/2026 13:12:16,11.97,7462.40
2323,07/15/2026 13:27:16,11.97,7224.32
2324,07/15/2026 13:42:16,12.05,7150.08
2325,07/15/2026 13:57:16,12.10,5975.04
2326,07/15/2026 14:12:16,12.10,6110.72
2327,07/15/2026 14:27:16,12.01,7749.12
2328,07/15/2026 14:42:16,11.97,10982.40
2329,07/15/2026 14:57:16,11.97,13772.80
2330,07/15/2026 15:12:16,11.79,11120.64
2331,07/15/2026 15:27:16,11.84,12564.48
2332,07/15/2026 15:42:16,11.88,13480.96
2333,07/15/2026 15:57:16,11.97,23275.52
2334,07/15/2026 16:12:16,11.97,26439.68
2335,07/15/2026 16:27:16,11.97,26357.76
2336,07/15/2026 16:42:16,12.10,18703.36
2337,07/15/2026 16:57:16,12.14,13557.76
2338,07/15/2026 17:12:16,11.97,22548.48
2339,07/15/2026 17:27:16,12.01,15477.76
2340,07/15/2026 17:42:16,11.92,16599.04
2341,07/15/2026 17:57:16,12.01,13189.12
2342,07/15/2026 18:12:16,11.92,11407.36
2343,07/15/2026 18:27:16,11.92,6947.84
2344,07/15/2026 18:42:16,11.88,10664.96
2345,07/15/2026 18:57:16,11.88,6604.80
2346,07/15/2026 19:12:16,11.84,5163.52
2347,07/15/2026 19:27:16,11.75,3828.48
2348,07/15/2026 19:42:16,11.58,2881.28
2349,07/15/2026 19:57:16,11.58,2226.56
2350,07/15/2026 20:12:16,11.49,1752.96
2351,07/15/2026 20:27:16,11.49,1265.60
2352,07/15/2026 20:42:16,11.41,820.80
2353,07/15/2026 20:57:16,11.37,497.28
2354,07/15/2026 21:12:16,11.24,240.80
2355,07/15/2026 21:27:16,11.24,116.40
2356,07/15/2026 21:42:16,11.15,34.13
2357,07/15/2026 21:57:16,11.19,7.18
2358,07/15/2026 22:12:16,11.24,0.43
2359,07/15/2026 22:27:16,11.28,0.00
2360,07/15/2026 22:42:16,11.41,0.00
2361,07/15/2026 22:57:16,11.41,0.00
2362,07/15/2026 23:12:16,11.41,0.00
2363,07/15/2026 23:27:16,11.37,0.00
2364,07/15/2026 23:42:16,11.32,0.00
2365,07/15/2026 23:57:16,11.32,0.00
2366,07/16/2026 00:12:16,10.89,0.00
2367,07/16/2026 00:27:16,10.89,0.00
2368,07/16/2026 00:42:16,11.02,0.00
2369,07/16/2026 00:57:16,11.02,0.00
2370,07/16/2026 01:12:16,10.98,0.00
2371,07/16/2026 01:27:16,10.98,0.00
2372,07/16/2026 01:42:16,10.98,0.00
2373,07/16/2026 01:57:16,10.89,0.00
2374,07/16/2026 02:12:16,10.89,0.00
2375,07/16/2026 02:27:16,10.85,0.00
2376,07/16/2026 02:42:16,10.72,0.00
2377,07/16/2026 02:57:16,10.72,0.00
2378,07/16/2026 03:12:16,10.68,0.00
2379,07/16/2026 03:27:16,10.55,0.00
2380,07/16/2026 03:42:16,10.59,0.00
2381,07/16/2026 03:57:16,10.55,0.00
2382,07/16/2026 04:12:16,10.42,0.00
2383,07/16/2026 04:27:16,10.34,0.21
2384,07/16/2026 04:42:16,10.64,2.61
2385,07/16/2026 04:57:16,9.05,12.00
2386,07/16/2026 05:12:16,10.08,43.32
2387,07/16/2026 05:27:16,10.34,119.88
2388,07/16/2026 05:42:16,10.51,133.04
2389,07/16/2026 05:57:16,10.64,201.44
2390,07/16/2026 06:12:16,10.55,250.40
2391,07/16/2026 06:27:16,10.29,359.68
2392,07/16/2026 06:42:16,10.25,483.36
2393,07/16/2026 06:57:16,10.46,466.40
2394,07/16/2026 07:12:16,10.38,804.48
2395,07/16/2026 07:27:16,9.14,1578.24
2396,07/16/2026 07:42:16,8.02,1105.28
2397,07/16/2026 07:57:16,8.11,1100.16
2398,07/16/2026 08:12:16,8.19,2097.28
2399,07/16/2026 08:27:16,8.92,1242.88
2400,07/16/2026 08:42:16,8.88,2759.68
2401,07/16/2026 08:57:16,9.35,5332.48
2402,07/16/2026 09:12:16,9.65,2325.76
2403,07/16/2026 09:27:16,9.74,5072.64
2404,07/16/2026 09:42:16,9.82,5003.52
2405,07/16/2026 09:57:16,10.08,5550.08
2406,07/16/2026 10:12:16,10.34,5744.64
2407,07/16/2026 10:27:16,10.51,6407.68
2408,07/16/2026 10:42:16,10.77,6814.72
2409,07/16/2026 10:57:16,10.72,7006.72
2410,07/16/2026 11:12:16,10.59,6371.84
2411,07/16/2026 11:27:16,10.72,6891.52
2412,07/16/2026 11:42:16,10.81,7324.16
2413,07/16/2026 11:57:16,10.85,7434.24
2414,07/16/2026 12:12:16,10.85,7984.64
2415,07/16/2026 12:27:16,10.85,5173.76
2416,07/16/2026 12:42:16,10.94,8898.56
2417,07/16/2026 12:57:16,10.94,11264.00
2418,07/16/2026 13:12:16,11.02,12282.88
2419,07/16/2026 13:27:16,10.94,9784.32
2420,07/16/2026 13:42:16,10.94,8417.28
2421,07/16/2026 13:57:16,10.94,9448.96
2422,07/16/2026 14:12:16,10.72,7769.60
2423,07/16/2026 14:27:16,10.64,7132.16
2424,07/16/2026 14:42:16,10.68,8389.12
2425,07/16/2026 14:57:16,10.59,11509.76
2426,07/16/2026 15:12:16,10.64,8000.00
2427,07/16/2026 15:27:16,10.72,18913.28
2428,07/16/2026 15:42:16,10.72,13675.52
2429,07/16/2026 15:57:16,10.72,19020.80
2430,07/16/2026 16:12:16,10.55,24637.44
2431,07/16/2026 16:27:16,10.51,16117.76
2432,07/16/2026 16:42:16,10.46,7672.32
2433,07/16/2026 16:57:16,10.42,13711.36
2434,07/16/2026 17:12:16,10.42,11264.00
2435,07/16/2026 17:27:16,10.46,9664.00
2436,07/16/2026 17:42:16,10.46,10972.16
2437,07/16/2026 17:57:16,10.51,9210.88
2438,07/16/2026 18:12:16,10.51,7183.36
2439,07/16/2026 18:27:16,10.46,7306.24
2440,07/16/2026 18:42:16,10.42,6679.04
2441,07/16/2026 18:57:16,10.42,6013.44
2442,07/16/2026 19:12:16,10.34,5086.72
2443,07/16/2026 19:27:16,10.29,3996.16
2444,07/16/2026 19:42:16,10.21,2772.48
2445,07/16/2026 19:57:16,10.21,2170.24
2446,07/16/2026 20:12:16,10.16,1904.00
2447,07/16/2026 20:27:16,10.08,1199.36
2448,07/16/2026 20:42:16,10.04,813.76
2449,07/16/2026 20:57:16,10.08,568.32
2450,07/16/2026 21:12:16,9.86,266.08
2451,07/16/2026 21:27:16,9.82,111.16
2452,07/16/2026 21:42:16,9.74,37.18
2453,07/16/2026 21:57:16,9.69,7.86
2454,07/16/2026 22:12:16,9.74,1.08
2455,07/16/2026 22:27:16,9.82,0.00
2456,07/16/2026 22:42:16,9.78,0.00
2457,07/16/2026 22:57:16,9.91,0.00
2458,07/16/2026 23:12:16,9.78,0.00
2459,07/16/2026 23:27:16,9.78,0.00
2460,07/16/2026 23:42:16,9.69,0.00
2461,07/16/2026 23:57:16,9.65,0.00
2462,07/17/2026 00:12:16,9.65,0.00
2463,07/17/2026 00:27:16,9.65,0.00
2464,07/17/2026 00:42:16,9.78,0.00
2465,07/17/2026 00:57:16,9.86,0.00
2466,07/17/2026 01:12:16,9.86,0.00
2467,07/17/2026 01:27:16,9.82,0.00
2468,07/17/2026 01:42:16,9.86,0.00
2469,07/17/2026 01:57:16,9.86,0.00
2470,07/17/2026 02:12:16,9.91,0.00
2471,07/17/2026 02:27:16,10.04,0.00
2472,07/17/2026 02:42:16,10.12,0.00
2473,07/17/2026 02:57:16,10.12,0.00
2474,07/17/2026 03:12:16,10.08,0.00
2475,07/17/2026 03:27:16,10.08,0.00
2476,07/17/2026 03:42:16,10.04,0.00
2477,07/17/2026 03:57:16,9.99,0.00
2478,07/17/2026 04:12:16,10.04,0.00
2479,07/17/2026 04:27:16,9.99,0.65
2480,07/17/2026 04:42:16,9.95,5.44
2481,07/17/2026 04:57:16,9.95,27.35
2482,07/17/2026 05:12:16,9.95,104.20
2483,07/17/2026 05:27:16,9.86,248.88
2484,07/17/2026 05:42:16,9.78,486.08
2485,07/17/2026 05:57:16,9.52,728.64
2486,07/17/2026 06:12:16,9.35,1242.88
2487,07/17/2026 06:27:16,9.39,1738.24
2488,07/17/2026 06:42:16,9.39,2219.52
2489,07/17/2026 06:57:16,9.39,3088.64
2490,07/17/2026 07:12:16,9.44,3842.56
2491,07/17/2026 07:27:16,9.48,4803.84
2492,07/17/2026 07:42:16,9.56,6937.60
2493,07/17/2026 07:57:16,9.65,9295.36
2494,07/17/2026 08:12:16,9.82,11253.76
2495,07/17/2026 08:27:16,10.85,17377.28
2496,07/17/2026 08:42:16,11.28,16199.68
2497,07/17/2026 08:57:16,11.37,17664.00
2498,07/17/2026 09:12:16,11.32,16501.76
2499,07/17/2026 09:27:16,11.54,24248.32
2500,07/17/2026 09:42:16,11.97,24647.68
2501,07/17/2026 09:57:16,11.88,21667.84
2502,07/17/2026 10:12:16,11.97,27248.64
2503,07/17/2026 10:27:16,11.45,8939.52
2504,07/17/2026 10:42:16,11.49,12707.84
2505,07/17/2026 10:57:16,11.92,24483.84
2506,07/17/2026 11:12:16,12.05,23848.96
2507,07/17/2026 11:27:16,12.14,23449.60
2508,07/17/2026 11:42:16,12.01,17802.24
2509,07/17/2026 11:57:16,12.05,15324.16
2510,07/17/2026 12:12:16,12.10,14520.32
2511,07/17/2026 12:27:16,11.92,12518.40
2512,07/17/2026 12:42:16,11.88,11110.40
2513,07/17/2026 12:57:16,12.05,15969.28
2514,07/17/2026 13:12:16,12.22,13916.16
2515,07/17/2026 13:27:16,12.52,19087.36
2516,07/17/2026 13:42:16,12.78,32307.20
2517,07/17/2026 13:57:16,12.87,20469.76
2518,07/17/2026 14:12:16,12.91,28160.00
2519,07/17/2026 14:27:16,13.12,35368.96
2520,07/17/2026 14:42:16,13.30,29900.80
2521,07/17/2026 14:57:16,13.55,22722.56
2522,07/17/2026 15:12:16,13.51,28549.12
2523,07/17/2026 15:27:16,13.60,27453.44
2524,07/17/2026 15:42:16,13.77,25210.88
2525,07/17/2026 15:57:16,13.85,26388.48
2526,07/17/2026 16:12:16,13.94,33095.68
2527,07/17/2026 16:27:16,13.90,11888.64
2528,07/17/2026 16:42:16,14.37,33863.68
2529,07/17/2026 16:57:16,14.45,28518.40
2530,07/17/2026 17:12:16,14.54,21227.52
2531,07/17/2026 17:27:16,14.63,22640.64
2532,07/17/2026 17:42:16,14.63,24350.72
2533,07/17/2026 17:57:16,14.67,17530.88
2534,07/17/2026 18:12:16,14.37,13091.84
2535,07/17/2026 18:27:16,14.07,11330.56
2536,07/17/2026 18:42:16,14.07,9712.64
2537,07/17/2026 18:57:16,13.64,7777.28
2538,07/17/2026 19:12:16,13.47,6297.60
2539,07/17/2026 19:27:16,13.77,5167.36
2540,07/17/2026 19:42:16,13.90,3797.76
2541,07/17/2026 19:57:16,13.81,3773.44
2542,07/17/2026 20:12:16,13.94,2714.88
2543,07/17/2026 20:27:16,14.07,1966.72
2544,07/17/2026 20:42:16,14.03,1532.80
2545,07/17/2026 20:57:16,14.03,816.96
2546,07/17/2026 21:12:16,13.55,429.44
2547,07/17/2026 21:27:16,13.64,156.68
2548,07/17/2026 21:42:16,13.68,52.10
2549,07/17/2026 21:57:16,13.60,10.26
2550,07/17/2026 22:12:16,13.55,1.08
2551,07/17/2026 22:27:16,13.55,0.00
2552,07/17/2026 22:42:16,13.43,0.00
2553,07/17/2026 22:57:16,13.34,0.00
2554,07/17/2026 23:12:16,13.30,0.00
2555,07/17/2026 23:27:16,13.21,0.00
2556,07/17/2026 23:42:16,13.08,0.00
2557,07/17/2026 23:57:16,13.08,0.00
2558,07/18/2026 00:12:16,13.04,0.00
2559,07/18/2026 00:27:16,12.78,0.00
2560,07/18/2026 00:42:16,12.44,0.00
2561,07/18/2026 00:57:16,12.48,0.00
2562,07/18/2026 01:12:16,12.44,0.00
2563,07/18/2026 01:27:16,11.45,0.00
2564,07/18/2026 01:42:16,10.77,0.00
2565,07/18/2026 01:57:16,10.51,0.00
2566,07/18/2026 02:12:16,10.21,0.00
2567,07/18/2026 02:27:16,9.86,0.00
2568,07/18/2026 02:42:16,9.78,0.00
2569,07/18/2026 02:57:16,9.74,0.00
2570,07/18/2026 03:12:16,9.69,0.00
2571,07/18/2026 03:27:16,10.77,0.00
2572,07/18/2026 03:42:16,10.94,0.00
2573,07/18/2026 03:57:16,10.85,0.00
2574,07/18/2026 04:12:16,11.07,0.00
2575,07/18/2026 04:27:16,10.68,0.00
2576,07/18/2026 04:42:16,11.37,0.00
2577,07/18/2026 04:57:16,11.15,3.48
2578,07/18/2026 05:12:16,10.94,12.87
2579,07/18/2026 05:27:16,10.77,23.41
2580,07/18/2026 05:42:16,11.07,62.16
2581,07/18/2026 05:57:16,11.37,174.32
2582,07/18/2026 06:12:16,11.15,379.04
2583,07/18/2026 06:27:16,11.28,853.44
2584,07/18/2026 06:42:16,11.24,1935.36
2585,07/18/2026 06:57:16,11.02,1937.28
2586,07/18/2026 07:12:16,10.85,2367.36
2587,07/18/2026 07:27:16,10.94,2254.08
2588,07/18/2026 07:42:16,10.68,3416.32
2589,07/18/2026 07:57:16,10.89,5992.96
2590,07/18/2026 08:12:16,11.15,7426.56
2591,07/18/2026 08:27:16,11.07,6359.04
2592,07/18/2026 08:42:16,11.07,6899.20
2593,07/18/2026 08:57:16,10.94,4629.76
2594,07/18/2026 09:12:16,11.67,17571.84
2595,07/18/2026 09:27:16,11.84,16645.12
2596,07/18/2026 09:42:16,12.01,19937.28
2597,07/18/2026 09:57:16,12.10,25128.96
2598,07/18/2026 10:12:16,12.01,24166.40
2599,07/18/2026 10:27:16,11.62,27187.20
2600,07/18/2026 10:42:16,11.45,31057.92
2601,07/18/2026 10:57:16,11.37,32552.96
2602,07/18/2026 11:12:16,11.41,21452.80
2603,07/18/2026 11:27:16,11.19,21995.52
2604,07/18/2026 11:42:16,11.19,20229.12
2605,07/18/2026 11:57:16,11.07,23183.36
2606,07/18/2026 12:12:16,11.07,27770.88
2607,07/18/2026 12:27:16,11.19,27545.60
2608,07/18/2026 12:42:16,11.32,19783.68
2609,07/18/2026 12:57:16,11.19,33290.24
2610,07/18/2026 13:12:16,11.45,28692.48
2611,07/18/2026 13:27:16,11.62,26368.00
2612,07/18/2026 13:42:16,11.67,24616.96
2613,07/18/2026 13:57:16,11.58,28149.76
2614,07/18/2026 14:12:16,11.79,33280.00
2615,07/18/2026 14:27:16,10.85,29573.12
2616,07/18/2026 14:42:16,10.25,23388.16
2617,07/18/2026 14:57:16,10.85,25927.68
2618,07/18/2026 15:12:16,9.99,23623.68
2619,07/18/2026 15:27:16,10.42,34088.96
2620,07/18/2026 15:42:16,10.16,18652.16
2621,07/18/2026 15:57:16,10.64,18974.72
2622,07/18/2026 16:12:16,11.11,22661.12
2623,07/18/2026 16:27:16,11.67,20807.68
2624,07/18/2026 16:42:16,11.75,17085.44
2625,07/18/2026 16:57:16,11.92,20290.56
2626,07/18/2026 17:12:16,12.05,14592.00
2627,07/18/2026 17:27:16,12.01,19169.28
2628,07/18/2026 17:42:16,12.40,14325.76
2629,07/18/2026 17:57:16,12.48,9943.04
2630,07/18/2026 18:12:16,12.48,14551.04
2631,07/18/2026 18:27:16,12.01,11955.20
2632,07/18/2026 18:42:16,12.01,7498.24
2633,07/18/2026 18:57:16,12.18,7416.32
2634,07/18/2026 19:12:16,12.14,6556.16
2635,07/18/2026 19:27:16,12.01,4285.44
2636,07/18/2026 19:42:16,11.97,4299.52
2637,07/18/2026 19:57:16,11.79,3274.24
2638,07/18/2026 20:12:16,11.88,2336.00
2639,07/18/2026 20:27:16,11.79,1886.72
2640,07/18/2026 20:42:16,11.79,1113.92
2641,07/18/2026 20:57:16,11.79,646.24
2642,07/18/2026 21:12:16,11.75,339.68
2643,07/18/2026 21:27:16,11.75,152.32
2644,07/18/2026 21:42:16,11.71,42.90
2645,07/18/2026 21:57:16,11.67,8.08
2646,07/18/2026 22:12:16,11.62,0.43
2647,07/18/2026 22:27:16,11.54,0.00
2648,07/18/2026 22:42:16,11.49,0.00
2649,07/18/2026 22:57:16,11.45,0.00
2650,07/18/2026 23:12:16,11.37,0.00
2651,07/18/2026 23:27:16,11.07,0.00
2652,07/18/2026 23:42:16,10.55,0.00
2653,07/18/2026 23:57:16,10.21,0.00
2654,07/19/2026 00:12:16,10.21,0.00
2655,07/19/2026 00:27:16,10.34,0.00
2656,07/19/2026 00:42:16,10.29,0.00
2657,07/19/2026 00:57:16,10.29,0.00
2658,07/19/2026 01:12:16,10.29,0.00
2659,07/19/2026 01:27:16,10.25,0.00
2660,07/19/2026 01:42:16,10.25,0.00
2661,07/19/2026 01:57:16,10.29,0.00
2662,07/19/2026 02:12:16,10.21,0.00
2663,07/19/2026 02:27:16,10.21,0.00
2664,07/19/2026 02:42:16,10.21,0.00
2665,07/19/2026 02:57:16,10.12,0.00
2666,07/19/2026 03:12:16,10.21,0.00
2667,07/19/2026 03:27:16,10.42,0.00
2668,07/19/2026 03:42:16,10.64,0.00
2669,07/19/2026 03:57:16,10.59,0.00
2670,07/19/2026 04:12:16,10.25,0.00
2671,07/19/2026 04:27:16,10.16,0.21
2672,07/19/2026 04:42:16,10.25,1.96
2673,07/19/2026 04:57:16,10.34,13.12
2674,07/19/2026 05:12:16,10.25,55.14
2675,07/19/2026 05:27:16,10.16,164.48
2676,07/19/2026 05:42:16,10.08,340.48
2677,07/19/2026 05:57:16,10.04,452.48
2678,07/19/2026 06:12:16,9.95,644.96
2679,07/19/2026 06:27:16,9.86,1511.68
2680,07/19/2026 06:42:16,9.91,2360.32
2681,07/19/2026 06:57:16,9.91,2600.96
2682,07/19/2026 07:12:16,9.95,3957.76
2683,07/19/2026 07:27:16,9.95,3296.00
2684,07/19/2026 07:42:16,10.04,6220.80
2685,07/19/2026 07:57:16,10.04,5765.12
2686,07/19/2026 08:12:16,10.12,7672.32
2687,07/19/2026 08:27:16,10.25,11781.12
2688,07/19/2026 08:42:16,10.46,17013.76
2689,07/19/2026 08:57:16,10.38,8445.44
2690,07/19/2026 09:12:16,10.29,8506.88
2691,07/19/2026 09:27:16,10.34,9016.32
2692,07/19/2026 09:42:16,10.38,9510.40
2693,07/19/2026 09:57:16,10.72,18222.08
2694,07/19/2026 10:12:16,11.07,25210.88
2695,07/19/2026 10:27:16,11.07,26521.60
2696,07/19/2026 10:42:16,11.02,19927.04
2697,07/19/2026 10:57:16,11.02,23142.40
2698,07/19/2026 11:12:16,11.28,23910.40
2699,07/19/2026 11:27:16,11.11,20679.68
2700,07/19/2026 11:42:16,11.02,17438.72
2701,07/19/2026 11:57:16,10.77,14965.76
2702,07/19/2026 12:12:16,10.77,16808.96
2703,07/19/2026 12:27:16,10.94,20172.80
2704,07/19/2026 12:42:16,10.77,13772.80
2705,07/19/2026 12:57:16,10.55,9448.96
2706,07/19/2026 13:12:16,10.55,11079.68
2707,07/19/2026 13:27:16,10.46,8138.24
2708,07/19/2026 13:42:16,10.64,12610.56
2709,07/19/2026 13:57:16,10.55,10608.64
2710,07/19/2026 14:12:16,10.64,11238.40
2711,07/19/2026 14:27:16,10.68,11934.72
2712,07/19/2026 14:42:16,11.07,13808.64
2713,07/19/2026 14:57:16,11.54,12247.04
2714,07/19/2026 15:12:16,11.67,13173.76
2715,07/19/2026 15:27:16,11.58,10854.40
2716,07/19/2026 15:42:16,11.67,10854.40
2717,07/19/2026 15:57:16,11.67,11028.48
2718,07/19/2026 16:12:16,11.67,11146.24
2719,07/19/2026 16:27:16,11.75,12190.72
2720,07/19/2026 16:42:16,11.58,12052.48
2721,07/19/2026 16:57:16,11.67,14556.16
2722,07/19/2026 17:12:16,11.54,11110.40
2723,07/19/2026 17:27:16,11.49,8417.28
2724,07/19/2026 17:42:16,11.58,14822.40
2725,07/19/2026 17:57:16,11.58,13337.60
2726,07/19/2026 18:12:16,11.49,8842.24
2727,07/19/2026 18:27:16,11.58,9692.16
2728,07/19/2026 18:42:16,11.62,9057.28
2729,07/19/2026 18:57:16,11.62,8000.00
2730,07/19/2026 19:12:16,11.62,5424.64
2731,07/19/2026 19:27:16,11.67,7344.64
2732,07/19/2026 19:42:16,11.79,6200.32
2733,07/19/2026 19:57:16,11.92,5245.44
2734,07/19/2026 20:12:16,11.88,3165.44
2735,07/19/2026 20:27:16,11.88,1342.72
2736,07/19/2026 20:42:16,11.84,893.12
2737,07/19/2026 20:57:16,11.84,498.24
2738,07/19/2026 21:12:16,11.75,268.08
2739,07/19/2026 21:27:16,11.71,135.64
2740,07/19/2026 21:42:16,11.54,47.74
2741,07/19/2026 21:57:16,11.41,8.73
2742,07/19/2026 22:12:16,11.45,0.87
2743,07/19/2026 22:27:16,11.32,0.00
2744,07/19/2026 22:42:16,11.41,0.00
2745,07/19/2026 22:57:16,11.19,0.00
2746,07/19/2026 23:12:16,11.49,0.00
2747,07/19/2026 23:27:16,11.62,0.00
2748,07/19/2026 23:42:16,11.67,0.00
2749,07/19/2026 23:57:16,11.67,0.00
2750,07/20/2026 00:12:16,11.67,0.00
2751,07/20/2026 00:27:16,11.79,0.00
2752,07/20/2026 00:42:16,11.79,0.00
2753,07/20/2026 00:57:16,11.75,0.00
2754,07/20/2026 01:12:16,11.67,0.00
2755,07/20/2026 01:27:16,11.45,0.00
2756,07/20/2026 01:42:16,11.62,0.00
2757,07/20/2026 01:57:16,11.62,0.00
2758,07/20/2026 02:12:16,11.62,0.00
2759,07/20/2026 02:27:16,11.71,0.00
2760,07/20/2026 02:42:16,11.75,0.00
2761,07/20/2026 02:57:16,11.88,0.00
2762,07/20/2026 03:12:16,11.84,0.00
2763,07/20/2026 03:27:16,11.79,0.00
2764,07/20/2026 03:42:16,11.79,0.00
2765,07/20/2026 03:57:16,11.84,0.00
2766,07/20/2026 04:12:16,11.79,0.00
2767,07/20/2026 04:27:16,11.67,0.00
2768,07/20/2026 04:42:16,11.67,1.74
2769,07/20/2026 04:57:16,11.62,14.21
2770,07/20/2026 05:12:16,11.54,43.32
2771,07/20/2026 05:27:16,11.62,126.96
2772,07/20/2026 05:42:16,11.49,402.88
2773,07/20/2026 05:57:16,11.45,680.96
2774,07/20/2026 06:12:16,11.49,275.92
2775,07/20/2026 06:27:16,11.37,1996.16
2776,07/20/2026 06:42:16,11.37,3399.68
2777,07/20/2026 06:57:16,11.28,3706.88
2778,07/20/2026 07:12:16,11.41,6074.88
2779,07/20/2026 07:27:16,11.49,5591.04
2780,07/20/2026 07:42:16,11.75,7316.48
2781,07/20/2026 07:57:16,11.88,8048.64
2782,07/20/2026 08:12:16,12.01,9692.16
2783,07/20/2026 08:27:16,12.05,5713.92
2784,07/20/2026 08:42:16,12.40,9351.68
2785,07/20/2026 08:57:16,12.61,11776.00
2786,07/20/2026 09:12:16,12.74,12610.56
2787,07/20/2026 09:27:16,12.31,44.74
2788,07/20/2026 09:42:16,12.18,27.63
2789,07/20/2026 09:57:16,12.31,19.51
2790,07/20/2026 10:12:16,12.35,4.60
2791,07/20/2026 10:27:16,12.57,12.05
2792,07/20/2026 10:42:16,14.15,32471.04
2793,07/20/2026 10:57:16,14.24,40898.56
2794,07/20/2026 11:12:16,14.20,34058.24
2795,07/20/2026 11:27:16,14.37,33392.64
2796,07/20/2026 11:42:16,14.84,35686.40
2797,07/20/2026 11:57:16,14.50,36802.56
2798,07/20/2026 12:12:16,14.54,42987.52
2799,07/20/2026 12:27:16,14.33,31283.20
2800,07/20/2026 12:42:16,13.60,59371.52
2801,07/20/2026 12:57:16,14.33,36884.48
2802,07/20/2026 13:12:16,13.85,48680.96
2803,07/20/2026 13:27:16,13.43,28241.92
2804,07/20/2026 13:42:16,13.17,31078.40
2805,07/20/2026 13:57:16,13.43,28887.04
2806,07/20/2026 14:12:16,13.08,31272.96
2807,07/20/2026 14:27:16,13.17,19143.68
2808,07/20/2026 14:42:16,13.85,40202.24
2809,07/20/2026 14:57:16,13.68,28569.60
2810,07/20/2026 15:12:16,13.85,27176.96
2811,07/20/2026 15:27:16,14.03,26224.64
2812,07/20/2026 15:42:16,14.07,26460.16
2813,07/20/2026 15:57:16,13.98,24606.72
2814,07/20/2026 16:12:16,13.68,17638.40
2815,07/20/2026 16:27:16,13.55,16291.84
2816,07/20/2026 16:42:16,13.47,12359.68
2817,07/20/2026 16:57:16,13.43,15129.60
2818,07/20/2026 17:12:16,13.43,11182.08
2819,07/20/2026 17:27:16,13.34,8110.08
2820,07/20/2026 17:42:16,13.34,7114.24
2821,07/20/2026 17:57:16,13.34,6417.92
2822,07/20/2026 18:12:16,13.43,5667.84
2823,07/20/2026 18:27:16,14.03,4226.56
2824,07/20/2026 18:42:16,14.41,3601.92
2825,07/20/2026 18:57:16,14.67,2227.84
2826,07/20/2026 19:12:16,14.97,1543.04
2827,07/20/2026 19:27:16,15.23,1245.44
2828,07/20/2026 19:42:16,14.75,969.28
2829,07/20/2026 19:57:16,14.58,532.64
2830,07/20/2026 20:12:16,14.54,462.56
2831,07/20/2026 20:27:16,14.58,235.60
2832,07/20/2026 20:42:16,14.45,117.36
2833,07/20/2026 20:57:16,14.37,56.88
2834,07/20/2026 21:12:16,14.24,28.20
2835,07/20/2026 21:27:16,13.77,17.91
2836,07/20/2026 21:42:16,13.21,4.60
2837,07/20/2026 21:57:16,12.78,0.43
2838,07/20/2026 22:12:16,12.40,0.00
2839,07/20/2026 22:27:16,12.27,0.00
2840,07/20/2026 22:42:16,12.10,0.00
2841,07/20/2026 22:57:16,12.22,0.00
2842,07/20/2026 23:12:16,11.92,0.00
2843,07/20/2026 23:27:16,11.79,0.00
2844,07/20/2026 23:42:16,11.49,0.00
2845,07/20/2026 23:57:16,11.32,0.00
2846,07/21/2026 00:12:16,11.11,0.00
2847,07/21/2026 00:27:16,10.98,0.00
2848,07/21/2026 00:42:16,11.02,0.00
2849,07/21/2026 00:57:16,10.98,0.00
2850,07/21/2026 01:12:16,11.11,0.00
2851,07/21/2026 01:27:16,11.24,0.00
2852,07/21/2026 01:42:16,11.28,0.00
2853,07/21/2026 01:57:16,11.28,0.00
2854,07/21/2026 02:12:16,11.28,0.00
2855,07/21/2026 02:27:16,11.24,0.00
2856,07/21/2026 02:42:16,11.15,0.00
2857,07/21/2026 02:57:16,11.15,0.00
2858,07/21/2026 03:12:16,11.15,0.00
2859,07/21/2026 03:27:16,11.24,0.00
2860,07/21/2026 03:42:16,11.28,0.00
2861,07/21/2026 03:57:16,11.28,0.00
2862,07/21/2026 04:12:16,11.24,0.00
2863,07/21/2026 04:27:16,11.24,0.00
2864,07/21/2026 04:42:16,11.11,0.00
2865,07/21/2026 04:57:16,11.15,0.87
2866,07/21/2026 05:12:16,11.11,2.61
2867,07/21/2026 05:27:16,11.02,7.84
2868,07/21/2026 05:42:16,10.94,18.81
2869,07/21/2026 05:57:16,10.94,41.54
2870,07/21/2026 06:12:16,10.94,97.20
2871,07/21/2026 06:27:16,10.81,155.80
2872,07/21/2026 06:42:16,10.85,307.28
2873,07/21/2026 06:57:16,10.89,444.64
2874,07/21/2026 07:12:16,11.11,391.20
2875,07/21/2026 07:27:16,11.11,485.12
2876,07/21/2026 07:42:16,11.24,448.16
2877,07/21/2026 07:57:16,11.54,796.48
2878,07/21/2026 08:12:16,11.49,1680.00
2879,07/21/2026 08:27:16,11.24,1489.92
2880,07/21/2026 08:42:16,11.24,1680.00
2881,07/21/2026 08:57:16,11.32,1624.32
2882,07/21/2026 09:12:16,11.28,2661.12
2883,07/21/2026 09:27:16,11.15,2266.24
2884,07/21/2026 09:42:16,11.19,1715.20
2885,07/21/2026 09:57:16,11.32,2325.76
2886,07/21/2026 10:12:16,11.41,2941.44
2887,07/21/2026 10:27:16,11.54,2973.44
2888,07/21/2026 10:42:16,11.37,3943.68
2889,07/21/2026 10:57:16,11.49,7692.80
2890,07/21/2026 11:12:16,11.54,5688.32
2891,07/21/2026 11:27:16,11.67,5882.88
2892,07/21/2026 11:42:16,11.79,3358.72
2893,07/21/2026 11:57:16,11.92,5245.44
2894,07/21/2026 12:12:16,11.97,1905.92
2895,07/21/2026 12:27:16,12.14,4654.08
2896,07/21/2026 12:42:16,12.01,2381.44
2897,07/21/2026 12:57:16,11.97,1476.48
2898,07/21/2026 13:12:16,11.88,1759.36
2899,07/21/2026 13:27:16,11.92,1154.88
2900,07/21/2026 13:42:16,12.10,1573.76
2901,07/21/2026 13:57:16,12.05,1297.92
2902,07/21/2026 14:12:16,11.71,710.72
2903,07/21/2026 14:27:16,11.28,904.00
2904,07/21/2026 14:42:16,11.02,1194.24
2905,07/21/2026 14:57:16,10.85,965.12
2906,07/21/2026 15:12:16,10.81,1098.24
2907,07/21/2026 15:27:16,10.85,1747.20
2908,07/21/2026 15:42:16,10.89,1025.92
2909,07/21/2026 15:57:16,10.89,1600.64
2910,07/21/2026 16:12:16,10.72,964.16
2911,07/21/2026 16:27:16,10.77,621.44
2912,07/21/2026 16:42:16,10.85,558.24
2913,07/21/2026 16:57:16,10.89,672.00
2914,07/21/2026 17:12:16,10.94,768.64
2915,07/21/2026 17:27:16,10.98,706.24
2916,07/21/2026 17:42:16,10.94,760.00
2917,07/21/2026 17:57:16,10.64,431.52
2918,07/21/2026 18:12:16,10.42,692.48
2919,07/21/2026 18:27:16,10.25,530.40
2920,07/21/2026 18:42:16,10.21,451.52
2921,07/21/2026 18:57:16,10.34,567.04
2922,07/21/2026 19:12:16,10.38,401.92
2923,07/21/2026 19:27:16,10.25,227.52
2924,07/21/2026 19:42:16,10.25,225.76
2925,07/21/2026 19:57:16,9.95,239.92
2926,07/21/2026 20:12:16,9.82,177.68
2927,07/21/2026 20:27:16,9.48,169.84
2928,07/21/2026 20:42:16,9.26,119.88
2929,07/21/2026 20:57:16,9.18,43.76
2930,07/21/2026 21:12:16,9.09,33.70
2931,07/21/2026 21:27:16,9.05,13.33
2932,07/21/2026 21:42:16,9.01,3.48
2933,07/21/2026 21:57:16,9.05,0.21
2934,07/21/2026 22:12:16,8.92,0.00
2935,07/21/2026 22:27:16,9.56,0.00
2936,07/21/2026 22:42:16,9.95,0.00
2937,07/21/2026 22:57:16,10.16,0.00
2938,07/21/2026 23:12:16,9.82,0.00
2939,07/21/2026 23:27:16,9.78,0.00
2940,07/21/2026 23:42:16,10.42,0.00
2941,07/21/2026 23:57:16,10.81,0.00
2942,07/22/2026 00:12:16,10.94,0.00
2943,07/22/2026 00:27:16,11.02,0.00
2944,07/22/2026 00:42:16,10.51,0.00
2945,07/22/2026 00:57:16,10.42,0.00
2946,07/22/2026 01:12:16,10.77,0.00
2947,07/22/2026 01:27:16,10.81,0.00
2948,07/22/2026 01:42:16,10.68,0.00
2949,07/22/2026 01:57:16,10.55,0.00
2950,07/22/2026 02:12:16,10.04,0.00
2951,07/22/2026 02:27:16,9.78,0.00
2952,07/22/2026 02:42:16,9.95,0.00
2953,07/22/2026 02:57:16,10.12,0.00
2954,07/22/2026 03:12:16,10.08,0.00
2955,07/22/2026 03:27:16,9.99,0.00
2956,07/22/2026 03:42:16,9.65,0.00
2957,07/22/2026 03:57:16,9.56,0.00
2958,07/22/2026 04:12:16,9.99,0.00
2959,07/22/2026 04:27:16,10.08,0.00
2960,07/22/2026 04:42:16,9.44,0.00
2961,07/22/2026 04:57:16,9.82,1.08
2962,07/22/2026 05:12:16,9.35,9.60
2963,07/22/2026 05:27:16,9.52,22.75
2964,07/22/2026 05:42:16,9.82,64.34
2965,07/22/2026 05:57:16,9.78,84.84
2966,07/22/2026 06:12:16,9.99,108.56
2967,07/22/2026 06:27:16,9.91,239.92
2968,07/22/2026 06:42:16,9.61,349.28
2969,07/22/2026 06:57:16,9.69,451.52
2970,07/22/2026 07:12:16,9.74,293.28
2971,07/22/2026 07:27:16,9.74,446.40
2972,07/22/2026 07:42:16,9.78,539.20
2973,07/22/2026 07:57:16,9.69,581.44
2974,07/22/2026 08:12:16,9.69,934.40
2975,07/22/2026 08:27:16,9.61,1297.92
2976,07/22/2026 08:42:16,9.61,1261.12
2977,07/22/2026 08:57:16,9.52,1288.96
2978,07/22/2026 09:12:16,9.31,1320.96
2979,07/22/2026 09:27:16,9.14,1750.40
2980,07/22/2026 09:42:16,9.18,2182.40
2981,07/22/2026 09:57:16,8.88,2659.84
2982,07/22/2026 10:12:16,8.92,2229.76
2983,07/22/2026 10:27:16,8.92,2636.80
2984,07/22/2026 10:42:16,8.96,2654.72
2985,07/22/2026 10:57:16,9.05,2565.76
2986,07/22/2026 11:12:16,9.09,3637.76
2987,07/22/2026 11:27:16,9.18,4079.36
2988,07/22/2026 11:42:16,9.14,3512.32
2989,07/22/2026 11:57:16,9.22,3672.32
2990,07/22/2026 12:12:16,9.26,5198.08
2991,07/22/2026 12:27:16,9.22,4821.76
2992,07/22/2026 12:42:16,9.22,5006.08
2993,07/22/2026 12:57:16,9.26,4839.68
2994,07/22/2026 13:12:16,9.26,3804.16
2995,07/22/2026 13:27:16,9.35,6167.04
2996,07/22/2026 13:42:16,9.35,5529.60
2997,07/22/2026 13:57:16,9.39,5724.16
2998,07/22/2026 14:12:16,9.44,4637.44
2999,07/22/2026 14:27:16,9.44,4787.20
3000,07/22/2026 14:42:16,9.52,4069.12
3001,07/22/2026 14:57:16,9.56,5082.88
3002,07/22/2026 15:12:16,9.44,4390.40
3003,07/22/2026 15:27:16,9.44,3493.12
3004,07/22/2026 15:42:16,9.56,3173.12
3005,07/22/2026 15:57:16,9.56,3124.48
3006,07/22/2026 16:12:16,9.56,1992.96
3007,07/22/2026 16:27:16,9.39,1809.92
3008,07/22/2026 16:42:16,9.52,2543.36
3009,07/22/2026 16:57:16,9.52,2699.52
3010,07/22/2026 17:12:16,9.52,2661.12
3011,07/22/2026 17:27:16,9.56,3307.52
3012,07/22/2026 17:42:16,9.52,2044.80
3013,07/22/2026 17:57:16,9.48,1667.84
3014,07/22/2026 18:12:16,9.48,2154.88
3015,07/22/2026 18:27:16,9.48,2085.12
3016,07/22/2026 18:42:16,9.44,1546.24
3017,07/22/2026 18:57:16,9.39,1457.92
3018,07/22/2026 19:12:16,9.44,1985.92
3019,07/22/2026 19:27:16,9.39,1447.68
3020,07/22/2026 19:42:16,9.35,1028.48
3021,07/22/2026 19:57:16,9.31,701.12
3022,07/22/2026 20:12:16,9.26,470.72
3023,07/22/2026 20:27:16,9.18,317.68
3024,07/22/2026 20:42:16,9.01,210.08
3025,07/22/2026 20:57:16,9.05,130.44
3026,07/22/2026 21:12:16,8.96,59.56
3027,07/22/2026 21:27:16,8.88,19.89
3028,07/22/2026 21:42:16,8.88,5.88
3029,07/22/2026 21:57:16,8.88,1.08
3030,07/22/2026 22:12:16,8.75,0.00
3031,07/22/2026 22:27:16,8.75,0.00
3032,07/22/2026 22:42:16,8.71,0.00
3033,07/22/2026 22:57:16,8.71,0.00
3034,07/22/2026 23:12:16,8.58,0.00
3035,07/22/2026 23:27:16,8.58,0.00
3036,07/22/2026 23:42:16,8.62,0.00
3037,07/22/2026 23:57:16,8.53,0.00
3038,07/23/2026 00:12:16,8.53,0.00
3039,07/23/2026 00:27:16,8.45,0.00
3040,07/23/2026 00:42:16,8.41,0.00
3041,07/23/2026 00:57:16,8.41,0.00
3042,07/23/2026 01:12:16,8.41,0.00
3043,07/23/2026 01:27:16,8.36,0.00
3044,07/23/2026 01:42:16,8.36,0.00
3045,07/23/2026 01:57:16,8.41,0.00
3046,07/23/2026 02:12:16,8.36,0.00
3047,07/23/2026 02:27:16,8.36,0.00
3048,07/23/2026 02:42:16,8.36,0.00
3049,07/23/2026 02:57:16,8.36,0.00
3050,07/23/2026 03:12:16,8.36,0.00
3051,07/23/2026 03:27:16,8.49,0.00
3052,07/23/2026 03:42:16,8.66,0.00
3053,07/23/2026 03:57:16,8.66,0.00
3054,07/23/2026 04:12:16,8.71,0.00
3055,07/23/2026 04:27:16,8.71,0.00
3056,07/23/2026 04:42:16,8.71,0.21
3057,07/23/2026 04:57:16,8.71,2.61
3058,07/23/2026 05:12:16,8.71,16.17
3059,07/23/2026 05:27:16,8.71,47.68
3060,07/23/2026 05:42:16,8.71,133.92
3061,07/23/2026 05:57:16,8.83,254.80
3062,07/23/2026 06:12:16,8.92,295.92
3063,07/23/2026 06:27:16,8.75,516.48
3064,07/23/2026 06:42:16,8.62,790.40
3065,07/23/2026 06:57:16,8.36,1074.88
3066,07/23/2026 07:12:16,8.36,1532.16
3067,07/23/2026 07:27:16,8.41,2292.48
3068,07/23/2026 07:42:16,8.49,2555.52
3069,07/23/2026 07:57:16,8.66,3129.60
3070,07/23/2026 08:12:16,8.49,4362.24
3071,07/23/2026 08:27:16,8.53,4271.36
3072,07/23/2026 08:42:16,8.66,5813.76
3073,07/23/2026 08:57:16,9.05,6940.16
3074,07/23/2026 09:12:16,9.22,8501.76
3075,07/23/2026 09:27:16,9.35,8409.60
3076,07/23/2026 09:42:16,9.31,7086.08
3077,07/23/2026 09:57:16,9.39,7825.92
3078,07/23/2026 10:12:16,9.56,10012.16
3079,07/23/2026 10:27:16,9.74,10355.20
3080,07/23/2026 10:42:16,9.78,9303.04
3081,07/23/2026 10:57:16,9.78,7628.80
3082,07/23/2026 11:12:16,10.08,9400.32
3083,07/23/2026 11:27:16,10.42,12139.52
3084,07/23/2026 11:42:16,10.51,22077.44
3085,07/23/2026 11:57:16,10.46,11397.12
3086,07/23/2026 12:12:16,10.42,12247.04
3087,07/23/2026 12:27:16,10.55,14172.16
3088,07/23/2026 12:42:16,10.42,10209.28
3089,07/23/2026 12:57:16,10.51,11141.12
3090,07/23/2026 13:12:16,10.59,10437.12
3091,07/23/2026 13:27:16,10.34,6008.32
3092,07/23/2026 13:42:16,10.21,3560.96
3093,07/23/2026 13:57:16,10.25,7132.16
3094,07/23/2026 14:12:16,10.29,2220.80
3095,07/23/2026 14:27:16,10.34,4904.96
3096,07/23/2026 14:42:16,10.59,4776.96
3097,07/23/2026 14:57:16,10.42,2613.12
3098,07/23/2026 15:12:16,10.38,2805.76
3099,07/23/2026 15:27:16,10.34,2236.80
3100,07/23/2026 15:42:16,10.34,1621.76
3101,07/23/2026 15:57:16,10.51,3939.84
3102,07/23/2026 16:12:16,10.25,5493.76
3103,07/23/2026 16:27:16,10.34,11878.40
3104,07/23/2026 16:42:16,10.04,3073.28
3105,07/23/2026 16:57:16,9.78,2878.72
3106,07/23/2026 17:12:16,9.61,1460.48
3107,07/23/2026 17:27:16,9.91,2670.08
3108,07/23/2026 17:42:16,9.99,2775.04
3109,07/23/2026 17:57:16,10.08,4163.84
3110,07/23/2026 18:12:16,9.95,2863.36
3111,07/23/2026 18:27:16,9.91,3517.44
3112,07/23/2026 18:42:16,9.95,4439.04
3113,07/23/2026 18:57:16,9.74,3630.08
3114,07/23/2026 19:12:16,9.52,3151.36
3115,07/23/2026 19:27:16,9.26,2611.20
3116,07/23/2026 19:42:16,9.01,1877.76
3117,07/23/2026 19:57:16,9.09,1464.96
3118,07/23/2026 20:12:16,9.09,907.20
3119,07/23/2026 20:27:16,9.39,653.28
3120,07/23/2026 20:42:16,9.78,351.20
3121,07/23/2026 20:57:16,9.39,248.64
3122,07/23/2026 21:12:16,9.26,106.80
3123,07/23/2026 21:27:16,9.09,47.24
3124,07/23/2026 21:42:16,8.96,12.25
3125,07/23/2026 21:57:16,8.88,1.96
3126,07/23/2026 22:12:16,8.75,0.00
3127,07/23/2026 22:27:16,8.75,0.00
3128,07/23/2026 22:42:16,8.71,0.00
3129,07/23/2026 22:57:16,8.58,0.00
3130,07/23/2026 23:12:16,8.58,0.00
3131,07/23/2026 23:27:16,8.49,0.00
3132,07/23/2026 23:42:16,8.49,0.00
3133,07/23/2026 23:57:16,8.49,0.00
3134,07/24/2026 00:12:16,8.53,0.00
3135,07/24/2026 00:27:16,8.66,0.00
3136,07/24/2026 00:42:16,8.62,0.00
3137,07/24/2026 00:57:16,8.66,0.00
3138,07/24/2026 01:12:16,8.71,0.00
3139,07/24/2026 01:27:16,8.66,0.00
3140,07/24/2026 01:42:16,8.66,0.00
3141,07/24/2026 01:57:16,8.66,0.00
3142,07/24/2026 02:12:16,8.83,0.00
3143,07/24/2026 02:27:16,9.05,0.00
3144,07/24/2026 02:42:16,9.01,0.00
3145,07/24/2026 02:57:16,8.92,0.00
3146,07/24/2026 03:12:16,8.88,0.00
3147,07/24/2026 03:27:16,9.05,0.00
3148,07/24/2026 03:42:16,9.01,0.00
3149,07/24/2026 03:57:16,9.26,0.00
3150,07/24/2026 04:12:16,9.09,0.00
3151,07/24/2026 04:27:16,9.01,0.00
3152,07/24/2026 04:42:16,9.05,0.65
3153,07/24/2026 04:57:16,9.09,5.66
3154,07/24/2026 05:12:16,9.14,28.44
3155,07/24/2026 05:27:16,9.22,98.96
3156,07/24/2026 05:42:16,9.35,228.64
3157,07/24/2026 05:57:16,9.31,325.76
3158,07/24/2026 06:12:16,9.31,576.16
3159,07/24/2026 06:27:16,9.26,864.96
3160,07/24/2026 06:42:16,9.14,1120.00
3161,07/24/2026 06:57:16,9.09,1026.88
3162,07/24/2026 07:12:16,9.22,1447.68
3163,07/24/2026 07:27:16,9.26,2031.36
3164,07/24/2026 07:42:16,9.35,2034.56
3165,07/24/2026 07:57:16,9.39,2241.92
3166,07/24/2026 08:12:16,9.35,2243.84
3167,07/24/2026 08:27:16,9.39,2444.16
3168,07/24/2026 08:42:16,9.48,2451.20
3169,07/24/2026 08:57:16,9.48,2499.84
3170,07/24/2026 09:12:16,9.35,3905.28
3171,07/24/2026 09:27:16,9.48,2906.88
3172,07/24/2026 09:42:16,9.78,2854.40
3173,07/24/2026 09:57:16,9.82,4170.24
3174,07/24/2026 10:12:16,10.04,3985.92
3175,07/24/2026 10:27:16,10.08,4024.32
3176,07/24/2026 10:42:16,10.34,4759.04
3177,07/24/2026 10:57:16,10.64,6709.76
3178,07/24/2026 11:12:16,10.81,8954.88
3179,07/24/2026 11:27:16,11.07,10222.08
3180,07/24/2026 11:42:16,11.24,12958.72
3181,07/24/2026 11:57:16,11.41,13808.64
3182,07/24/2026 12:12:16,11.75,19543.04
3183,07/24/2026 12:27:16,11.79,24995.84
3184,07/24/2026 12:42:16,12.27,38072.32
3185,07/24/2026 12:57:16,12.57,31846.40
3186,07/24/2026 13:12:16,12.57,33085.44
3187,07/24/2026 13:27:16,12.70,31406.08
3188,07/24/2026 13:42:16,12.82,28733.44
3189,07/24/2026 13:57:16,12.91,54231.04
3190,07/24/2026 14:12:16,12.78,52961.28
3191,07/24/2026 14:27:16,12.78,42536.96
3192,07/24/2026 14:42:16,12.78,31201.28
3193,07/24/2026 14:57:16,12.87,35317.76
3194,07/24/2026 15:12:16,12.87,24801.28
3195,07/24/2026 15:27:16,12.87,36997.12
3196,07/24/2026 15:42:16,12.95,22179.84
3197,07/24/2026 15:57:16,12.74,15943.68
3198,07/24/2026 16:12:16,12.65,15795.20
3199,07/24/2026 16:27:16,12.61,17044.48
3200,07/24/2026 16:42:16,12.87,20213.76
3201,07/24/2026 16:57:16,12.82,17013.76
3202,07/24/2026 17:12:16,12.91,17003.52
3203,07/24/2026 17:27:16,12.74,15022.08
3204,07/24/2026 17:42:16,12.70,14612.48
3205,07/24/2026 17:57:16,12.61,9518.08
3206,07/24/2026 18:12:16,12.61,7595.52
3207,07/24/2026 18:27:16,12.48,5332.48
3208,07/24/2026 18:42:16,12.27,3462.40
3209,07/24/2026 18:57:16,12.10,4441.60
3210,07/24/2026 19:12:16,12.05,6812.16
3211,07/24/2026 19:27:16,12.05,3114.24
3212,07/24/2026 19:42:16,11.84,2726.40
3213,07/24/2026 19:57:16,11.84,1697.28
3214,07/24/2026 20:12:16,11.88,888.32
3215,07/24/2026 20:27:16,11.84,643.68
3216,07/24/2026 20:42:16,11.88,601.44
3217,07/24/2026 20:57:16,11.97,299.44
3218,07/24/2026 21:12:16,11.88,122.60
3219,07/24/2026 21:27:16,11.92,39.79
3220,07/24/2026 21:42:16,11.92,10.48
3221,07/24/2026 21:57:16,11.92,1.30
3222,07/24/2026 22:12:16,11.88,0.00
3223,07/24/2026 22:27:16,12.05,0.00
3224,07/24/2026 22:42:16,12.18,0.00
3225,07/24/2026 22:57:16,12.10,0.00
3226,07/24/2026 23:12:16,12.40,0.00
3227,07/24/2026 23:27:16,12.44,0.00
3228,07/24/2026 23:42:16,12.01,0.00
3229,07/24/2026 23:57:16,12.10,0.00
3230,07/25/2026 00:12:16,12.18,0.00
3231,07/25/2026 00:27:16,12.18,0.00
3232,07/25/2026 00:42:16,12.18,0.00
3233,07/25/2026 00:57:16,12.22,0.00
3234,07/25/2026 01:12:16,12.27,0.00
3235,07/25/2026 01:27:16,12.27,0.00
3236,07/25/2026 01:42:16,12.27,0.00
3237,07/25/2026 01:57:16,12.27,0.00
3238,07/25/2026 02:12:16,12.74,0.00
3239,07/25/2026 02:27:16,13.17,0.00
3240,07/25/2026 02:42:16,13.47,0.00
3241,07/25/2026 02:57:16,13.60,0.00
3242,07/25/2026 03:12:16,13.77,0.00
3243,07/25/2026 03:27:16,13.60,0.00
3244,07/25/2026 03:42:16,13.51,0.00
3245,07/25/2026 03:57:16,13.60,0.00
3246,07/25/2026 04:12:16,13.38,0.00
3247,07/25/2026 04:27:16,13.00,0.00
3248,07/25/2026 04:42:16,12.95,0.00
3249,07/25/2026 04:57:16,12.82,0.87
3250,07/25/2026 05:12:16,12.65,7.40
3251,07/25/2026 05:27:16,12.57,24.28
3252,07/25/2026 05:42:16,12.52,81.88
3253,07/25/2026 05:57:16,12.48,212.08
3254,07/25/2026 06:12:16,12.44,55.14
3255,07/25/2026 06:27:16,12.40,105.04
3256,07/25/2026 06:42:16,12.35,147.00
3257,07/25/2026 06:57:16,12.35,148.84
3258,07/25/2026 07:12:16,12.31,115.52
3259,07/25/2026 07:27:16,12.22,155.80
3260,07/25/2026 07:42:16,12.27,308.08
3261,07/25/2026 07:57:16,12.27,264.32
3262,07/25/2026 08:12:16,12.22,457.76
3263,07/25/2026 08:27:16,12.22,903.04
3264,07/25/2026 08:42:16,12.22,449.92
3265,07/25/2026 08:57:16,12.35,886.72
3266,07/25/2026 09:12:16,12.48,1154.88
3267,07/25/2026 09:27:16,12.48,1250.88
3268,07/25/2026 09:42:16,12.52,1998.08
3269,07/25/2026 09:57:16,12.57,2713.60
3270,07/25/2026 10:12:16,12.65,2506.88
3271,07/25/2026 10:27:16,12.61,2330.88
3272,07/25/2026 10:42:16,12.65,6796.80
3273,07/25/2026 10:57:16,12.48,4453.12
3274,07/25/2026 11:12:16,12.57,3339.52
3275,07/25/2026 11:27:16,12.61,2611.20
3276,07/25/2026 11:42:16,12.61,4264.96
3277,07/25/2026 11:57:16,12.52,2513.92
3278,07/25/2026 12:12:16,12.48,2145.92
3279,07/25/2026 12:27:16,12.44,2414.72
3280,07/25/2026 12:42:16,12.01,1879.68
3281,07/25/2026 12:57:16,11.88,1732.48
3282,07/25/2026 13:12:16,11.67,2007.04
3283,07/25/2026 13:27:16,11.58,3493.12
3284,07/25/2026 13:42:16,11.58,3187.20
3285,07/25/2026 13:57:16,11.58,2679.04
3286,07/25/2026 14:12:16,11.45,1991.04
3287,07/25/2026 14:27:16,11.54,4992.00
3288,07/25/2026 14:42:16,11.84,5696.00
3289,07/25/2026 14:57:16,11.79,5670.40
3290,07/25/2026 15:12:16,11.71,3397.12
3291,07/25/2026 15:27:16,11.67,3394.56
3292,07/25/2026 15:42:16,11.71,3198.72
3293,07/25/2026 15:57:16,11.75,4026.88
3294,07/25/2026 16:12:16,11.67,3436.80
3295,07/25/2026 16:27:16,11.62,3280.64
3296,07/25/2026 16:42:16,11.54,1808.00
3297,07/25/2026 16:57:16,11.45,2494.72
3298,07/25/2026 17:12:16,11.45,1850.24
3299,07/25/2026 17:27:16,11.37,2776.32
3300,07/25/2026 17:42:16,11.41,4316.16
3301,07/25/2026 17:57:16,11.28,2062.72
3302,07/25/2026 18:12:16,11.37,2920.96
3303,07/25/2026 18:27:16,11.37,1701.76
3304,07/25/2026 18:42:16,11.45,2118.40
3305,07/25/2026 18:57:16,11.49,3351.04
3306,07/25/2026 19:12:16,11.45,1944.32
3307,07/25/2026 19:27:16,11.45,1394.56
3308,07/25/2026 19:42:16,11.28,1354.24
3309,07/25/2026 19:57:16,11.07,1025.92
3310,07/25/2026 20:12:16,11.07,897.60
3311,07/25/2026 20:27:16,11.19,670.72
3312,07/25/2026 20:42:16,11.32,441.12
3313,07/25/2026 20:57:16,11.41,213.60
3314,07/25/2026 21:12:16,11.32,92.76
3315,07/25/2026 21:27:16,11.37,29.53
3316,07/25/2026 21:42:16,11.28,7.18
3317,07/25/2026 21:57:16,11.28,0.43
3318,07/25/2026 22:12:16,11.28,0.00
3319,07/25/2026 22:27:16,11.28,0.00
3320,07/25/2026 22:42:16,11.24,0.00
3321,07/25/2026 22:57:16,11.24,0.00
3322,07/25/2026 23:12:16,11.19,0.00
3323,07/25/2026 23:27:16,11.15,0.00
3324,07/25/2026 23:42:16,11.15,0.00
3325,07/25/2026 23:57:16,11.15,0.00
3326,07/26/2026 00:12:16,11.11,0.00
3327,07/26/2026 00:27:16,11.11,0.00
3328,07/26/2026 00:42:16,11.07,0.00
3329,07/26/2026 00:57:16,11.07,0.00
3330,07/26/2026 01:12:16,11.07,0.00
3331,07/26/2026 01:27:16,11.02,0.00
3332,07/26/2026 01:42:16,11.02,0.00
3333,07/26/2026 01:57:16,11.02,0.00
3334,07/26/2026 02:12:16,10.94,0.00
3335,07/26/2026 02:27:16,11.02,0.00
3336,07/26/2026 02:42:16,11.11,0.00
3337,07/26/2026 02:57:16,11.19,0.00
3338,07/26/2026 03:12:16,11.15,0.00
3339,07/26/2026 03:27:16,11.02,0.00
3340,07/26/2026 03:42:16,11.02,0.00
3341,07/26/2026 03:57:16,10.98,0.00
3342,07/26/2026 04:12:16,10.94,0.00
3343,07/26/2026 04:27:16,10.98,0.00
3344,07/26/2026 04:42:16,10.94,0.21
3345,07/26/2026 04:57:16,10.94,5.22
3346,07/26/2026 05:12:16,10.85,27.82
3347,07/26/2026 05:27:16,10.85,100.72
3348,07/26/2026 05:42:16,10.89,267.20
3349,07/26/2026 05:57:16,10.89,539.52
3350,07/26/2026 06:12:16,11.07,937.28
3351,07/26/2026 06:27:16,11.15,1192.32
3352,07/26/2026 06:42:16,11.11,1721.60
3353,07/26/2026 06:57:16,11.24,2234.88
3354,07/26/2026 07:12:16,11.28,2984.96
3355,07/26/2026 07:27:16,11.37,3640.32
3356,07/26/2026 07:42:16,11.45,3710.72
3357,07/26/2026 07:57:16,11.41,5149.44
3358,07/26/2026 08:12:16,11.32,4728.32
3359,07/26/2026 08:27:16,11.32,5680.64
3360,07/26/2026 08:42:16,11.41,6466.56
3361,07/26/2026 08:57:16,11.54,8640.00
3362,07/26/2026 09:12:16,11.58,8207.36
3363,07/26/2026 09:27:16,11.62,9635.84
3364,07/26/2026 09:42:16,11.71,9623.04
3365,07/26/2026 09:57:16,11.92,12323.84
3366,07/26/2026 10:12:16,12.18,13655.04
3367,07/26/2026 10:27:16,12.35,14172.16
3368,07/26/2026 10:42:16,12.44,20177.92
3369,07/26/2026 10:57:16,12.48,15308.80
3370,07/26/2026 11:12:16,12.52,18073.60
3371,07/26/2026 11:27:16,12.78,20730.88
3372,07/26/2026 11:42:16,13.00,24125.44
3373,07/26/2026 11:57:16,13.17,20899.84
3374,07/26/2026 12:12:16,13.25,36147.20
3375,07/26/2026 12:27:16,13.43,39147.52
3376,07/26/2026 12:42:16,13.60,38809.60
3377,07/26/2026 12:57:16,13.68,51302.40
3378,07/26/2026 13:12:16,13.73,24268.80
3379,07/26/2026 13:27:16,13.81,44359.68
3380,07/26/2026 13:42:16,13.90,48025.60
3381,07/26/2026 13:57:16,13.98,26368.00
3382,07/26/2026 14:12:16,14.20,39086.08
3383,07/26/2026 14:27:16,14.37,47902.72
3384,07/26/2026 14:42:16,14.45,35317.76
3385,07/26/2026 14:57:16,14.41,36413.44
3386,07/26/2026 15:12:16,14.33,27084.80
3387,07/26/2026 15:27:16,14.28,41297.92
3388,07/26/2026 15:42:16,14.07,25364.48
3389,07/26/2026 15:57:16,14.37,21770.24
3390,07/26/2026 16:12:16,14.54,24883.20
3391,07/26/2026 16:27:16,14.63,20188.16
3392,07/26/2026 16:42:16,14.80,22784.00
3393,07/26/2026 16:57:16,14.80,23162.88
3394,07/26/2026 17:12:16,15.06,18304.00
3395,07/26/2026 17:27:16,15.14,11781.12
3396,07/26/2026 17:42:16,14.88,12339.20
3397,07/26/2026 17:57:16,14.71,8166.40
3398,07/26/2026 18:12:16,14.41,6863.36
3399,07/26/2026 18:27:16,14.33,8555.52
3400,07/26/2026 18:42:16,14.24,5424.64
3401,07/26/2026 18:57:16,14.15,4508.16
3402,07/26/2026 19:12:16,14.03,1197.76
3403,07/26/2026 19:27:16,13.90,1711.36
3404,07/26/2026 19:42:16,13.94,2958.08
3405,07/26/2026 19:57:16,13.90,2060.80
3406,07/26/2026 20:12:16,13.90,1160.32
3407,07/26/2026 20:27:16,13.94,785.92
3408,07/26/2026 20:42:16,14.03,440.32
3409,07/26/2026 20:57:16,13.98,255.60
3410,07/26/2026 21:12:16,14.07,125.96
3411,07/26/2026 21:27:16,13.81,39.36
3412,07/26/2026 21:42:16,13.77,7.21
3413,07/26/2026 21:57:16,13.68,0.65
3414,07/26/2026 22:12:16,13.64,0.00
3415,07/26/2026 22:27:16,13.68,0.00
3416,07/26/2026 22:42:16,13.68,0.00
3417,07/26/2026 22:57:16,13.73,0.00
3418,07/26/2026 23:12:16,13.64,0.00
3419,07/26/2026 23:27:16,13.55,0.00
3420,07/26/2026 23:42:16,13.55,0.00
3421,07/26/2026 23:57:16,13.55,0.00
3422,07/27/2026 00:12:16,13.55,0.00
3423,07/27/2026 00:27:16,13.68,0.00
3424,07/27/2026 00:42:16,13.51,0.00
3425,07/27/2026 00:57:16,13.25,0.00
3426,07/27/2026 01:12:16,13.08,0.00
3427,07/27/2026 01:27:16,13.00,0.00
3428,07/27/2026 01:42:16,13.21,0.00
3429,07/27/2026 01:57:16,13.30,0.00
3430,07/27/2026 02:12:16,13.34,0.00
3431,07/27/2026 02:27:16,13.34,0.00
3432,07/27/2026 02:42:16,13.34,0.00
3433,07/27/2026 02:57:16,13.38,0.00
3434,07/27/2026 03:12:16,13.34,0.00
3435,07/27/2026 03:27:16,13.25,0.00
3436,07/27/2026 03:42:16,12.78,0.00
3437,07/27/2026 03:57:16,11.67,0.00
3438,07/27/2026 04:12:16,10.89,0.00
3439,07/27/2026 04:27:16,10.85,0.00
3440,07/27/2026 04:42:16,11.07,0.00
3441,07/27/2026 04:57:16,11.28,3.92
3442,07/27/2026 05:12:16,10.89,24.74
3443,07/27/2026 05:27:16,10.51,102.44
3444,07/27/2026 05:42:16,10.68,253.04
3445,07/27/2026 05:57:16,10.89,477.28
3446,07/27/2026 06:12:16,11.28,737.28
3447,07/27/2026 06:27:16,11.75,216.40
3448,07/27/2026 06:42:16,12.14,1108.80
3449,07/27/2026 06:57:16,12.40,1648.64
3450,07/27/2026 07:12:16,12.40,2174.08
3451,07/27/2026 07:27:16,12.48,2395.52
3452,07/27/2026 07:42:16,12.22,3982.08
3453,07/27/2026 07:57:16,11.88,3292.16
3454,07/27/2026 08:12:16,11.58,4578.56
3455,07/27/2026 08:27:16,11.37,4672.00
3456,07/27/2026 08:42:16,11.54,4072.96
3457,07/27/2026 08:57:16,12.10,3051.52
3458,07/27/2026 09:12:16,12.35,5665.28
3459,07/27/2026 09:27:16,12.61,4979.20
3460,07/27/2026 09:42:16,12.87,8256.00
3461,07/27/2026 09:57:16,12.78,11417.60
3462,07/27/2026 10:12:16,12.52,7319.04
3463,07/27/2026 10:27:16,12.48,10319.36
3464,07/27/2026 10:42:16,12.27,13511.68
3465,07/27/2026 10:57:16,12.18,9914.88
3466,07/27/2026 11:12:16,12.74,19768.32
3467,07/27/2026 11:27:16,12.87,12533.76
3468,07/27/2026 11:42:16,12.65,15498.24
3469,07/27/2026 11:57:16,12.44,17459.20
3470,07/27/2026 12:12:16,12.31,13184.00
3471,07/27/2026 12:27:16,12.48,14213.12
3472,07/27/2026 12:42:16,12.78,22702.08
3473,07/27/2026 12:57:16,13.25,17889.28
3474,07/27/2026 13:12:16,13.64,15559.68
3475,07/27/2026 13:27:16,13.68,17295.36
3476,07/27/2026 13:42:16,13.73,19706.88
3477,07/27/2026 13:57:16,13.73,27125.76
3478,07/27/2026 14:12:16,13.85,26193.92
3479,07/27/2026 14:27:16,13.77,44933.12
3480,07/27/2026 14:42:16,14.07,42926.08
3481,07/27/2026 14:57:16,14.07,53084.16
3482,07/27/2026 15:12:16,13.85,22722.56
3483,07/27/2026 15:27:16,14.20,33873.92
3484,07/27/2026 15:42:16,14.28,37683.20
3485,07/27/2026 15:57:16,14.20,29644.80
3486,07/27/2026 16:12:16,14.28,16721.92
3487,07/27/2026 16:27:16,14.50,26286.08
3488,07/27/2026 16:42:16,14.24,25753.60
3489,07/27/2026 16:57:16,14.37,14100.48
3490,07/27/2026 17:12:16,14.07,19896.32
3491,07/27/2026 17:27:16,13.47,11509.76
3492,07/27/2026 17:42:16,13.38,11950.08
3493,07/27/2026 17:57:16,13.60,11612.16
3494,07/27/2026 18:12:16,13.68,8729.60
3495,07/27/2026 18:27:16,13.64,8647.68
3496,07/27/2026 18:42:16,13.64,5731.84
3497,07/27/2026 18:57:16,13.68,4992.00
3498,07/27/2026 19:12:16,13.68,3484.16
3499,07/27/2026 19:27:16,13.77,2900.48
3500,07/27/2026 19:42:16,13.98,3450.88
3501,07/27/2026 19:57:16,13.98,1491.84
3502,07/27/2026 20:12:16,13.98,1237.76
3503,07/27/2026 20:27:16,13.94,593.12
3504,07/27/2026 20:42:16,13.90,398.08
3505,07/27/2026 20:57:16,13.85,239.92
3506,07/27/2026 21:12:16,13.85,77.02
3507,07/27/2026 21:27:16,13.81,23.62
3508,07/27/2026 21:42:16,13.85,4.81
3509,07/27/2026 21:57:16,13.90,0.21
3510,07/27/2026 22:12:16,13.90,0.00
3511,07/27/2026 22:27:16,13.90,0.00
3512,07/27/2026 22:42:16,13.98,0.00
3513,07/27/2026 22:57:16,14.15,0.00
3514,07/27/2026 23:12:16,14.11,0.00
3515,07/27/2026 23:27:16,14.07,0.00
3516,07/27/2026 23:42:16,13.90,0.00
3517,07/27/2026 23:57:16,13.90,0.00
3518,07/28/2026 00:12:16,13.81,0.00
3519,07/28/2026 00:27:16,13.77,0.00
3520,07/28/2026 00:42:16,13.81,0.00
3521,07/28/2026 00:57:16,13.85,0.00
3522,07/28/2026 01:12:16,13.90,0.00
3523,07/28/2026 01:27:16,13.98,0.00
3524,07/28/2026 01:42:16,14.03,0.00
3525,07/28/2026 01:57:16,14.37,0.00
3526,07/28/2026 02:12:16,14.45,0.00
3527,07/28/2026 02:27:16,14.58,0.00
3528,07/28/2026 02:42:16,14.58,0.00
3529,07/28/2026 02:57:16,14.75,0.00
3530,07/28/2026 03:12:16,14.63,0.00
3531,07/28/2026 03:27:16,14.71,0.00
3532,07/28/2026 03:42:16,14.71,0.00
3533,07/28/2026 03:57:16,14.63,0.00
3534,07/28/2026 04:12:16,14.50,0.00
3535,07/28/2026 04:27:16,14.37,0.00
3536,07/28/2026 04:42:16,14.24,0.00
3537,07/28/2026 04:57:16,14.11,4.13
3538,07/28/2026 05:12:16,14.28,33.26
3539,07/28/2026 05:27:16,14.15,115.64
3540,07/28/2026 05:42:16,14.11,295.28
3541,07/28/2026 05:57:16,14.11,639.36
3542,07/28/2026 06:12:16,14.24,659.20
3543,07/28/2026 06:27:16,14.33,1900.16
3544,07/28/2026 06:42:16,14.28,1916.16
3545,07/28/2026 06:57:16,14.33,2156.80
3546,07/28/2026 07:12:16,14.45,1646.08
3547,07/28/2026 07:27:16,14.41,2791.68
3548,07/28/2026 07:42:16,14.54,3417.60
3549,07/28/2026 07:57:16,14.54,3648.00
3550,07/28/2026 08:12:16,14.50,3749.12
3551,07/28/2026 08:27:16,14.33,7016.96
3552,07/28/2026 08:42:16,14.41,8327.68
3553,07/28/2026 08:57:16,14.28,6062.08
3554,07/28/2026 09:12:16,14.67,8117.76
3555,07/28/2026 09:27:16,14.75,5852.16
3556,07/28/2026 09:42:16,14.71,5309.44
3557,07/28/2026 09:57:16,14.63,5304.32
3558,07/28/2026 10:12:16,14.88,8862.72
3559,07/28/2026 10:27:16,14.97,8647.68
3560,07/28/2026 10:42:16,15.06,10088.96
3561,07/28/2026 10:57:16,14.88,9190.40
3562,07/28/2026 11:12:16,14.93,9344.00
3563,07/28/2026 11:27:16,15.06,10680.32
3564,07/28/2026 11:42:16,15.06,11340.80
3565,07/28/2026 11:57:16,15.27,11991.04
3566,07/28/2026 12:12:16,15.06,17536.00
3567,07/28/2026 12:27:16,15.06,11340.80
3568,07/28/2026 12:42:16,15.10,16808.96
3569,07/28/2026 12:57:16,15.48,11801.60
3570,07/28/2026 13:12:16,15.70,11601.92
3571,07/28/2026 13:27:16,15.70,12569.60
3572,07/28/2026 13:42:16,15.57,23142.40
3573,07/28/2026 13:57:16,15.78,26040.32
3574,07/28/2026 14:12:16,15.40,24381.44
3575,07/28/2026 14:27:16,15.48,27791.36
3576,07/28/2026 14:42:16,15.78,28508.16
3577,07/28/2026 14:57:16,16.08,33658.88
3578,07/28/2026 15:12:16,16.17,36648.96
3579,07/28/2026 15:27:16,15.83,28508.16
3580,07/28/2026 15:42:16,15.57,17392.64
3581,07/28/2026 15:57:16,15.44,28323.84
3582,07/28/2026 16:12:16,14.88,20208.64
3583,07/28/2026 16:27:16,14.63,26091.52
3584,07/28/2026 16:42:16,14.54,29378.56
3585,07/28/2026 16:57:16,14.50,18048.00
3586,07/28/2026 17:12:16,14.54,23511.04
3587,07/28/2026 17:27:16,13.85,6264.32
3588,07/28/2026 17:42:16,13.77,9169.92
3589,07/28/2026 17:57:16,13.73,5795.84
3590,07/28/2026 18:12:16,13.98,12042.24
3591,07/28/2026 18:27:16,13.77,9024.00
3592,07/28/2026 18:42:16,13.55,8381.44
3593,07/28/2026 18:57:16,13.55,5218.56
3594,07/28/2026 19:12:16,13.47,4508.16
3595,07/28/2026 19:27:16,13.38,3968.00
3596,07/28/2026 19:42:16,13.25,3619.84
3597,07/28/2026 19:57:16,13.25,1978.88
3598,07/28/2026 20:12:16,13.00,1511.68
3599,07/28/2026 20:27:16,13.00,928.96
3600,07/28/2026 20:42:16,12.91,554.88
3601,07/28/2026 20:57:16,12.87,275.68
3602,07/28/2026 21:12:16,12.61,110.28
3603,07/28/2026 21:27:16,12.35,29.31
3604,07/28/2026 21:42:16,13.43,4.79
3605,07/28/2026 21:57:16,13.77,0.00
3606,07/28/2026 22:12:16,13.98,0.00
3607,07/28/2026 22:27:16,13.64,0.00
3608,07/28/2026 22:42:16,13.00,0.00
3609,07/28/2026 22:57:16,12.82,0.00
3610,07/28/2026 23:12:16,12.82,0.00
3611,07/28/2026 23:27:16,12.78,0.00
3612,07/28/2026 23:42:16,12.78,0.00
3613,07/28/2026 23:57:16,12.74,0.00
3614,07/29/2026 00:12:16,12.78,0.00
3615,07/29/2026 00:27:16,12.74,0.00
3616,07/29/2026 00:42:16,12.70,0.00
3617,07/29/2026 00:57:16,13.04,0.00
3618,07/29/2026 01:12:16,12.87,0.00
3619,07/29/2026 01:27:16,12.82,0.00
3620,07/29/2026 01:42:16,12.91,0.00
3621,07/29/2026 01:57:16,12.78,0.00
3622,07/29/2026 02:12:16,12.65,0.00
3623,07/29/2026 02:27:16,12.70,0.00
3624,07/29/2026 02:42:16,12.61,0.00
3625,07/29/2026 02:57:16,12.61,0.00
3626,07/29/2026 03:12:16,12.52,0.00
3627,07/29/2026 03:27:16,12.40,0.00
3628,07/29/2026 03:42:16,12.31,0.00
3629,07/29/2026 03:57:16,12.22,0.00
3630,07/29/2026 04:12:16,12.05,0.00
3631,07/29/2026 04:27:16,11.92,0.00
3632,07/29/2026 04:42:16,11.97,0.00
3633,07/29/2026 04:57:16,12.40,1.96
3634,07/29/2026 05:12:16,12.14,17.15
3635,07/29/2026 05:27:16,12.05,76.86
3636,07/29/2026 05:42:16,11.92,272.80
3637,07/29/2026 05:57:16,11.92,787.20
3638,07/29/2026 06:12:16,11.88,1296.96
3639,07/29/2026 06:27:16,11.71,1710.72
3640,07/29/2026 06:42:16,11.71,2924.80
3641,07/29/2026 06:57:16,11.79,4062.72
3642,07/29/2026 07:12:16,12.14,6970.88
3643,07/29/2026 07:27:16,12.27,7490.56
3644,07/29/2026 07:42:16,11.84,2588.80
3645,07/29/2026 07:57:16,12.22,5644.80
3646,07/29/2026 08:12:16,12.61,9157.12
3647,07/29/2026 08:27:16,13.00,13393.92
3648,07/29/2026 08:42:16,12.87,11448.32
3649,07/29/2026 08:57:16,12.57,7644.16
3650,07/29/2026 09:12:16,12.57,8960.00
3651,07/29/2026 09:27:16,12.82,12323.84
3652,07/29/2026 09:42:16,12.65,7651.84
3653,07/29/2026 09:57:16,12.87,23910.40
3654,07/29/2026 10:12:16,12.87,19532.80
3655,07/29/2026 10:27:16,13.21,32399.36
3656,07/29/2026 10:42:16,13.25,21514.24
3657,07/29/2026 10:57:16,13.34,11509.76
3658,07/29/2026 11:12:16,13.34,17300.48
3659,07/29/2026 11:27:16,13.60,26347.52
3660,07/29/2026 11:42:16,13.77,30617.60
3661,07/29/2026 11:57:16,13.85,21544.96
3662,07/29/2026 12:12:16,14.03,18846.72
3663,07/29/2026 12:27:16,14.15,34754.56
3664,07/29/2026 12:42:16,14.28,51875.84
3665,07/29/2026 12:57:16,14.37,25610.24
3666,07/29/2026 13:12:16,14.50,37365.76
3667,07/29/2026 13:27:16,14.67,28006.40
3668,07/29/2026 13:42:16,14.84,36290.56
3669,07/29/2026 13:57:16,14.88,21719.04
3670,07/29/2026 14:12:16,15.01,40396.80
3671,07/29/2026 14:27:16,15.23,33413.12
3672,07/29/2026 14:42:16,15.27,36556.80
3673,07/29/2026 14:57:16,15.36,30709.76
3674,07/29/2026 15:12:16,15.36,51322.88
3675,07/29/2026 15:27:16,15.44,25804.80
3676,07/29/2026 15:42:16,15.53,29184.00
3677,07/29/2026 15:57:16,15.61,28579.84
3678,07/29/2026 16:12:16,16.00,37734.40
3679,07/29/2026 16:27:16,16.00,18094.08
3680,07/29/2026 16:42:16,16.00,29112.32
3681,07/29/2026 16:57:16,16.21,19399.68
3682,07/29/2026 17:12:16,16.08,15697.92
3683,07/29/2026 17:27:16,15.83,13363.20
3684,07/29/2026 17:42:16,15.66,11914.24
3685,07/29/2026 17:57:16,15.36,14095.36
3686,07/29/2026 18:12:16,15.74,9497.60
3687,07/29/2026 18:27:16,15.74,8862.72
3688,07/29/2026 18:42:16,15.53,5355.52
3689,07/29/2026 18:57:16,15.53,8327.68
3690,07/29/2026 19:12:16,15.40,5054.72
3691,07/29/2026 19:27:16,15.48,3399.68
3692,07/29/2026 19:42:16,15.53,3138.56
3693,07/29/2026 19:57:16,15.53,2215.68
3694,07/29/2026 20:12:16,15.40,1568.00
3695,07/29/2026 20:27:16,15.36,991.04
3696,07/29/2026 20:42:16,15.23,577.92
3697,07/29/2026 20:57:16,14.93,270.64
3698,07/29/2026 21:12:16,14.80,96.36
3699,07/29/2026 21:27:16,14.71,22.32
3700,07/29/2026 21:42:16,14.63,3.04
3701,07/29/2026 21:57:16,14.63,0.00
3702,07/29/2026 22:12:16,14.58,0.00
3703,07/29/2026 22:27:16,14.63,0.00
3704,07/29/2026 22:42:16,14.50,0.00
3705,07/29/2026 22:57:16,14.50,0.00
3706,07/29/2026 23:12:16,14.33,0.00
3707,07/29/2026 23:27:16,14.15,0.00
3708,07/29/2026 23:42:16,14.07,0.00
3709,07/29/2026 23:57:16,14.07,0.00
3710,07/30/2026 00:12:16,13.98,0.00
3711,07/30/2026 00:27:16,13.94,0.00
3712,07/30/2026 00:42:16,13.73,0.00
3713,07/30/2026 00:57:16,13.68,0.00
3714,07/30/2026 01:12:16,13.68,0.00
3715,07/30/2026 01:27:16,13.68,0.00
3716,07/30/2026 01:42:16,13.77,0.00
3717,07/30/2026 01:57:16,13.73,0.00
3718,07/30/2026 02:12:16,13.73,0.00
3719,07/30/2026 02:27:16,13.73,0.00
3720,07/30/2026 02:42:16,13.68,0.00
3721,07/30/2026 02:57:16,13.68,0.00
3722,07/30/2026 03:12:16,13.64,0.00
3723,07/30/2026 03:27:16,13.55,0.00
3724,07/30/2026 03:42:16,13.55,0.00
3725,07/30/2026 03:57:16,13.55,0.00
3726,07/30/2026 04:12:16,13.43,0.00
3727,07/30/2026 04:27:16,13.34,0.00
3728,07/30/2026 04:42:16,13.34,0.00
3729,07/30/2026 04:57:16,13.38,3.04
3730,07/30/2026 05:12:16,13.21,26.29
3731,07/30/2026 05:27:16,13.38,155.16
3732,07/30/2026 05:42:16,13.38,479.04
3733,07/30/2026 05:57:16,13.25,952.96
3734,07/30/2026 06:12:16,13.47,1546.88
3735,07/30/2026 06:27:16,13.43,2065.92
3736,07/30/2026 06:42:16,13.43,3184.64
3737,07/30/2026 06:57:16,13.47,4232.96
3738,07/30/2026 07:12:16,13.81,4730.88
3739,07/30/2026 07:27:16,14.20,5713.92
3740,07/30/2026 07:42:16,14.28,7705.60
3741,07/30/2026 07:57:16,14.15,8883.20
3742,07/30/2026 08:12:16,14.28,7221.76
3743,07/30/2026 08:27:16,14.33,10542.08
3744,07/30/2026 08:42:16,14.45,10416.64
3745,07/30/2026 08:57:16,14.75,12047.36
3746,07/30/2026 09:12:16,14.80,11407.36
3747,07/30/2026 09:27:16,15.14,27002.88
3748,07/30/2026 09:42:16,15.01,17146.88
3749,07/30/2026 09:57:16,14.93,15769.60
3750,07/30/2026 10:12:16,14.75,14771.20
3751,07/30/2026 10:27:16,14.80,17254.40
3752,07/30/2026 10:42:16,15.06,19215.36
3753,07/30/2026 10:57:16,15.06,20080.64
3754,07/30/2026 11:12:16,15.18,15247.36
3755,07/30/2026 11:27:16,15.40,33044.48
3756,07/30/2026 11:42:16,15.53,29255.68
3757,07/30/2026 11:57:16,15.70,19287.04
3758,07/30/2026 12:12:16,15.83,20899.84
3759,07/30/2026 12:27:16,15.83,15057.92
3760,07/30/2026 12:42:16,16.04,21780.48
3761,07/30/2026 12:57:16,16.30,27893.76
3762,07/30/2026 13:12:16,16.47,39034.88
3763,07/30/2026 13:27:16,16.47,36802.56
3764,07/30/2026 13:42:16,16.73,44707.84
3765,07/30/2026 13:57:16,16.77,43417.60
3766,07/30/2026 14:12:16,17.11,27863.04
3767,07/30/2026 14:27:16,17.16,62627.84
3768,07/30/2026 14:42:16,17.76,34088.96
3769,07/30/2026 14:57:16,17.72,37928.96
3770,07/30/2026 15:12:16,17.76,36597.76
3771,07/30/2026 15:27:16,18.87,33525.76
3772,07/30/2026 15:42:16,19.35,39997.44
3773,07/30/2026 15:57:16,18.87,29040.64
3774,07/30/2026 16:12:16,18.92,31201.28
3775,07/30/2026 16:27:16,18.79,37376.00
3776,07/30/2026 16:42:16,18.19,23889.92
3777,07/30/2026 16:57:16,18.44,30197.76
3778,07/30/2026 17:12:16,18.06,30842.88
3779,07/30/2026 17:27:16,17.97,19717.12
3780,07/30/2026 17:42:16,17.93,18688.00
3781,07/30/2026 17:57:16,17.80,20111.36
3782,07/30/2026 18:12:16,17.63,11878.40
3783,07/30/2026 18:27:16,17.67,15196.16
3784,07/30/2026 18:42:16,17.67,12661.76
3785,07/30/2026 18:57:16,17.50,7086.08
3786,07/30/2026 19:12:16,17.29,6128.64
3787,07/30/2026 19:27:16,17.29,6146.56
3788,07/30/2026 19:42:16,17.16,3229.44
3789,07/30/2026 19:57:16,17.07,3365.12
3790,07/30/2026 20:12:16,16.90,2383.36
3791,07/30/2026 20:27:16,16.81,1582.72
3792,07/30/2026 20:42:16,16.73,818.56
3793,07/30/2026 20:57:16,16.64,329.28
3794,07/30/2026 21:12:16,16.56,119.96
3795,07/30/2026 21:27:16,16.51,24.71
3796,07/30/2026 21:42:16,16.51,3.26
3797,07/30/2026 21:57:16,16.56,0.00
3798,07/30/2026 22:12:16,16.56,0.00
3799,07/30/2026 22:27:16,16.47,0.00
3800,07/30/2026 22:42:16,16.47,0.00
3801,07/30/2026 22:57:16,16.30,0.00
3802,07/30/2026 23:12:16,16.13,0.00
3803,07/30/2026 23:27:16,16.26,0.00
3804,07/30/2026 23:42:16,16.34,0.00
3805,07/30/2026 23:57:16,16.30,0.00
3806,07/31/2026 00:12:16,16.30,0.00
3807,07/31/2026 00:27:16,16.34,0.00
3808,07/31/2026 00:42:16,16.30,0.00
3809,07/31/2026 00:57:16,16.26,0.00
3810,07/31/2026 01:12:16,16.17,0.00
3811,07/31/2026 01:27:16,16.21,0.00
3812,07/31/2026 01:42:16,16.00,0.00
3813,07/31/2026 01:57:16,15.87,0.00
3814,07/31/2026 02:12:16,15.96,0.00
3815,07/31/2026 02:27:16,15.78,0.00
3816,07/31/2026 02:42:16,15.91,0.00
3817,07/31/2026 02:57:16,15.83,0.00
3818,07/31/2026 03:12:16,15.66,0.00
3819,07/31/2026 03:27:16,15.44,0.00
3820,07/31/2026 03:42:16,15.57,0.00
3821,07/31/2026 03:57:16,15.61,0.00
3822,07/31/2026 04:12:16,15.70,0.00
3823,07/31/2026 04:27:16,15.66,0.00
3824,07/31/2026 04:42:16,15.57,0.00
3825,07/31/2026 04:57:16,15.61,1.52
3826,07/31/2026 05:12:16,15.61,10.94
3827,07/31/2026 05:27:16,15.48,58.20
3828,07/31/2026 05:42:16,15.36,95.36
3829,07/31/2026 05:57:16,15.31,169.68
3830,07/31/2026 06:12:16,15.31,173.28
3831,07/31/2026 06:27:16,15.31,443.68
3832,07/31/2026 06:42:16,15.31,498.24
3833,07/31/2026 06:57:16,15.27,665.28
3834,07/31/2026 07:12:16,15.27,1036.48
3835,07/31/2026 07:27:16,15.31,2163.84
3836,07/31/2026 07:42:16,15.48,6036.48
3837,07/31/2026 07:57:16,15.74,7324.16
3838,07/31/2026 08:12:16,15.74,5731.84
3839,07/31/2026 08:27:16,15.66,5278.72
3840,07/31/2026 08:42:16,15.78,6008.32
3841,07/31/2026 08:57:16,15.74,6090.24
3842,07/31/2026 09:12:16,15.96,11642.88
3843,07/31/2026 09:27:16,16.08,9825.28
3844,07/31/2026 09:42:16,16.21,7275.52
3845,07/31/2026 09:57:16,16.34,10946.56
3846,07/31/2026 10:12:16,16.51,11463.68
3847,07/31/2026 10:27:16,16.56,11397.12
3848,07/31/2026 10:42:16,16.51,10762.24
3849,07/31/2026 10:57:16,16.17,10460.16
3850,07/31/2026 11:12:16,16.04,15754.24
3851,07/31/2026 11:27:16,15.87,16133.12
3852,07/31/2026 11:42:16,16.21,14658.56
3853,07/31/2026 11:57:16,15.87,20121.60
3854,07/31/2026 12:12:16,15.23,15380.48
3855,07/31/2026 12:27:16,14.41,22118.40
3856,07/31/2026 12:42:16,14.20,18877.44
3857,07/31/2026 12:57:16,13.08,16000.00
3858,07/31/2026 13:12:16,12.95,17515.52
3859,07/31/2026 13:27:16,14.58,14402.56
3860,07/31/2026 13:42:16,15.06,16261.12
3861,07/31/2026 13:57:16,15.14,18442.24
3862,07/31/2026 14:12:16,15.23,19543.04
3863,07/31/2026 14:27:16,15.23,22128.64
3864,07/31/2026 14:42:16,14.93,14156.80
3865,07/31/2026 14:57:16,15.01,19169.28
3866,07/31/2026 15:12:16,15.06,26501.12
3867,07/31/2026 15:27:16,14.97,14484.48
3868,07/31/2026 15:42:16,15.23,13373.44
3869,07/31/2026 15:57:16,15.27,12339.20
3870,07/31/2026 16:12:16,15.36,11914.24
3871,07/31/2026 16:27:16,15.18,5205.76
3872,07/31/2026 16:42:16,15.18,5416.96
3873,07/31/2026 16:57:16,15.14,7907.84
3874,07/31/2026 17:12:16,15.06,7951.36
3875,07/31/2026 17:27:16,14.93,6548.48
3876,07/31/2026 17:42:16,14.80,9072.64
3877,07/31/2026 17:57:16,14.45,13767.68
3878,07/31/2026 18:12:16,14.45,9510.40
3879,07/31/2026 18:27:16,14.54,6768.64
3880,07/31/2026 18:42:16,14.37,5139.20
3881,07/31/2026 18:57:16,14.45,5288.96
3882,07/31/2026 19:12:16,14.45,4700.16
3883,07/31/2026 19:27:16,14.33,3015.68
3884,07/31/2026 19:42:16,14.24,2205.44
3885,07/31/2026 19:57:16,14.20,1445.12
3886,07/31/2026 20:12:16,14.20,743.36
3887,07/31/2026 20:27:16,14.15,536.48
3888,07/31/2026 20:42:16,13.98,321.44
3889,07/31/2026 20:57:16,13.94,168.96
3890,07/31/2026 21:12:16,13.68,55.58
3891,07/31/2026 21:27:16,13.77,12.68
3892,07/31/2026 21:42:16,13.77,1.30
3893,07/31/2026 21:57:16,13.73,0.00
3894,07/31/2026 22:12:16,13.68,0.00
3895,07/31/2026 22:27:16,13.64,0.00
3896,07/31/2026 22:42:16,13.51,0.00
3897,07/31/2026 22:57:16,13.47,0.00
3898,07/31/2026 23:12:16,13.47,0.00
3899,07/31/2026 23:27:16,13.21,0.00
3900,07/31/2026 23:42:16,13.17,0.00
3901,07/31/2026 23:57:16,13.12,0.00
3902,08/01/2026 00:12:16,13.12,0.00
3903,08/01/2026 00:27:16,13.04,0.00
3904,08/01/2026 00:42:16,13.12,0.00
3905,08/01/2026 00:57:16,13.17,0.00
3906,08/01/2026 01:12:16,13.17,0.00
3907,08/01/2026 01:27:16,13.21,0.00
3908,08/01/2026 01:42:16,13.25,0.00
3909,08/01/2026 01:57:16,13.25,0.00
3910,08/01/2026 02:12:16,13.25,0.00
3911,08/01/2026 02:27:16,13.30,0.00
3912,08/01/2026 02:42:16,13.25,0.00
3913,08/01/2026 02:57:16,13.25,0.00
3914,08/01/2026 03:12:16,13.21,0.00
3915,08/01/2026 03:27:16,13.21,0.00
3916,08/01/2026 03:42:16,13.17,0.00
3917,08/01/2026 03:57:16,13.12,0.00
3918,08/01/2026 04:12:16,13.12,0.00
3919,08/01/2026 04:27:16,13.12,0.00
3920,08/01/2026 04:42:16,13.08,0.00
3921,08/01/2026 04:57:16,12.95,0.43
3922,08/01/2026 05:12:16,12.91,8.08
3923,08/01/2026 05:27:16,12.95,40.28
3924,08/01/2026 05:42:16,12.91,128.68
3925,08/01/2026 05:57:16,12.87,332.96
3926,08/01/2026 06:12:16,12.78,518.72
3927,08/01/2026 06:27:16,12.70,741.44
3928,08/01/2026 06:42:16,12.70,995.52
3929,08/01/2026 06:57:16,12.61,1581.44
3930,08/01/2026 07:12:16,12.70,1900.16
3931,08/01/2026 07:27:16,13.12,2982.40
3932,08/01/2026 07:42:16,13.21,3225.60
3933,08/01/2026 07:57:16,13.12,4176.64
3934,08/01/2026 08:12:16,13.25,9072.64
3935,08/01/2026 08:27:16,13.25,5560.32
3936,08/01/2026 08:42:16,13.38,6525.44
3937,08/01/2026 08:57:16,13.60,7088.64
3938,08/01/2026 09:12:16,13.85,11253.76
3939,08/01/2026 09:27:16,13.98,8040.96
3940,08/01/2026 09:42:16,14.41,13096.96
3941,08/01/2026 09:57:16,14.54,11448.32
3942,08/01/2026 10:12:16,14.84,14438.40
3943,08/01/2026 10:27:16,14.84,16430.08
3944,08/01/2026 10:42:16,14.84,15170.56
3945,08/01/2026 10:57:16,14.11,11212.80
3946,08/01/2026 11:12:16,14.11,16773.12
3947,08/01/2026 11:27:16,14.20,12610.56
3948,08/01/2026 11:42:16,14.24,15866.88
3949,08/01/2026 11:57:16,14.11,15631.36
3950,08/01/2026 12:12:16,14.28,13204.48
3951,08/01/2026 12:27:16,14.33,20352.00
3952,08/01/2026 12:42:16,14.41,18222.08
3953,08/01/2026 12:57:16,14.54,17843.20
3954,08/01/2026 13:12:16,14.67,23101.44
3955,08/01/2026 13:27:16,14.71,35092.48
3956,08/01/2026 13:42:16,14.67,21135.36
3957,08/01/2026 13:57:16,14.80,26818.56
3958,08/01/2026 14:12:16,14.75,35174.40
3959,08/01/2026 14:27:16,15.06,21903.36
3960,08/01/2026 14:42:16,15.31,19532.80
3961,08/01/2026 14:57:16,14.24,23623.68
3962,08/01/2026 15:12:16,14.58,18472.96
3963,08/01/2026 15:27:16,15.31,23336.96
3964,08/01/2026 15:42:16,15.61,29050.88
3965,08/01/2026 15:57:16,15.70,37560.32
3966,08/01/2026 16:12:16,15.91,27566.08
3967,08/01/2026 16:27:16,15.87,22855.68
3968,08/01/2026 16:42:16,15.74,20060.16
3969,08/01/2026 16:57:16,15.66,25866.24
3970,08/01/2026 17:12:16,15.61,20715.52
3971,08/01/2026 17:27:16,15.44,18708.48
3972,08/01/2026 17:42:16,15.44,9886.72
3973,08/01/2026 17:57:16,15.36,10012.16
3974,08/01/2026 18:12:16,15.27,11509.76
3975,08/01/2026 18:27:16,15.06,12840.96
3976,08/01/2026 18:42:16,14.93,10173.44
3977,08/01/2026 18:57:16,14.84,5608.96
3978,08/01/2026 19:12:16,14.58,5992.96
3979,08/01/2026 19:27:16,14.45,3083.52
3980,08/01/2026 19:42:16,14.54,3075.84
3981,08/01/2026 19:57:16,14.45,2203.52
3982,08/01/2026 20:12:16,14.37,1560.96
3983,08/01/2026 20:27:16,14.45,756.48
3984,08/01/2026 20:42:16,14.24,542.24
3985,08/01/2026 20:57:16,14.11,202.24
3986,08/01/2026 21:12:16,13.98,60.42
3987,08/01/2026 21:27:16,13.85,15.51
3988,08/01/2026 21:42:16,13.77,1.74
3989,08/01/2026 21:57:16,13.73,0.00
3990,08/01/2026 22:12:16,13.77,0.00
3991,08/01/2026 22:27:16,13.77,0.00
3992,08/01/2026 22:42:16,13.64,0.00
3993,08/01/2026 22:57:16,13.60,0.00
3994,08/01/2026 23:12:16,13.68,0.00
3995,08/01/2026 23:27:16,13.77,0.00
3996,08/01/2026 23:42:16,13.77,0.00
3997,08/01/2026 23:57:16,13.81,0.00
3998,08/02/2026 00:12:16,13.81,0.00
3999,08/02/2026 00:27:16,13.90,0.00
4000,08/02/2026 00:42:16,13.90,0.00
4001,08/02/2026 00:57:16,13.90,0.00
4002,08/02/2026 01:12:16,13.90,0.00
4003,08/02/2026 01:27:16,13.85,0.00
4004,08/02/2026 01:42:16,13.81,0.00
4005,08/02/2026 01:57:16,13.77,0.00
4006,08/02/2026 02:12:16,13.64,0.00
4007,08/02/2026 02:27:16,13.60,0.00
4008,08/02/2026 02:42:16,13.55,0.00
4009,08/02/2026 02:57:16,13.47,0.00
4010,08/02/2026 03:12:16,13.21,0.00
4011,08/02/2026 03:27:16,12.91,0.00
4012,08/02/2026 03:42:16,12.87,0.00
4013,08/02/2026 03:57:16,13.08,0.00
4014,08/02/2026 04:12:16,13.25,0.00
4015,08/02/2026 04:27:16,13.25,0.00
4016,08/02/2026 04:42:16,13.25,0.00
4017,08/02/2026 04:57:16,13.12,0.43
4018,08/02/2026 05:12:16,13.08,7.40
4019,08/02/2026 05:27:16,13.08,43.76
4020,08/02/2026 05:42:16,13.04,167.20
4021,08/02/2026 05:57:16,13.00,254.80
4022,08/02/2026 06:12:16,13.00,337.28
4023,08/02/2026 06:27:16,13.17,1051.20
4024,08/02/2026 06:42:16,13.17,1535.36
4025,08/02/2026 06:57:16,13.30,2055.68
4026,08/02/2026 07:12:16,13.34,2679.04
4027,08/02/2026 07:27:16,13.34,2786.56
4028,08/02/2026 07:42:16,13.43,5131.52
4029,08/02/2026 07:57:16,13.43,5800.96
4030,08/02/2026 08:12:16,13.60,5905.92
4031,08/02/2026 08:27:16,13.77,7559.68
4032,08/02/2026 08:42:16,13.81,8353.28
4033,08/02/2026 08:57:16,14.15,9733.12
4034,08/02/2026 09:12:16,13.98,8501.76
4035,08/02/2026 09:27:16,13.81,11975.68
4036,08/02/2026 09:42:16,13.77,12165.12
4037,08/02/2026 09:57:16,14.03,11463.68
4038,08/02/2026 10:12:16,14.24,12262.40
4039,08/02/2026 10:27:16,14.58,13905.92
4040,08/02/2026 10:42:16,14.58,11663.36
4041,08/02/2026 10:57:16,14.11,17484.80
4042,08/02/2026 11:12:16,13.90,16686.08
4043,08/02/2026 11:27:16,13.85,15016.96
4044,08/02/2026 11:42:16,13.85,19404.80
4045,08/02/2026 11:57:16,13.73,22620.16
4046,08/02/2026 12:12:16,13.64,17146.88
4047,08/02/2026 12:27:16,13.68,15631.36
4048,08/02/2026 12:42:16,13.68,28876.80
4049,08/02/2026 12:57:16,13.85,35287.04
4050,08/02/2026 13:12:16,14.03,23336.96
4051,08/02/2026 13:27:16,14.33,29972.48
4052,08/02/2026 13:42:16,14.37,24412.16
4053,08/02/2026 13:57:16,14.45,23429.12
4054,08/02/2026 14:12:16,14.41,23808.00
4055,08/02/2026 14:27:16,14.84,19476.48
4056,08/02/2026 14:42:16,15.10,33167.36
4057,08/02/2026 14:57:16,15.18,29777.92
4058,08/02/2026 15:12:16,15.18,33064.96
4059,08/02/2026 15:27:16,15.01,34682.88
4060,08/02/2026 15:42:16,14.71,23193.60
4061,08/02/2026 15:57:16,15.18,20864.00
4062,08/02/2026 16:12:16,15.83,20075.52
4063,08/02/2026 16:27:16,15.83,10229.76
4064,08/02/2026 16:42:16,16.13,25733.12
4065,08/02/2026 16:57:16,16.17,22886.40
4066,08/02/2026 17:12:16,16.13,17971.20
4067,08/02/2026 17:27:16,16.34,25098.24
4068,08/02/2026 17:42:16,16.51,10931.20
4069,08/02/2026 17:57:16,16.26,18114.56
4070,08/02/2026 18:12:16,15.61,17198.08
4071,08/02/2026 18:27:16,15.74,8020.48
4072,08/02/2026 18:42:16,15.87,13588.48
4073,08/02/2026 18:57:16,15.66,8670.72
4074,08/02/2026 19:12:16,15.57,6535.68
4075,08/02/2026 19:27:16,15.70,4975.36
4076,08/02/2026 19:42:16,15.57,3543.04
4077,08/02/2026 19:57:16,15.44,1949.44
4078,08/02/2026 20:12:16,14.75,1397.76
4079,08/02/2026 20:27:16,14.63,1017.28
4080,08/02/2026 20:42:16,14.58,625.44
4081,08/02/2026 20:57:16,14.45,301.36
4082,08/02/2026 21:12:16,14.24,91.12
4083,08/02/2026 21:27:16,13.90,20.79
4084,08/02/2026 21:42:16,13.85,2.39
4085,08/02/2026 21:57:16,13.81,0.00
4086,08/02/2026 22:12:16,13.77,0.00
4087,08/02/2026 22:27:16,13.64,0.00
4088,08/02/2026 22:42:16,13.47,0.00
4089,08/02/2026 22:57:16,13.38,0.00
4090,08/02/2026 23:12:16,13.25,0.00
4091,08/02/2026 23:27:16,13.25,0.00
4092,08/02/2026 23:42:16,13.25,0.00
4093,08/02/2026 23:57:16,13.21,0.00
4094,08/03/2026 00:12:16,13.21,0.00
4095,08/03/2026 00:27:16,13.43,0.00
4096,08/03/2026 00:42:16,13.73,0.00
4097,08/03/2026 00:57:16,13.77,0.00
4098,08/03/2026 01:12:16,13.90,0.00
4099,08/03/2026 01:27:16,13.94,0.00
4100,08/03/2026 01:42:16,13.94,0.00
4101,08/03/2026 01:57:16,13.98,0.00
4102,08/03/2026 02:12:16,13.94,0.00
4103,08/03/2026 02:27:16,13.90,0.00
4104,08/03/2026 02:42:16,13.98,0.00
4105,08/03/2026 02:57:16,13.98,0.00
4106,08/03/2026 03:12:16,13.94,0.00
4107,08/03/2026 03:27:16,13.85,0.00
4108,08/03/2026 03:42:16,13.81,0.00
4109,08/03/2026 03:57:16,13.77,0.00
4110,08/03/2026 04:12:16,13.68,0.00
4111,08/03/2026 04:27:16,13.60,0.00
4112,08/03/2026 04:42:16,13.38,0.00
4113,08/03/2026 04:57:16,13.43,0.43
4114,08/03/2026 05:12:16,13.51,7.21
4115,08/03/2026 05:27:16,13.47,50.40
4116,08/03/2026 05:42:16,13.43,191.20
4117,08/03/2026 05:57:16,13.38,489.92
4118,08/03/2026 06:12:16,13.04,896.96
4119,08/03/2026 06:27:16,12.22,2432.00
4120,08/03/2026 06:42:16,12.40,3315.20
4121,08/03/2026 06:57:16,13.17,3895.04
4122,08/03/2026 07:12:16,13.94,4330.24
4123,08/03/2026 07:27:16,14.88,4801.28
4124,08/03/2026 07:42:16,15.83,5829.12
4125,08/03/2026 07:57:16,16.69,7203.84
4126,08/03/2026 08:12:16,17.72,8729.60
4127,08/03/2026 08:27:16,18.27,10403.84
4128,08/03/2026 08:42:16,16.69,12277.76
4129,08/03/2026 08:57:16,16.51,14346.24
4130,08/03/2026 09:12:16,16.51,16414.72
4131,08/03/2026 09:27:16,16.47,18631.68
4132,08/03/2026 09:42:16,16.34,21104.64
4133,08/03/2026 09:57:16,16.81,23531.52
4134,08/03/2026 10:12:16,17.20,26214.40
4135,08/03/2026 10:27:16,18.32,28846.08
4136,08/03/2026 10:42:16,18.32,31508.48
4137,08/03/2026 10:57:16,18.83,34170.88
4138,08/03/2026 11:12:16,17.50,50688.00
4139,08/03/2026 11:27:16,15.40,41011.20
4140,08/03/2026 11:42:16,15.06,14341.12
4141,08/03/2026 11:57:16,15.18,18452.48
4142,08/03/2026 12:12:16,15.18,19348.48
4143,08/03/2026 12:27:16,15.40,26091.52
4144,08/03/2026 12:42:16,15.48,29429.76
4145,08/03/2026 12:57:16,15.44,26429.44
4146,08/03/2026 13:12:16,15.61,19809.28
4147,08/03/2026 13:27:16,15.61,16215.04
4148,08/03/2026 13:42:16,15.74,15585.28
4149,08/03/2026 13:57:16,15.83,20480.00
4150,08/03/2026 14:12:16,15.96,25477.12
4151,08/03/2026 14:27:16,16.04,17704.96
4152,08/03/2026 14:42:16,16.13,30197.76
4153,08/03/2026 14:57:16,16.13,9930.24
4154,08/03/2026 15:12:16,16.13,17546.24
4155,08/03/2026 15:27:16,16.30,35409.92
4156,08/03/2026 15:42:16,16.21,20464.64
4157,08/03/2026 15:57:16,16.17,10680.32
4158,08/03/2026 16:12:16,16.21,9748.48
4159,08/03/2026 16:27:16,16.39,9984.00
4160,08/03/2026 16:42:16,16.69,13317.12
4161,08/03/2026 16:57:16,16.86,21084.16
4162,08/03/2026 17:12:16,17.03,18283.52
4163,08/03/2026 17:27:16,17.11,10444.80
4164,08/03/2026 17:42:16,17.37,9845.76
4165,08/03/2026 17:57:16,16.94,40.34
4166,08/03/2026 18:12:16,17.33,7001.60
4167,08/03/2026 18:27:16,17.41,6822.40
4168,08/03/2026 18:42:16,17.20,6535.68
4169,08/03/2026 18:57:16,16.64,5427.20
4170,08/03/2026 19:12:16,17.54,5570.56
4171,08/03/2026 19:27:16,17.07,4313.60
4172,08/03/2026 19:42:16,16.73,3074.56
4173,08/03/2026 19:57:16,16.39,6848.00
4174,08/03/2026 20:12:16,16.13,8145.92
4175,08/03/2026 20:27:16,15.74,914.56
4176,08/03/2026 20:42:16,15.96,647.52
4177,08/03/2026 20:57:16,15.40,874.56
4178,08/03/2026 21:12:16,15.23,199.68
4179,08/03/2026 21:27:16,15.91,28.01
4180,08/03/2026 21:42:16,15.23,4.60
4181,08/03/2026 21:57:16,13.43,0.43
4182,08/03/2026 22:12:16,11.88,0.00
4183,08/03/2026 22:27:16,14.80,0.00
4184,08/03/2026 22:42:16,16.17,0.00
4185,08/03/2026 22:57:16,16.26,0.00
4186,08/03/2026 23:12:16,16.26,0.00
4187,08/03/2026 23:27:16,16.60,0.00
4188,08/03/2026 23:42:16,17.20,0.00
4189,08/03/2026 23:57:16,17.29,0.00
4190,08/04/2026 00:12:16,17.20,0.00
4191,08/04/2026 00:27:16,17.16,0.00
4192,08/04/2026 00:42:16,17.07,0.00
4193,08/04/2026 00:57:16,17.03,0.00
4194,08/04/2026 01:12:16,16.90,0.00
4195,08/04/2026 01:27:16,16.81,0.00
4196,08/04/2026 01:42:16,16.81,0.00
4197,08/04/2026 01:57:16,16.73,0.00
4198,08/04/2026 02:12:16,16.60,0.00
4199,08/04/2026 02:27:16,16.60,0.00
4200,08/04/2026 02:42:16,16.51,0.00
4201,08/04/2026 02:57:16,16.34,0.00
4202,08/04/2026 03:12:16,16.30,0.00
4203,08/04/2026 03:27:16,16.08,0.00
4204,08/04/2026 03:42:16,16.08,0.00
4205,08/04/2026 03:57:16,15.96,0.00
4206,08/04/2026 04:12:16,15.91,0.00
4207,08/04/2026 04:27:16,15.78,0.00
4208,08/04/2026 04:42:16,15.70,0.00
4209,08/04/2026 04:57:16,15.61,0.00
4210,08/04/2026 05:12:16,15.53,2.17
4211,08/04/2026 05:27:16,15.48,29.53
4212,08/04/2026 05:42:16,15.40,131.32
4213,08/04/2026 05:57:16,15.36,243.44
4214,08/04/2026 06:12:16,15.40,287.44
4215,08/04/2026 06:27:16,15.27,532.64
4216,08/04/2026 06:42:16,15.31,1048.64
4217,08/04/2026 06:57:16,15.36,1937.28
4218,08/04/2026 07:12:16,15.27,807.04
4219,08/04/2026 07:27:16,15.27,599.20
4220,08/04/2026 07:42:16,15.31,1136.64
4221,08/04/2026 07:57:16,15.40,5463.04
4222,08/04/2026 08:12:16,15.31,1431.04
4223,08/04/2026 08:27:16,15.61,10327.04
4224,08/04/2026 08:42:16,15.61,4305.92
4225,08/04/2026 08:57:16,15.70,7580.16
4226,08/04/2026 09:12:16,15.91,6584.32
4227,08/04/2026 09:27:16,16.08,5926.40
4228,08/04/2026 09:42:16,16.86,26255.36
4229,08/04/2026 09:57:16,16.30,25681.92
4230,08/04/2026 10:12:16,15.91,10961.92
4231,08/04/2026 10:27:16,15.83,12805.12
4232,08/04/2026 10:42:16,16.04,16793.60
4233,08/04/2026 10:57:16,15.74,5131.52
4234,08/04/2026 11:12:16,15.53,2805.76
4235,08/04/2026 11:27:16,15.44,4180.48
4236,08/04/2026 11:42:16,15.48,10152.96
4237,08/04/2026 11:57:16,15.61,7685.12
4238,08/04/2026 12:12:16,15.27,4002.56
4239,08/04/2026 12:27:16,15.40,7741.44
4240,08/04/2026 12:42:16,15.18,2707.20
4241,08/04/2026 12:57:16,15.01,5054.72
4242,08/04/2026 13:12:16,15.36,12933.12
4243,08/04/2026 13:27:16,15.27,7045.12
4244,08/04/2026 13:42:16,15.10,2038.40
4245,08/04/2026 13:57:16,15.23,6172.16
4246,08/04/2026 14:12:16,15.44,22026.24
4247,08/04/2026 14:27:16,15.31,7616.00
4248,08/04/2026 14:42:16,15.53,12257.28
4249,08/04/2026 14:57:16,15.36,5762.56
4250,08/04/2026 15:12:16,15.48,9274.88
4251,08/04/2026 15:27:16,15.57,7846.40
4252,08/04/2026 15:42:16,15.53,8954.88
4253,08/04/2026 15:57:16,15.83,22435.84
4254,08/04/2026 16:12:16,15.48,6389.76
4255,08/04/2026 16:27:16,15.66,7866.88
4256,08/04/2026 16:42:16,15.87,14366.72
4257,08/04/2026 16:57:16,15.91,8145.92
4258,08/04/2026 17:12:16,15.70,2154.88
4259,08/04/2026 17:27:16,15.66,7275.52
4260,08/04/2026 17:42:16,15.91,2818.56
4261,08/04/2026 17:57:16,15.83,2116.48
4262,08/04/2026 18:12:16,15.57,1265.60
4263,08/04/2026 18:27:16,15.70,1452.80
4264,08/04/2026 18:42:16,15.44,800.96
4265,08/04/2026 18:57:16,15.70,1198.40
4266,08/04/2026 19:12:16,15.70,1182.72
4267,08/04/2026 19:27:16,15.61,1952.64
4268,08/04/2026 19:42:16,15.57,3047.68
4269,08/04/2026 19:57:16,15.66,3664.64
4270,08/04/2026 20:12:16,15.48,1952.64
4271,08/04/2026 20:27:16,15.36,835.20
4272,08/04/2026 20:42:16,15.57,513.92
4273,08/04/2026 20:57:16,15.70,241.68
4274,08/04/2026 21:12:16,15.70,78.82
4275,08/04/2026 21:27:16,15.48,13.55
4276,08/04/2026 21:42:16,15.48,1.08
4277,08/04/2026 21:57:16,15.48,0.00
4278,08/04/2026 22:12:16,15.40,0.00
4279,08/04/2026 22:27:16,15.48,0.00
4280,08/04/2026 22:42:16,15.36,0.00
4281,08/04/2026 22:57:16,15.23,0.00
4282,08/04/2026 23:12:16,15.18,0.00
4283,08/04/2026 23:27:16,15.44,0.00
4284,08/04/2026 23:42:16,15.70,0.00
4285,08/04/2026 23:57:16,15.66,0.00
4286,08/05/2026 00:12:16,15.66,0.00
4287,08/05/2026 00:27:16,15.61,0.00
4288,08/05/2026 00:42:16,15.57,0.00
4289,08/05/2026 00:57:16,15.40,0.00
4290,08/05/2026 01:12:16,15.31,0.00
4291,08/05/2026 01:27:16,15.31,0.00
4292,08/05/2026 01:42:16,15.23,0.00
4293,08/05/2026 01:57:16,15.18,0.00
4294,08/05/2026 02:12:16,15.10,0.00
4295,08/05/2026 02:27:16,15.01,0.00
4296,08/05/2026 02:42:16,14.93,0.00
4297,08/05/2026 02:57:16,14.88,0.00
4298,08/05/2026 03:12:16,14.80,0.00
4299,08/05/2026 03:27:16,14.80,0.00
4300,08/05/2026 03:42:16,14.80,0.00
4301,08/05/2026 03:57:16,14.80,0.00
4302,08/05/2026 04:12:16,14.71,0.00
4303,08/05/2026 04:27:16,14.71,0.00
4304,08/05/2026 04:42:16,14.67,0.00
4305,08/05/2026 04:57:16,14.63,0.00
4306,08/05/2026 05:12:16,14.67,2.61
4307,08/05/2026 05:27:16,14.58,21.66
4308,08/05/2026 05:42:16,14.63,93.72
4309,08/05/2026 05:57:16,14.58,247.76
4310,08/05/2026 06:12:16,14.54,492.48
4311,08/05/2026 06:27:16,14.54,815.68
4312,08/05/2026 06:42:16,14.67,1103.68
4313,08/05/2026 06:57:16,14.63,1298.56
4314,08/05/2026 07:12:16,14.58,1674.88
4315,08/05/2026 07:27:16,14.58,2250.88
4316,08/05/2026 07:42:16,14.63,2827.52
4317,08/05/2026 07:57:16,14.67,2688.00
4318,08/05/2026 08:12:16,14.75,6883.84
4319,08/05/2026 08:27:16,14.88,7093.76
4320,08/05/2026 08:42:16,14.97,7198.72
4321,08/05/2026 08:57:16,15.06,11028.48
4322,08/05/2026 09:12:16,15.14,15406.08
4323,08/05/2026 09:27:16,15.23,17607.68
4324,08/05/2026 09:42:16,15.40,16465.92
4325,08/05/2026 09:57:16,15.57,22353.92
4326,08/05/2026 10:12:16,15.74,23705.60
4327,08/05/2026 10:27:16,15.78,14351.36
4328,08/05/2026 10:42:16,15.91,33003.52
4329,08/05/2026 10:57:16,16.00,26849.28
4330,08/05/2026 11:12:16,16.17,28344.32
4331,08/05/2026 11:27:16,16.21,33024.00
4332,08/05/2026 11:42:16,16.26,42885.12
4333,08/05/2026 11:57:16,16.17,26675.20
4334,08/05/2026 12:12:16,16.21,45322.24
4335,08/05/2026 12:27:16,16.17,24299.52
4336,08/05/2026 12:42:16,16.17,36341.76
4337,08/05/2026 12:57:16,16.21,23582.72
4338,08/05/2026 13:12:16,16.13,37754.88
4339,08/05/2026 13:27:16,16.17,38307.84
4340,08/05/2026 13:42:16,16.21,30156.80
4341,08/05/2026 13:57:16,16.04,24954.88
4342,08/05/2026 14:12:16,16.00,23275.52
4343,08/05/2026 14:27:16,16.08,22640.64
4344,08/05/2026 14:42:16,16.21,19998.72
4345,08/05/2026 14:57:16,16.34,17111.04
4346,08/05/2026 15:12:16,16.47,23050.24
4347,08/05/2026 15:27:16,16.60,19962.88
4348,08/05/2026 15:42:16,16.64,14535.68
4349,08/05/2026 15:57:16,16.69,14766.08
4350,08/05/2026 16:12:16,16.77,16133.12
4351,08/05/2026 16:27:16,16.77,24842.24
4352,08/05/2026 16:42:16,16.81,14407.68
4353,08/05/2026 16:57:16,16.81,15175.68
4354,08/05/2026 17:12:16,16.86,15406.08
4355,08/05/2026 17:27:16,16.90,13107.20
4356,08/05/2026 17:42:16,16.90,9505.28
4357,08/05/2026 17:57:16,16.90,12738.56
4358,08/05/2026 18:12:16,17.03,10700.80
4359,08/05/2026 18:27:16,16.94,6929.92
4360,08/05/2026 18:42:16,16.94,7808.00
4361,08/05/2026 18:57:16,16.99,5754.88
4362,08/05/2026 19:12:16,16.99,4567.04
4363,08/05/2026 19:27:16,17.07,6643.20
4364,08/05/2026 19:42:16,16.99,2574.72
4365,08/05/2026 19:57:16,16.94,3050.24
4366,08/05/2026 20:12:16,16.86,1740.80
4367,08/05/2026 20:27:16,16.73,988.48
4368,08/05/2026 20:42:16,16.69,456.80
4369,08/05/2026 20:57:16,16.77,217.28
4370,08/05/2026 21:12:16,17.07,55.14
4371,08/05/2026 21:27:16,16.86,6.99
4372,08/05/2026 21:42:16,17.07,0.43
4373,08/05/2026 21:57:16,17.24,0.00
4374,08/05/2026 22:12:16,17.33,0.00
4375,08/05/2026 22:27:16,17.50,0.00
4376,08/05/2026 22:42:16,17.63,0.00
4377,08/05/2026 22:57:16,17.89,0.00
4378,08/05/2026 23:12:16,17.97,0.00
4379,08/05/2026 23:27:16,18.14,0.00
4380,08/05/2026 23:42:16,18.19,0.00
4381,08/05/2026 23:57:16,18.23,0.00
4382,08/06/2026 00:12:16,18.19,0.00
4383,08/06/2026 00:27:16,18.19,0.00
4384,08/06/2026 00:42:16,18.10,0.00
4385,08/06/2026 00:57:16,17.97,0.00
4386,08/06/2026 01:12:16,17.97,0.00
4387,08/06/2026 01:27:16,18.02,0.00
4388,08/06/2026 01:42:16,18.02,0.00
4389,08/06/2026 01:57:16,17.97,0.00
4390,08/06/2026 02:12:16,17.93,0.00
4391,08/06/2026 02:27:16,17.89,0.00
4392,08/06/2026 02:42:16,17.80,0.00
4393,08/06/2026 02:57:16,17.46,0.00
4394,08/06/2026 03:12:16,17.03,0.00
4395,08/06/2026 03:27:16,16.94,0.00
4396,08/06/2026 03:42:16,16.73,0.00
4397,08/06/2026 03:57:16,16.51,0.00
4398,08/06/2026 04:12:16,16.34,0.00
4399,08/06/2026 04:27:16,16.13,0.00
4400,08/06/2026 04:42:16,16.00,0.00
4401,08/06/2026 04:57:16,15.87,0.00
4402,08/06/2026 05:12:16,15.83,1.52
4403,08/06/2026 05:27:16,15.78,14.86
4404,08/06/2026 05:42:16,15.74,62.98
4405,08/06/2026 05:57:16,15.66,146.12
4406,08/06/2026 06:12:16,15.53,328.32
4407,08/06/2026 06:27:16,15.53,561.28
4408,08/06/2026 06:42:16,15.57,911.04
4409,08/06/2026 06:57:16,15.57,1149.76
4410,08/06/2026 07:12:16,15.61,1777.92
4411,08/06/2026 07:27:16,15.61,2282.24
4412,08/06/2026 07:42:16,15.61,2877.44
4413,08/06/2026 07:57:16,15.70,2803.20
4414,08/06/2026 08:12:16,15.70,4445.44
4415,08/06/2026 08:27:16,15.74,5568.00
4416,08/06/2026 08:42:16,15.91,7518.72
4417,08/06/2026 08:57:16,16.00,8028.16
4418,08/06/2026 09:12:16,16.04,13035.52
4419,08/06/2026 09:27:16,16.13,10298.88
4420,08/06/2026 09:42:16,16.26,21248.00
4421,08/06/2026 09:57:16,16.26,15467.52
4422,08/06/2026 10:12:16,16.47,19420.16
4423,08/06/2026 10:27:16,16.51,17643.52
4424,08/06/2026 10:42:16,16.69,27125.76
4425,08/06/2026 10:57:16,16.81,60620.80
4426,08/06/2026 11:12:16,16.94,30115.84
4427,08/06/2026 11:27:16,16.90,33157.12
4428,08/06/2026 11:42:16,16.94,32737.28
4429,08/06/2026 11:57:16,16.99,44584.96
4430,08/06/2026 12:12:16,17.20,51773.44
4431,08/06/2026 12:27:16,17.16,38287.36
4432,08/06/2026 12:42:16,16.81,21125.12
4433,08/06/2026 12:57:16,17.07,26869.76
4434,08/06/2026 13:12:16,16.94,34744.32
4435,08/06/2026 13:27:16,17.50,40591.36
4436,08/06/2026 13:42:16,17.76,24207.36
4437,08/06/2026 13:57:16,22.43,52510.72
4438,08/06/2026 14:12:16,17.37,13.39
4439,08/06/2026 14:27:16,18.10,5.47
4440,08/06/2026 14:42:16,28.70,15452.16
4441,08/06/2026 14:57:16,31.14,19087.36
4442,08/06/2026 15:12:16,30.89,12395.52
4443,08/06/2026 15:27:16,32.22,14090.24
4444,08/06/2026 15:42:16,34.27,22435.84
4445,08/06/2026 15:57:16,34.15,20695.04
4446,08/06/2026 16:12:16,33.55,20136.96
4447,08/06/2026 16:27:16,31.92,21268.48
4448,08/06/2026 16:42:16,32.52,20449.28
4449,08/06/2026 16:57:16,33.03,19614.72
4450,08/06/2026 17:12:16,32.30,18529.28
4451,08/06/2026 17:27:16,31.87,17300.48
4452,08/06/2026 17:42:16,29.26,13772.80
4453,08/06/2026 17:57:16,22.22,997.12
4454,08/06/2026 18:12:16,20.85,46.00
4455,08/06/2026 18:27:16,23.72,0.00
4456,08/06/2026 18:42:16,24.41,0.00
4457,08/06/2026 18:57:16,25.05,0.00
4458,08/06/2026 19:12:16,25.44,0.00
4459,08/06/2026 19:27:16,25.52,0.00
4460,08/06/2026 19:42:16,25.31,0.00
4461,08/06/2026 19:57:16,24.79,1.52
4462,08/06/2026 20:12:16,26.38,62.60
4463,08/06/2026 20:27:16,27.50,62.60
4464,08/06/2026 20:42:16,27.58,0.43
4465,08/06/2026 20:57:16,27.28,0.00
4466,08/06/2026 21:12:16,27.07,0.00
4467,08/06/2026 21:27:16,26.90,0.00
4468,08/06/2026 21:42:16,26.72,0.00
4469,08/06/2026 21:57:16,26.55,0.00
4470,08/06/2026 22:12:16,26.42,0.00
4471,08/06/2026 22:27:16,26.25,0.00
4472,08/06/2026 22:42:16,26.12,0.00
4473,08/06/2026 22:57:16,26.04,0.00
4474,08/06/2026 23:12:16,25.91,0.00
4475,08/06/2026 23:27:16,25.78,0.00
4476,08/06/2026 23:42:16,25.65,0.00
4477,08/06/2026 23:57:16,25.57,0.00
4478,08/07/2026 00:12:16,25.44,0.00
4479,08/07/2026 00:27:16,25.35,0.00
4480,08/07/2026 00:42:16,25.22,0.00
4481,08/07/2026 00:57:16,25.14,0.00
4482,08/07/2026 01:12:16,25.01,0.00
4483,08/07/2026 01:27:16,24.92,0.00
4484,08/07/2026 01:42:16,24.84,0.00
4485,08/07/2026 01:57:16,24.75,0.00
4486,08/07/2026 02:12:16,24.71,0.00
4487,08/07/2026 02:27:16,24.62,0.00
4488,08/07/2026 02:42:16,24.49,0.00
4489,08/07/2026 02:57:16,24.41,0.00
4490,08/07/2026 03:12:16,24.36,0.00
4491,08/07/2026 03:27:16,24.28,0.00
4492,08/07/2026 03:42:16,24.19,0.00
4493,08/07/2026 03:57:16,24.11,0.00
4494,08/07/2026 04:12:16,24.02,0.00
4495,08/07/2026 04:27:16,23.94,0.00
4496,08/07/2026 04:42:16,23.89,0.00
4497,08/07/2026 04:57:16,23.76,0.00
4498,08/07/2026 05:12:16,23.72,0.00
4499,08/07/2026 05:27:16,23.64,0.00
4500,08/07/2026 05:42:16,23.55,0.21
4501,08/07/2026 05:57:16,23.46,0.87
4502,08/07/2026 06:12:16,23.42,2.61
4503,08/07/2026 06:27:16,23.38,3.70
4504,08/07/2026 06:42:16,23.34,3.48
4505,08/07/2026 06:57:16,23.25,5.47
4506,08/07/2026 07:12:16,23.21,22.81
4507,08/07/2026 07:27:16,23.21,38.22
4508,08/07/2026 07:42:16,23.21,42.14
4509,08/07/2026 07:57:16,23.25,26.73
4510,08/07/2026 08:12:16,23.21,20.19
4511,08/07/2026 08:27:16,23.21,31.57
4512,08/07/2026 08:42:16,23.21,20.14
4513,08/07/2026 08:57:16,23.16,40.34
4514,08/07/2026 09:12:16,23.16,54.76
4515,08/07/2026 09:27:16,23.64,90.56
4516,08/07/2026 09:42:16,24.06,86.24
4517,08/07/2026 09:57:16,24.32,90.68
4518,08/07/2026 10:12:16,24.54,80.14
4519,08/07/2026 10:27:16,24.62,84.48
4520,08/07/2026 10:42:16,24.79,79.26
4521,08/07/2026 10:57:16,24.92,79.26
4522,08/07/2026 11:12:16,25.01,74.90
4523,08/07/2026 11:27:16,25.01,88.20
