#,Date-Time (EDT),"Temperature , øC","Light , lux"
1,06/21/2026 08:47:59,20.80,142.60
2,06/21/2026 09:02:59,20.76,190.88
3,06/21/2026 09:17:59,19.95,376.96
4,06/21/2026 09:32:59,16.77,1465.60
5,06/21/2026 09:47:59,12.82,0.00
6,06/21/2026 10:02:59,12.52,0.00
7,06/21/2026 10:17:59,15.61,44462.08
8,06/21/2026 10:32:59,17.80,40744.96
9,06/21/2026 10:47:59,22.18,67461.12
10,06/21/2026 11:02:59,21.23,46448.64
11,06/21/2026 11:17:59,21.45,85442.56
12,06/21/2026 11:32:59,22.09,46039.04
13,06/21/2026 11:47:59,25.61,42741.76
14,06/21/2026 12:02:59,23.81,31672.32
15,06/21/2026 12:17:59,20.29,35717.12
16,06/21/2026 12:32:59,15.01,7441.92
17,06/21/2026 12:47:59,11.67,11822.08
18,06/21/2026 13:02:59,10.21,28119.04
19,06/21/2026 13:17:59,9.31,25118.72
20,06/21/2026 13:32:59,8.41,25344.00
21,06/21/2026 13:47:59,8.28,30136.32
22,06/21/2026 14:02:59,8.11,31170.56
23,06/21/2026 14:17:59,7.68,24330.24
24,06/21/2026 14:32:59,7.50,21657.60
25,06/21/2026 14:47:59,7.46,16737.28
26,06/21/2026 15:02:59,7.25,21135.36
27,06/21/2026 15:17:59,6.95,22394.88
28,06/21/2026 15:32:59,7.12,18350.08
29,06/21/2026 15:47:59,6.78,17177.60
30,06/21/2026 16:02:59,6.60,19727.36
31,06/21/2026 16:17:59,6.39,15380.48
32,06/21/2026 16:32:59,6.13,16768.00
33,06/21/2026 16:47:59,5.83,16102.40
34,06/21/2026 17:02:59,6.09,13056.00
35,06/21/2026 17:17:59,5.87,9303.04
36,06/21/2026 17:32:59,5.87,12349.44
37,06/21/2026 17:47:59,5.75,10211.84
38,06/21/2026 18:02:59,5.40,5524.48
39,06/21/2026 18:17:59,5.83,13399.04
40,06/21/2026 18:32:59,5.83,5821.44
41,06/21/2026 18:47:59,7.12,4302.08
42,06/21/2026 19:02:59,7.85,4409.60
43,06/21/2026 19:17:59,8.28,6044.16
44,06/21/2026 19:32:59,10.98,3500.80
45,06/21/2026 19:47:59,13.12,1934.08
46,06/21/2026 20:02:59,13.51,1125.12
47,06/21/2026 20:17:59,13.64,772.16
48,06/21/2026 20:32:59,13.77,516.64
49,06/21/2026 20:47:59,13.85,394.40
50,06/21/2026 21:02:59,13.90,293.52
51,06/21/2026 21:17:59,13.85,210.96
52,06/21/2026 21:32:59,13.77,124.04
53,06/21/2026 21:47:59,13.77,51.86
54,06/21/2026 22:02:59,13.68,18.04
55,06/21/2026 22:17:59,13.81,3.49
56,06/21/2026 22:32:59,12.10,0.00
57,06/21/2026 22:47:59,13.17,0.00
58,06/21/2026 23:02:59,12.74,0.00
59,06/21/2026 23:17:59,13.47,0.00
60,06/21/2026 23:32:59,13.34,0.00
61,06/21/2026 23:47:59,13.17,0.00
62,06/22/2026 00:02:59,12.87,0.00
63,06/22/2026 00:17:59,12.82,0.00
64,06/22/2026 00:32:59,12.95,0.00
65,06/22/2026 00:47:59,12.87,0.00
66,06/22/2026 01:02:59,13.17,0.00
67,06/22/2026 01:17:59,12.44,0.00
68,06/22/2026 01:32:59,12.14,0.00
69,06/22/2026 01:47:59,12.10,0.00
70,06/22/2026 02:02:59,12.05,0.00
71,06/22/2026 02:17:59,11.92,0.00
72,06/22/2026 02:32:59,11.97,0.00
73,06/22/2026 02:47:59,11.45,0.00
74,06/22/2026 03:02:59,10.81,0.00
75,06/22/2026 03:17:59,10.08,0.00
76,06/22/2026 03:32:59,10.16,0.00
77,06/22/2026 03:47:59,9.69,0.00
78,06/22/2026 04:02:59,8.83,0.00
79,06/22/2026 04:17:59,8.83,1.96
80,06/22/2026 04:32:59,9.44,10.32
81,06/22/2026 04:47:59,8.49,44.50
82,06/22/2026 05:02:59,9.01,139.88
83,06/22/2026 05:17:59,9.05,265.60
84,06/22/2026 05:32:59,9.05,448.64
85,06/22/2026 05:47:59,8.92,664.64
86,06/22/2026 06:02:59,8.96,844.16
87,06/22/2026 06:17:59,9.09,739.84
88,06/22/2026 06:32:59,10.51,1816.96
89,06/22/2026 06:47:59,10.68,1220.48
90,06/22/2026 07:02:59,10.81,3188.48
91,06/22/2026 07:17:59,10.98,3525.12
92,06/22/2026 07:32:59,11.02,3976.96
93,06/22/2026 07:47:59,10.81,4577.28
94,06/22/2026 08:02:59,10.94,6625.28
95,06/22/2026 08:17:59,11.19,9384.96
96,06/22/2026 08:32:59,11.19,12252.16
97,06/22/2026 08:47:59,11.32,11909.12
98,06/22/2026 09:02:59,11.54,12625.92
99,06/22/2026 09:17:59,12.05,9707.52
100,06/22/2026 09:32:59,12.22,21555.20
101,06/22/2026 09:47:59,12.18,20044.80
102,06/22/2026 10:02:59,11.97,17735.68
103,06/22/2026 10:17:59,11.49,19988.48
104,06/22/2026 10:32:59,10.94,22599.68
105,06/22/2026 10:47:59,10.98,28180.48
106,06/22/2026 11:02:59,10.59,30259.20
107,06/22/2026 11:17:59,10.29,25528.32
108,06/22/2026 11:32:59,9.95,36259.84
109,06/22/2026 11:47:59,9.95,38492.16
110,06/22/2026 12:02:59,9.99,38512.64
111,06/22/2026 12:17:59,9.31,35717.12
112,06/22/2026 12:32:59,8.96,42270.72
113,06/22/2026 12:47:59,8.88,41134.08
114,06/22/2026 13:02:59,8.92,35450.88
115,06/22/2026 13:17:59,8.23,21094.40
116,06/22/2026 13:32:59,7.85,19665.92
117,06/22/2026 13:47:59,7.81,14213.12
118,06/22/2026 14:02:59,7.29,18631.68
119,06/22/2026 14:17:59,7.33,34365.44
120,06/22/2026 14:32:59,7.38,14254.08
121,06/22/2026 14:47:59,6.99,16445.44
122,06/22/2026 15:02:59,6.39,17198.08
123,06/22/2026 15:17:59,6.48,14100.48
124,06/22/2026 15:32:59,6.13,10670.08
125,06/22/2026 15:47:59,6.00,9336.32
126,06/22/2026 16:02:59,5.96,16296.96
127,06/22/2026 16:17:59,6.05,22978.56
128,06/22/2026 16:32:59,5.92,12180.48
129,06/22/2026 16:47:59,5.83,7869.44
130,06/22/2026 17:02:59,5.70,10521.60
131,06/22/2026 17:17:59,5.87,13962.24
132,06/22/2026 17:32:59,5.62,6302.72
133,06/22/2026 17:47:59,5.79,6359.04
134,06/22/2026 18:02:59,5.96,5265.92
135,06/22/2026 18:17:59,6.22,7057.92
136,06/22/2026 18:32:59,6.26,8798.72
137,06/22/2026 18:47:59,6.05,8432.64
138,06/22/2026 19:02:59,5.79,3118.08
139,06/22/2026 19:17:59,6.00,2168.32
140,06/22/2026 19:32:59,5.92,1689.60
141,06/22/2026 19:47:59,6.13,1604.48
142,06/22/2026 20:02:59,8.62,1775.36
143,06/22/2026 20:17:59,8.66,1472.00
144,06/22/2026 20:32:59,8.45,694.72
145,06/22/2026 20:47:59,8.53,468.16
146,06/22/2026 21:02:59,9.95,278.64
147,06/22/2026 21:17:59,12.27,153.00
148,06/22/2026 21:32:59,12.10,51.00
149,06/22/2026 21:47:59,11.37,29.48
150,06/22/2026 22:02:59,11.67,8.13
151,06/22/2026 22:17:59,12.74,0.65
152,06/22/2026 22:32:59,13.08,0.00
153,06/22/2026 22:47:59,13.25,0.00
154,06/22/2026 23:02:59,13.43,0.00
155,06/22/2026 23:17:59,13.55,0.00
156,06/22/2026 23:32:59,13.64,0.00
157,06/22/2026 23:47:59,13.73,0.00
158,06/23/2026 00:02:59,13.90,0.00
159,06/23/2026 00:17:59,13.90,0.00
160,06/23/2026 00:32:59,13.94,0.00
161,06/23/2026 00:47:59,13.81,0.00
162,06/23/2026 01:02:59,13.90,0.00
163,06/23/2026 01:17:59,13.90,0.00
164,06/23/2026 01:32:59,13.90,0.00
165,06/23/2026 01:47:59,13.77,0.00
166,06/23/2026 02:02:59,13.73,0.00
167,06/23/2026 02:17:59,13.64,0.00
168,06/23/2026 02:32:59,13.55,0.00
169,06/23/2026 02:47:59,13.34,0.00
170,06/23/2026 03:02:59,13.55,0.00
171,06/23/2026 03:17:59,13.43,0.00
172,06/23/2026 03:32:59,13.21,0.00
173,06/23/2026 03:47:59,12.70,0.00
174,06/23/2026 04:02:59,10.72,0.00
175,06/23/2026 04:17:59,9.61,1.96
176,06/23/2026 04:32:59,8.88,9.88
177,06/23/2026 04:47:59,8.71,35.16
178,06/23/2026 05:02:59,8.88,90.52
179,06/23/2026 05:17:59,9.09,174.08
180,06/23/2026 05:32:59,8.71,289.12
181,06/23/2026 05:47:59,8.66,380.80
182,06/23/2026 06:02:59,9.44,559.52
183,06/23/2026 06:17:59,11.79,520.16
184,06/23/2026 06:32:59,12.27,1113.92
185,06/23/2026 06:47:59,11.58,1359.36
186,06/23/2026 07:02:59,11.28,1822.08
187,06/23/2026 07:17:59,11.49,2559.36
188,06/23/2026 07:32:59,11.67,2486.40
189,06/23/2026 07:47:59,11.71,3413.76
190,06/23/2026 08:02:59,11.79,4490.24
191,06/23/2026 08:17:59,11.75,5921.28
192,06/23/2026 08:32:59,11.62,6855.68
193,06/23/2026 08:47:59,11.45,8552.96
194,06/23/2026 09:02:59,11.67,11243.52
195,06/23/2026 09:17:59,12.14,10588.16
196,06/23/2026 09:32:59,12.31,14054.40
197,06/23/2026 09:47:59,12.40,16737.28
198,06/23/2026 10:02:59,12.61,16163.84
199,06/23/2026 10:17:59,12.74,17623.04
200,06/23/2026 10:32:59,12.52,16885.76
201,06/23/2026 10:47:59,12.74,19911.68
202,06/23/2026 11:02:59,12.70,28774.40
203,06/23/2026 11:17:59,12.87,27289.60
204,06/23/2026 11:32:59,12.82,32583.68
205,06/23/2026 11:47:59,12.78,27760.64
206,06/23/2026 12:02:59,13.00,31662.08
207,06/23/2026 12:17:59,13.08,30935.04
208,06/23/2026 12:32:59,13.17,31600.64
209,06/23/2026 12:47:59,13.17,32348.16
210,06/23/2026 13:02:59,12.82,23767.04
211,06/23/2026 13:17:59,13.00,27719.68
212,06/23/2026 13:32:59,13.34,25999.36
213,06/23/2026 13:47:59,13.43,32481.28
214,06/23/2026 14:02:59,13.17,26736.64
215,06/23/2026 14:17:59,12.57,33249.28
216,06/23/2026 14:32:59,12.01,23070.72
217,06/23/2026 14:47:59,11.71,26767.36
218,06/23/2026 15:02:59,10.98,18560.00
219,06/23/2026 15:17:59,10.64,18626.56
220,06/23/2026 15:32:59,10.21,20961.28
221,06/23/2026 15:47:59,8.45,14115.84
222,06/23/2026 16:02:59,9.31,16855.04
223,06/23/2026 16:17:59,8.23,13255.68
224,06/23/2026 16:32:59,8.58,15523.84
225,06/23/2026 16:47:59,8.02,11182.08
226,06/23/2026 17:02:59,7.50,13844.48
227,06/23/2026 17:17:59,6.78,10496.00
228,06/23/2026 17:32:59,6.86,9658.88
229,06/23/2026 17:47:59,6.86,7411.20
230,06/23/2026 18:02:59,5.70,7411.20
231,06/23/2026 18:17:59,7.68,8097.28
232,06/23/2026 18:32:59,5.79,8197.12
233,06/23/2026 18:47:59,5.32,5790.72
234,06/23/2026 19:02:59,5.23,4619.52
235,06/23/2026 19:17:59,6.39,4500.48
236,06/23/2026 19:32:59,7.33,3226.88
237,06/23/2026 19:47:59,7.42,2630.40
238,06/23/2026 20:02:59,7.72,1317.12
239,06/23/2026 20:17:59,7.63,1126.08
240,06/23/2026 20:32:59,7.81,950.40
241,06/23/2026 20:47:59,7.89,827.52
242,06/23/2026 21:02:59,6.78,652.16
243,06/23/2026 21:17:59,7.20,427.68
244,06/23/2026 21:32:59,8.83,158.12
245,06/23/2026 21:47:59,12.78,56.28
246,06/23/2026 22:02:59,13.34,16.49
247,06/23/2026 22:17:59,13.21,3.27
248,06/23/2026 22:32:59,13.25,0.00
249,06/23/2026 22:47:59,13.21,0.00
250,06/23/2026 23:02:59,13.51,0.00
251,06/23/2026 23:17:59,13.68,0.00
252,06/23/2026 23:32:59,13.68,0.00
253,06/23/2026 23:47:59,13.98,0.00
254,06/24/2026 00:02:59,14.03,0.00
255,06/24/2026 00:17:59,14.03,0.00
256,06/24/2026 00:32:59,13.94,0.00
257,06/24/2026 00:47:59,13.94,0.00
258,06/24/2026 01:02:59,13.94,0.00
259,06/24/2026 01:17:59,13.81,0.00
260,06/24/2026 01:32:59,13.85,0.00
261,06/24/2026 01:47:59,13.90,0.00
262,06/24/2026 02:02:59,14.07,0.00
263,06/24/2026 02:17:59,14.07,0.00
264,06/24/2026 02:32:59,13.98,0.00
265,06/24/2026 02:47:59,13.90,0.00
266,06/24/2026 03:02:59,13.98,0.00
267,06/24/2026 03:17:59,13.98,0.00
268,06/24/2026 03:32:59,13.98,0.00
269,06/24/2026 03:47:59,13.90,0.00
270,06/24/2026 04:02:59,13.77,0.21
271,06/24/2026 04:17:59,13.77,3.30
272,06/24/2026 04:32:59,13.85,18.23
273,06/24/2026 04:47:59,13.47,59.34
274,06/24/2026 05:02:59,13.30,140.64
275,06/24/2026 05:17:59,13.34,253.12
276,06/24/2026 05:32:59,12.70,416.64
277,06/24/2026 05:47:59,13.60,600.64
278,06/24/2026 06:02:59,13.55,842.56
279,06/24/2026 06:17:59,13.51,1037.76
280,06/24/2026 06:32:59,13.68,1422.08
281,06/24/2026 06:47:59,13.64,1665.28
282,06/24/2026 07:02:59,13.64,2304.64
283,06/24/2026 07:17:59,13.64,3370.24
284,06/24/2026 07:32:59,13.60,3601.92
285,06/24/2026 07:47:59,13.64,3290.88
286,06/24/2026 08:02:59,13.64,5157.12
287,06/24/2026 08:17:59,13.60,5736.96
288,06/24/2026 08:32:59,13.73,6376.96
289,06/24/2026 08:47:59,13.55,9518.08
290,06/24/2026 09:02:59,13.85,10629.12
291,06/24/2026 09:17:59,14.28,12006.40
292,06/24/2026 09:32:59,14.50,9226.24
293,06/24/2026 09:47:59,14.75,12733.44
294,06/24/2026 10:02:59,14.97,12835.84
295,06/24/2026 10:17:59,14.84,13460.48
296,06/24/2026 10:32:59,14.97,14551.04
297,06/24/2026 10:47:59,14.28,22661.12
298,06/24/2026 11:02:59,13.81,23705.60
299,06/24/2026 11:17:59,13.47,21227.52
300,06/24/2026 11:32:59,12.18,25661.44
301,06/24/2026 11:47:59,11.37,36997.12
302,06/24/2026 12:02:59,11.15,31447.04
303,06/24/2026 12:17:59,10.81,34590.72
304,06/24/2026 12:32:59,10.25,39546.88
305,06/24/2026 12:47:59,10.25,37765.12
306,06/24/2026 13:02:59,10.16,50995.20
307,06/24/2026 13:17:59,9.14,43704.32
308,06/24/2026 13:32:59,8.75,43827.20
309,06/24/2026 13:47:59,11.62,37826.56
310,06/24/2026 14:02:59,15.10,37570.56
311,06/24/2026 14:17:59,15.10,36454.40
312,06/24/2026 14:32:59,15.14,31252.48
313,06/24/2026 14:47:59,14.93,29992.96
314,06/24/2026 15:02:59,13.51,35276.80
315,06/24/2026 15:17:59,6.95,32286.72
316,06/24/2026 15:32:59,6.56,32890.88
317,06/24/2026 15:47:59,6.73,21135.36
318,06/24/2026 16:02:59,6.52,25610.24
319,06/24/2026 16:17:59,6.39,19875.84
320,06/24/2026 16:32:59,7.29,13045.76
321,06/24/2026 16:47:59,7.81,16547.84
322,06/24/2026 17:02:59,8.19,19363.84
323,06/24/2026 17:17:59,8.19,17249.28
324,06/24/2026 17:32:59,8.66,12979.20
325,06/24/2026 17:47:59,8.49,11816.96
326,06/24/2026 18:02:59,8.02,15528.96
327,06/24/2026 18:17:59,8.11,10593.28
328,06/24/2026 18:32:59,8.32,9190.40
329,06/24/2026 18:47:59,8.45,6502.40
330,06/24/2026 19:02:59,8.66,4609.28
331,06/24/2026 19:17:59,9.05,4070.40
332,06/24/2026 19:32:59,9.09,3429.12
333,06/24/2026 19:47:59,10.12,2666.24
334,06/24/2026 20:02:59,11.84,1167.04
335,06/24/2026 20:17:59,12.10,912.96
336,06/24/2026 20:32:59,12.44,766.40
337,06/24/2026 20:47:59,12.91,616.32
338,06/24/2026 21:02:59,13.00,468.16
339,06/24/2026 21:17:59,13.17,314.48
340,06/24/2026 21:32:59,13.38,173.04
341,06/24/2026 21:47:59,13.34,73.38
342,06/24/2026 22:02:59,13.43,22.19
343,06/24/2026 22:17:59,13.55,4.17
344,06/24/2026 22:32:59,13.64,0.21
345,06/24/2026 22:47:59,13.55,0.00
346,06/24/2026 23:02:59,13.30,0.00
347,06/24/2026 23:17:59,13.68,0.00
348,06/24/2026 23:32:59,13.60,0.00
349,06/24/2026 23:47:59,14.24,0.00
350,06/25/2026 00:02:59,14.33,0.00
351,06/25/2026 00:17:59,14.67,0.00
352,06/25/2026 00:32:59,15.01,0.00
353,06/25/2026 00:47:59,15.06,0.00
354,06/25/2026 01:02:59,15.48,0.00
355,06/25/2026 01:17:59,15.61,0.00
356,06/25/2026 01:32:59,15.36,0.00
357,06/25/2026 01:47:59,15.53,0.00
358,06/25/2026 02:02:59,15.70,0.00
359,06/25/2026 02:17:59,15.87,0.00
360,06/25/2026 02:32:59,16.04,0.00
361,06/25/2026 02:47:59,16.04,0.00
362,06/25/2026 03:02:59,16.08,0.00
363,06/25/2026 03:17:59,15.96,0.00
364,06/25/2026 03:32:59,16.08,0.00
365,06/25/2026 03:47:59,16.17,0.00
366,06/25/2026 04:02:59,16.08,0.43
367,06/25/2026 04:17:59,16.04,5.26
368,06/25/2026 04:32:59,15.91,28.12
369,06/25/2026 04:47:59,15.96,96.76
370,06/25/2026 05:02:59,16.04,223.44
371,06/25/2026 05:17:59,15.91,410.56
372,06/25/2026 05:32:59,15.96,644.32
373,06/25/2026 05:47:59,15.78,854.72
374,06/25/2026 06:02:59,15.78,1147.84
375,06/25/2026 06:17:59,15.83,1617.92
376,06/25/2026 06:32:59,15.83,2039.04
377,06/25/2026 06:47:59,15.83,3319.04
378,06/25/2026 07:02:59,15.91,2398.72
379,06/25/2026 07:17:59,15.96,4151.04
380,06/25/2026 07:32:59,16.00,4025.60
381,06/25/2026 07:47:59,15.87,4136.96
382,06/25/2026 08:02:59,15.96,4413.44
383,06/25/2026 08:17:59,16.04,5063.68
384,06/25/2026 08:32:59,16.00,6346.24
385,06/25/2026 08:47:59,15.91,8988.16
386,06/25/2026 09:02:59,16.17,8051.20
387,06/25/2026 09:17:59,16.39,8834.56
388,06/25/2026 09:32:59,16.64,11914.24
389,06/25/2026 09:47:59,16.86,12467.20
390,06/25/2026 10:02:59,17.11,13946.88
391,06/25/2026 10:17:59,17.37,15861.76
392,06/25/2026 10:32:59,17.33,14054.40
393,06/25/2026 10:47:59,17.89,21278.72
394,06/25/2026 11:02:59,18.10,22497.28
395,06/25/2026 11:17:59,17.89,22210.56
396,06/25/2026 11:32:59,17.07,21483.52
397,06/25/2026 11:47:59,16.77,26142.72
398,06/25/2026 12:02:59,16.69,23910.40
399,06/25/2026 12:17:59,16.94,26378.24
400,06/25/2026 12:32:59,16.73,27320.32
401,06/25/2026 12:47:59,15.40,27893.76
402,06/25/2026 13:02:59,14.97,27330.56
403,06/25/2026 13:17:59,14.24,29675.52
404,06/25/2026 13:32:59,14.11,30597.12
405,06/25/2026 13:47:59,14.97,31969.28
406,06/25/2026 14:02:59,15.48,29921.28
407,06/25/2026 14:17:59,15.74,26398.72
408,06/25/2026 14:32:59,12.57,26531.84
409,06/25/2026 14:47:59,10.85,33177.60
410,06/25/2026 15:02:59,11.71,27054.08
411,06/25/2026 15:17:59,12.52,11975.68
412,06/25/2026 15:32:59,12.61,12846.08
413,06/25/2026 15:47:59,13.81,13696.00
414,06/25/2026 16:02:59,14.71,24596.48
415,06/25/2026 16:17:59,14.71,14643.20
416,06/25/2026 16:32:59,10.34,13849.60
417,06/25/2026 16:47:59,9.18,11944.96
418,06/25/2026 17:02:59,10.29,15907.84
419,06/25/2026 17:17:59,11.19,10910.72
420,06/25/2026 17:32:59,9.91,9889.28
421,06/25/2026 17:47:59,9.74,9825.28
422,06/25/2026 18:02:59,9.52,8576.00
423,06/25/2026 18:17:59,9.22,8294.40
424,06/25/2026 18:32:59,8.96,5468.16
425,06/25/2026 18:47:59,10.25,3836.16
426,06/25/2026 19:02:59,9.99,4483.84
427,06/25/2026 19:17:59,12.35,3777.28
428,06/25/2026 19:32:59,10.89,2656.00
429,06/25/2026 19:47:59,9.82,2456.32
430,06/25/2026 20:02:59,9.39,1665.92
431,06/25/2026 20:17:59,8.88,1446.40
432,06/25/2026 20:32:59,9.86,1087.68
433,06/25/2026 20:47:59,12.10,777.60
434,06/25/2026 21:02:59,12.52,421.12
435,06/25/2026 21:17:59,14.15,222.32
436,06/25/2026 21:32:59,15.61,100.24
437,06/25/2026 21:47:59,15.66,36.42
438,06/25/2026 22:02:59,16.34,10.32
439,06/25/2026 22:17:59,16.60,1.96
440,06/25/2026 22:32:59,16.94,0.21
441,06/25/2026 22:47:59,17.33,0.00
442,06/25/2026 23:02:59,17.29,0.00
443,06/25/2026 23:17:59,17.16,0.00
444,06/25/2026 23:32:59,17.24,0.00
445,06/25/2026 23:47:59,17.41,0.00
446,06/26/2026 00:02:59,17.37,0.00
447,06/26/2026 00:17:59,17.54,0.00
448,06/26/2026 00:32:59,17.67,0.00
449,06/26/2026 00:47:59,17.67,0.00
450,06/26/2026 01:02:59,17.67,0.00
451,06/26/2026 01:17:59,17.59,0.00
452,06/26/2026 01:32:59,17.59,0.00
453,06/26/2026 01:47:59,17.37,0.00
454,06/26/2026 02:02:59,17.37,0.00
455,06/26/2026 02:17:59,17.37,0.00
456,06/26/2026 02:32:59,17.20,0.00
457,06/26/2026 02:47:59,17.03,0.00
458,06/26/2026 03:02:59,17.03,0.00
459,06/26/2026 03:17:59,17.33,0.00
460,06/26/2026 03:32:59,17.50,0.00
461,06/26/2026 03:47:59,17.50,0.00
462,06/26/2026 04:02:59,17.29,0.65
463,06/26/2026 04:17:59,17.29,5.05
464,06/26/2026 04:32:59,17.11,25.06
465,06/26/2026 04:47:59,17.29,91.40
466,06/26/2026 05:02:59,17.16,230.40
467,06/26/2026 05:17:59,17.16,443.84
468,06/26/2026 05:32:59,17.16,740.80
469,06/26/2026 05:47:59,17.20,1104.96
470,06/26/2026 06:02:59,17.20,1549.44
471,06/26/2026 06:17:59,17.20,1886.72
472,06/26/2026 06:32:59,16.99,2161.28
473,06/26/2026 06:47:59,17.20,2508.80
474,06/26/2026 07:02:59,17.29,2853.12
475,06/26/2026 07:17:59,17.29,3107.84
476,06/26/2026 07:32:59,16.86,3686.40
477,06/26/2026 07:47:59,15.66,4318.72
478,06/26/2026 08:02:59,12.61,5150.72
479,06/26/2026 08:17:59,13.00,5409.28
480,06/26/2026 08:32:59,12.65,7687.68
481,06/26/2026 08:47:59,11.02,7631.36
482,06/26/2026 09:02:59,11.32,8302.08
483,06/26/2026 09:17:59,10.55,9748.48
484,06/26/2026 09:32:59,10.42,10078.72
485,06/26/2026 09:47:59,8.83,11550.72
486,06/26/2026 10:02:59,8.41,13424.64
487,06/26/2026 10:17:59,8.58,15180.80
488,06/26/2026 10:32:59,10.68,15416.32
489,06/26/2026 10:47:59,12.78,13783.04
490,06/26/2026 11:02:59,10.29,17182.72
491,06/26/2026 11:17:59,9.82,17024.00
492,06/26/2026 11:32:59,9.39,24555.52
493,06/26/2026 11:47:59,8.66,24483.84
494,06/26/2026 12:02:59,8.53,22753.28
495,06/26/2026 12:17:59,8.36,27494.40
496,06/26/2026 12:32:59,8.45,23511.04
497,06/26/2026 12:47:59,8.53,31477.76
498,06/26/2026 13:02:59,9.65,32829.44
499,06/26/2026 13:17:59,10.89,28067.84
500,06/26/2026 13:32:59,11.32,25968.64
501,06/26/2026 13:47:59,10.55,33556.48
502,06/26/2026 14:02:59,9.99,36024.32
503,06/26/2026 14:17:59,11.45,23664.64
504,06/26/2026 14:32:59,11.54,25999.36
505,06/26/2026 14:47:59,10.42,9226.24
506,06/26/2026 15:02:59,11.15,8140.80
507,06/26/2026 15:17:59,12.65,6461.44
508,06/26/2026 15:32:59,16.39,3293.44
509,06/26/2026 15:47:59,18.23,1794.56
510,06/26/2026 16:02:59,18.40,1312.00
511,06/26/2026 16:17:59,19.35,1972.48
512,06/26/2026 16:32:59,19.52,1479.04
513,06/26/2026 16:47:59,19.56,3110.40
514,06/26/2026 17:02:59,19.56,2833.92
515,06/26/2026 17:17:59,19.60,2791.68
516,06/26/2026 17:32:59,17.41,3193.60
517,06/26/2026 17:47:59,15.57,2968.32
518,06/26/2026 18:02:59,12.82,4294.40
519,06/26/2026 18:17:59,11.45,6704.64
520,06/26/2026 18:32:59,16.47,4962.56
521,06/26/2026 18:47:59,15.83,3787.52
522,06/26/2026 19:02:59,12.91,1840.00
523,06/26/2026 19:17:59,12.87,2432.00
524,06/26/2026 19:32:59,10.98,1562.88
525,06/26/2026 19:47:59,10.34,1267.52
526,06/26/2026 20:02:59,9.56,567.84
527,06/26/2026 20:17:59,10.21,151.24
528,06/26/2026 20:32:59,10.34,110.84
529,06/26/2026 20:47:59,8.92,174.96
530,06/26/2026 21:02:59,6.99,186.48
531,06/26/2026 21:17:59,7.46,116.96
532,06/26/2026 21:32:59,7.81,45.70
533,06/26/2026 21:47:59,8.28,21.29
534,06/26/2026 22:02:59,7.55,5.89
535,06/26/2026 22:17:59,7.16,0.87
536,06/26/2026 22:32:59,6.43,0.00
537,06/26/2026 22:47:59,8.11,0.00
538,06/26/2026 23:02:59,11.67,0.00
539,06/26/2026 23:17:59,9.39,0.00
540,06/26/2026 23:32:59,9.91,0.00
541,06/26/2026 23:47:59,11.49,0.00
542,06/27/2026 00:02:59,14.45,0.00
543,06/27/2026 00:17:59,14.93,0.00
544,06/27/2026 00:32:59,15.36,0.00
545,06/27/2026 00:47:59,15.78,0.00
546,06/27/2026 01:02:59,15.78,0.00
547,06/27/2026 01:17:59,15.53,0.00
548,06/27/2026 01:32:59,15.18,0.00
549,06/27/2026 01:47:59,15.78,0.00
550,06/27/2026 02:02:59,16.13,0.00
551,06/27/2026 02:17:59,16.56,0.00
552,06/27/2026 02:32:59,16.86,0.00
553,06/27/2026 02:47:59,16.90,0.00
554,06/27/2026 03:02:59,16.64,0.00
555,06/27/2026 03:17:59,16.69,0.00
556,06/27/2026 03:32:59,16.90,0.00
557,06/27/2026 03:47:59,17.11,0.00
558,06/27/2026 04:02:59,17.11,0.65
559,06/27/2026 04:17:59,17.16,4.61
560,06/27/2026 04:32:59,16.94,25.06
561,06/27/2026 04:47:59,17.03,100.24
562,06/27/2026 05:02:59,17.11,232.80
563,06/27/2026 05:17:59,17.29,366.40
564,06/27/2026 05:32:59,17.11,523.68
565,06/27/2026 05:47:59,17.07,673.92
566,06/27/2026 06:02:59,17.29,1000.32
567,06/27/2026 06:17:59,16.99,1505.28
568,06/27/2026 06:32:59,16.94,1953.28
569,06/27/2026 06:47:59,17.11,2819.84
570,06/27/2026 07:02:59,17.16,3413.76
571,06/27/2026 07:17:59,17.03,3795.20
572,06/27/2026 07:32:59,16.99,4472.32
573,06/27/2026 07:47:59,16.86,4972.80
574,06/27/2026 08:02:59,16.94,5565.44
575,06/27/2026 08:17:59,16.90,6330.88
576,06/27/2026 08:32:59,16.94,5642.24
577,06/27/2026 08:47:59,16.99,4742.40
578,06/27/2026 09:02:59,16.99,4857.60
579,06/27/2026 09:17:59,16.90,4625.92
580,06/27/2026 09:32:59,16.90,5258.24
581,06/27/2026 09:47:59,16.81,5726.72
582,06/27/2026 10:02:59,14.93,6338.56
583,06/27/2026 10:17:59,13.34,7513.60
584,06/27/2026 10:32:59,14.28,8015.36
585,06/27/2026 10:47:59,14.28,8855.04
586,06/27/2026 11:02:59,13.43,11074.56
587,06/27/2026 11:17:59,13.38,10777.60
588,06/27/2026 11:32:59,14.28,9602.56
589,06/27/2026 11:47:59,13.25,9469.44
590,06/27/2026 12:02:59,13.30,17192.96
591,06/27/2026 12:17:59,13.12,13332.48
592,06/27/2026 12:32:59,14.15,17771.52
593,06/27/2026 12:47:59,13.94,26900.48
594,06/27/2026 13:02:59,13.68,24975.36
595,06/27/2026 13:17:59,13.12,28641.28
596,06/27/2026 13:32:59,12.74,29296.64
597,06/27/2026 13:47:59,11.24,25118.72
598,06/27/2026 14:02:59,12.01,24750.08
599,06/27/2026 14:17:59,13.90,34385.92
600,06/27/2026 14:32:59,12.91,26398.72
601,06/27/2026 14:47:59,12.57,26603.52
602,06/27/2026 15:02:59,11.24,29327.36
603,06/27/2026 15:17:59,10.68,27801.60
604,06/27/2026 15:32:59,11.67,29573.12
605,06/27/2026 15:47:59,11.58,26859.52
606,06/27/2026 16:02:59,11.79,27187.20
607,06/27/2026 16:17:59,9.91,27002.88
608,06/27/2026 16:32:59,8.96,26798.08
609,06/27/2026 16:47:59,9.22,28252.16
610,06/27/2026 17:02:59,12.18,22118.40
611,06/27/2026 17:17:59,13.17,20321.28
612,06/27/2026 17:32:59,14.67,17172.48
613,06/27/2026 17:47:59,14.84,11468.80
614,06/27/2026 18:02:59,15.27,14233.60
615,06/27/2026 18:17:59,15.61,10406.40
616,06/27/2026 18:32:59,16.13,7260.16
617,06/27/2026 18:47:59,16.43,8015.36
618,06/27/2026 19:02:59,16.47,5116.16
619,06/27/2026 19:17:59,16.47,4015.36
620,06/27/2026 19:32:59,16.69,3511.04
621,06/27/2026 19:47:59,16.21,2737.92
622,06/27/2026 20:02:59,11.37,1541.76
623,06/27/2026 20:17:59,12.05,1190.72
624,06/27/2026 20:32:59,12.31,902.40
625,06/27/2026 20:47:59,16.17,673.60
626,06/27/2026 21:02:59,11.19,444.64
627,06/27/2026 21:17:59,11.62,267.12
628,06/27/2026 21:32:59,8.23,154.64
629,06/27/2026 21:47:59,7.33,66.34
630,06/27/2026 22:02:59,7.20,16.68
631,06/27/2026 22:17:59,7.25,3.05
632,06/27/2026 22:32:59,7.42,0.21
633,06/27/2026 22:47:59,7.38,0.00
634,06/27/2026 23:02:59,7.89,0.00
635,06/27/2026 23:17:59,7.46,0.00
636,06/27/2026 23:32:59,9.65,0.00
637,06/27/2026 23:47:59,12.44,0.00
638,06/28/2026 00:02:59,13.17,0.00
639,06/28/2026 00:17:59,14.71,0.00
640,06/28/2026 00:32:59,14.71,0.00
641,06/28/2026 00:47:59,15.40,0.00
642,06/28/2026 01:02:59,17.07,0.00
643,06/28/2026 01:17:59,17.50,0.00
644,06/28/2026 01:32:59,17.46,0.00
645,06/28/2026 01:47:59,17.20,0.00
646,06/28/2026 02:02:59,17.16,0.00
647,06/28/2026 02:17:59,17.03,0.00
648,06/28/2026 02:32:59,17.07,0.00
649,06/28/2026 02:47:59,17.41,0.00
650,06/28/2026 03:02:59,17.67,0.00
651,06/28/2026 03:17:59,17.54,0.00
652,06/28/2026 03:32:59,18.10,0.21
653,06/28/2026 03:47:59,18.06,0.00
654,06/28/2026 04:02:59,18.06,0.87
655,06/28/2026 04:17:59,18.10,6.79
656,06/28/2026 04:32:59,18.27,34.72
657,06/28/2026 04:47:59,18.06,131.04
658,06/28/2026 05:02:59,18.36,339.20
659,06/28/2026 05:17:59,18.23,712.00
660,06/28/2026 05:32:59,18.02,1218.56
661,06/28/2026 05:47:59,17.84,1836.80
662,06/28/2026 06:02:59,17.29,2649.60
663,06/28/2026 06:17:59,17.41,3511.04
664,06/28/2026 06:32:59,18.02,4378.88
665,06/28/2026 06:47:59,18.32,5498.88
666,06/28/2026 07:02:59,18.10,6289.92
667,06/28/2026 07:17:59,18.19,6789.12
668,06/28/2026 07:32:59,18.36,7283.20
669,06/28/2026 07:47:59,18.40,8043.52
670,06/28/2026 08:02:59,18.66,8442.88
671,06/28/2026 08:17:59,18.70,8785.92
672,06/28/2026 08:32:59,18.70,9756.16
673,06/28/2026 08:47:59,18.62,8778.24
674,06/28/2026 09:02:59,18.49,11607.04
675,06/28/2026 09:17:59,18.62,9896.96
676,06/28/2026 09:32:59,17.54,12282.88
677,06/28/2026 09:47:59,16.69,14131.20
678,06/28/2026 10:02:59,16.04,18606.08
679,06/28/2026 10:17:59,13.68,15549.44
680,06/28/2026 10:32:59,12.82,15134.72
681,06/28/2026 10:47:59,15.83,16788.48
682,06/28/2026 11:02:59,16.21,13629.44
683,06/28/2026 11:17:59,13.98,19153.92
684,06/28/2026 11:32:59,12.70,18800.64
685,06/28/2026 11:47:59,14.45,16911.36
686,06/28/2026 12:02:59,11.62,20848.64
687,06/28/2026 12:17:59,10.59,38113.28
688,06/28/2026 12:32:59,10.64,21114.88
689,06/28/2026 12:47:59,9.09,27781.12
690,06/28/2026 13:02:59,7.89,26460.16
691,06/28/2026 13:17:59,7.68,26705.92
692,06/28/2026 13:32:59,7.16,31897.60
693,06/28/2026 13:47:59,7.20,24309.76
694,06/28/2026 14:02:59,7.76,25999.36
695,06/28/2026 14:17:59,9.44,26173.44
696,06/28/2026 14:32:59,12.52,32010.24
697,06/28/2026 14:47:59,13.00,48046.08
698,06/28/2026 15:02:59,13.08,19430.40
699,06/28/2026 15:17:59,12.70,29798.40
700,06/28/2026 15:32:59,12.78,25497.60
701,06/28/2026 15:47:59,12.95,25128.96
702,06/28/2026 16:02:59,13.98,36311.04
703,06/28/2026 16:17:59,13.98,20070.40
704,06/28/2026 16:32:59,13.94,26613.76
705,06/28/2026 16:47:59,12.22,25999.36
706,06/28/2026 17:02:59,12.87,21770.24
707,06/28/2026 17:17:59,14.03,14499.84
708,06/28/2026 17:32:59,17.93,16896.00
709,06/28/2026 17:47:59,19.26,12067.84
710,06/28/2026 18:02:59,20.42,8750.08
711,06/28/2026 18:17:59,20.76,11822.08
712,06/28/2026 18:32:59,20.76,7930.88
713,06/28/2026 18:47:59,20.72,7575.04
714,06/28/2026 19:02:59,20.72,6443.52
715,06/28/2026 19:17:59,20.20,3732.48
716,06/28/2026 19:32:59,19.43,3648.00
717,06/28/2026 19:47:59,19.95,2804.48
718,06/28/2026 20:02:59,20.03,1646.72
719,06/28/2026 20:17:59,19.90,1177.60
720,06/28/2026 20:32:59,20.07,876.48
721,06/28/2026 20:47:59,19.52,672.00
722,06/28/2026 21:02:59,17.80,467.36
723,06/28/2026 21:17:59,14.15,284.80
724,06/28/2026 21:32:59,12.48,137.16
725,06/28/2026 21:47:59,13.04,47.00
726,06/28/2026 22:02:59,12.48,12.94
727,06/28/2026 22:17:59,9.91,2.40
728,06/28/2026 22:32:59,9.61,0.00
729,06/28/2026 22:47:59,8.92,0.00
730,06/28/2026 23:02:59,8.28,0.00
731,06/28/2026 23:17:59,8.06,0.00
732,06/28/2026 23:32:59,7.38,0.00
733,06/28/2026 23:47:59,10.08,0.00
734,06/29/2026 00:02:59,10.89,0.00
735,06/29/2026 00:17:59,18.27,0.00
736,06/29/2026 00:32:59,18.83,0.00
737,06/29/2026 00:47:59,18.23,0.00
738,06/29/2026 01:02:59,18.83,0.00
739,06/29/2026 01:17:59,19.05,0.00
740,06/29/2026 01:32:59,19.00,0.00
741,06/29/2026 01:47:59,18.92,0.00
742,06/29/2026 02:02:59,18.87,0.00
743,06/29/2026 02:17:59,19.09,0.00
744,06/29/2026 02:32:59,19.26,0.00
745,06/29/2026 02:47:59,19.35,0.00
746,06/29/2026 03:02:59,19.30,0.00
747,06/29/2026 03:17:59,19.35,0.00
748,06/29/2026 03:32:59,19.30,0.00
749,06/29/2026 03:47:59,19.09,0.00
750,06/29/2026 04:02:59,19.09,0.43
751,06/29/2026 04:17:59,18.96,4.58
752,06/29/2026 04:32:59,18.74,23.28
753,06/29/2026 04:47:59,18.87,85.28
754,06/29/2026 05:02:59,18.79,257.68
755,06/29/2026 05:17:59,18.74,582.24
756,06/29/2026 05:32:59,18.27,994.24
757,06/29/2026 05:47:59,18.23,1798.40
758,06/29/2026 06:02:59,18.23,2442.88
759,06/29/2026 06:17:59,18.02,2213.76
760,06/29/2026 06:32:59,17.97,3959.04
761,06/29/2026 06:47:59,17.67,3668.48
762,06/29/2026 07:02:59,18.02,5480.96
763,06/29/2026 07:17:59,18.19,6062.08
764,06/29/2026 07:32:59,18.49,6100.48
765,06/29/2026 07:47:59,18.74,6202.88
766,06/29/2026 08:02:59,18.96,8911.36
767,06/29/2026 08:17:59,19.00,5027.84
768,06/29/2026 08:32:59,19.52,13573.12
769,06/29/2026 08:47:59,19.52,12712.96
770,06/29/2026 09:02:59,19.30,13829.12
771,06/29/2026 09:17:59,19.22,12180.48
772,06/29/2026 09:32:59,19.65,14254.08
773,06/29/2026 09:47:59,19.43,9287.68
774,06/29/2026 10:02:59,19.35,13731.84
775,06/29/2026 10:17:59,19.30,14187.52
776,06/29/2026 10:32:59,18.66,16204.80
777,06/29/2026 10:47:59,17.93,12021.76
778,06/29/2026 11:02:59,12.65,21237.76
779,06/29/2026 11:17:59,11.75,15605.76
780,06/29/2026 11:32:59,11.15,10880.00
781,06/29/2026 11:47:59,10.68,10106.88
782,06/29/2026 12:02:59,10.25,10818.56
783,06/29/2026 12:17:59,14.50,10127.36
784,06/29/2026 12:32:59,16.94,17689.60
785,06/29/2026 12:47:59,15.06,11182.08
786,06/29/2026 13:02:59,14.75,7974.40
787,06/29/2026 13:17:59,15.14,6896.64
788,06/29/2026 13:32:59,16.81,8560.64
789,06/29/2026 13:47:59,14.37,7413.76
790,06/29/2026 14:02:59,12.78,6149.12
791,06/29/2026 14:17:59,13.47,8212.48
792,06/29/2026 14:32:59,12.22,7413.76
793,06/29/2026 14:47:59,12.52,6607.36
794,06/29/2026 15:02:59,14.67,7296.00
795,06/29/2026 15:17:59,13.94,8422.40
796,06/29/2026 15:32:59,14.11,6059.52
797,06/29/2026 15:47:59,14.07,6387.20
798,06/29/2026 16:02:59,14.67,7352.32
799,06/29/2026 16:17:59,14.28,4898.56
800,06/29/2026 16:32:59,16.51,1869.44
801,06/29/2026 16:47:59,20.16,1934.08
802,06/29/2026 17:02:59,20.25,2565.12
803,06/29/2026 17:17:59,19.90,2037.12
804,06/29/2026 17:32:59,19.65,1774.08
805,06/29/2026 17:47:59,19.09,2209.92
806,06/29/2026 18:02:59,19.35,3308.80
807,06/29/2026 18:17:59,19.22,5818.88
808,06/29/2026 18:32:59,18.27,4892.16
809,06/29/2026 18:47:59,17.80,3101.44
810,06/29/2026 19:02:59,15.96,2299.52
811,06/29/2026 19:17:59,16.60,2280.32
812,06/29/2026 19:32:59,15.40,1159.36
813,06/29/2026 19:47:59,15.14,1328.00
814,06/29/2026 20:02:59,14.33,664.00
815,06/29/2026 20:17:59,13.81,848.64
816,06/29/2026 20:32:59,13.68,853.12
817,06/29/2026 20:47:59,14.07,363.68
818,06/29/2026 21:02:59,14.67,127.44
819,06/29/2026 21:17:59,14.88,46.96
820,06/29/2026 21:32:59,14.97,62.78
821,06/29/2026 21:47:59,15.36,16.87
822,06/29/2026 22:02:59,15.53,6.36
823,06/29/2026 22:17:59,15.44,0.65
824,06/29/2026 22:32:59,15.44,0.00
825,06/29/2026 22:47:59,15.44,0.00
826,06/29/2026 23:02:59,15.40,0.00
827,06/29/2026 23:17:59,15.36,0.00
828,06/29/2026 23:32:59,15.53,0.00
829,06/29/2026 23:47:59,15.53,0.00
830,06/30/2026 00:02:59,15.61,0.00
831,06/30/2026 00:17:59,15.27,0.00
832,06/30/2026 00:32:59,14.97,0.00
833,06/30/2026 00:47:59,14.84,0.00
834,06/30/2026 01:02:59,14.75,0.00
835,06/30/2026 01:17:59,14.50,0.00
836,06/30/2026 01:32:59,13.90,0.00
837,06/30/2026 01:47:59,13.64,0.00
838,06/30/2026 02:02:59,13.51,0.00
839,06/30/2026 02:17:59,12.31,0.00
840,06/30/2026 02:32:59,11.67,0.00
841,06/30/2026 02:47:59,11.07,0.00
842,06/30/2026 03:02:59,10.34,0.00
843,06/30/2026 03:17:59,10.89,0.00
844,06/30/2026 03:32:59,11.41,0.00
845,06/30/2026 03:47:59,11.58,0.00
846,06/30/2026 04:02:59,11.67,0.00
847,06/30/2026 04:17:59,11.49,3.49
848,06/30/2026 04:32:59,11.37,17.77
849,06/30/2026 04:47:59,11.37,57.98
850,06/30/2026 05:02:59,11.28,115.96
851,06/30/2026 05:17:59,11.07,179.28
852,06/30/2026 05:32:59,11.11,391.84
853,06/30/2026 05:47:59,11.11,475.20
854,06/30/2026 06:02:59,11.15,1424.64
855,06/30/2026 06:17:59,11.15,1834.24
856,06/30/2026 06:32:59,11.19,2136.96
857,06/30/2026 06:47:59,11.07,642.08
858,06/30/2026 07:02:59,10.85,2023.04
859,06/30/2026 07:17:59,10.98,3738.88
860,06/30/2026 07:32:59,10.94,5726.72
861,06/30/2026 07:47:59,11.02,5276.16
862,06/30/2026 08:02:59,11.49,11822.08
863,06/30/2026 08:17:59,11.58,15646.72
864,06/30/2026 08:32:59,11.41,11735.04
865,06/30/2026 08:47:59,11.41,12856.32
866,06/30/2026 09:02:59,11.67,9036.80
867,06/30/2026 09:17:59,11.92,8875.52
868,06/30/2026 09:32:59,12.01,9182.72
869,06/30/2026 09:47:59,12.18,13199.36
870,06/30/2026 10:02:59,12.22,8212.48
871,06/30/2026 10:17:59,13.00,16414.72
872,06/30/2026 10:32:59,13.43,20812.80
873,06/30/2026 10:47:59,13.51,13312.00
874,06/30/2026 11:02:59,13.64,20367.36
875,06/30/2026 11:17:59,13.34,9889.28
876,06/30/2026 11:32:59,13.34,8079.36
877,06/30/2026 11:47:59,13.38,14033.92
878,06/30/2026 12:02:59,13.17,9356.80
879,06/30/2026 12:17:59,12.87,3151.36
880,06/30/2026 12:32:59,12.48,3714.56
881,06/30/2026 12:47:59,12.44,11095.04
882,06/30/2026 13:02:59,12.14,6412.80
883,06/30/2026 13:17:59,12.01,10931.20
884,06/30/2026 13:32:59,12.18,6044.16
885,06/30/2026 13:47:59,12.52,5534.72
886,06/30/2026 14:02:59,12.48,5324.80
887,06/30/2026 14:17:59,12.52,5555.20
888,06/30/2026 14:32:59,12.22,3098.88
889,06/30/2026 14:47:59,12.40,4437.76
890,06/30/2026 15:02:59,12.61,3532.80
891,06/30/2026 15:17:59,13.04,1603.20
892,06/30/2026 15:32:59,12.65,1872.00
893,06/30/2026 15:47:59,11.41,2544.00
894,06/30/2026 16:02:59,12.40,2978.56
895,06/30/2026 16:17:59,10.72,10501.12
896,06/30/2026 16:32:59,10.46,3770.88
897,06/30/2026 16:47:59,10.98,5132.80
898,06/30/2026 17:02:59,11.67,6551.04
899,06/30/2026 17:17:59,12.57,7380.48
900,06/30/2026 17:32:59,14.07,6097.92
901,06/30/2026 17:47:59,14.45,3641.60
902,06/30/2026 18:02:59,14.37,4689.92
903,06/30/2026 18:17:59,14.33,2776.32
904,06/30/2026 18:32:59,14.58,4067.84
905,06/30/2026 18:47:59,14.75,3861.76
906,06/30/2026 19:02:59,14.93,3896.32
907,06/30/2026 19:17:59,14.93,3319.04
908,06/30/2026 19:32:59,15.06,3481.60
909,06/30/2026 19:47:59,14.93,1393.92
910,06/30/2026 20:02:59,15.10,1052.80
911,06/30/2026 20:17:59,15.18,529.76
912,06/30/2026 20:32:59,14.88,249.44
913,06/30/2026 20:47:59,14.07,211.84
914,06/30/2026 21:02:59,14.07,110.72
915,06/30/2026 21:17:59,13.98,101.88
916,06/30/2026 21:32:59,14.11,101.88
917,06/30/2026 21:47:59,14.07,37.29
918,06/30/2026 22:02:59,14.07,10.32
919,06/30/2026 22:17:59,14.15,1.09
920,06/30/2026 22:32:59,14.07,0.00
921,06/30/2026 22:47:59,14.11,0.00
922,06/30/2026 23:02:59,14.15,0.00
923,06/30/2026 23:17:59,14.11,0.00
924,06/30/2026 23:32:59,14.07,0.00
925,06/30/2026 23:47:59,14.07,0.00
926,07/01/2026 00:02:59,14.07,0.00
927,07/01/2026 00:17:59,14.03,0.00
928,07/01/2026 00:32:59,13.94,0.00
929,07/01/2026 00:47:59,13.98,0.00
930,07/01/2026 01:02:59,14.03,0.00
931,07/01/2026 01:17:59,13.85,0.00
932,07/01/2026 01:32:59,13.30,0.00
933,07/01/2026 01:47:59,13.55,0.00
934,07/01/2026 02:02:59,13.85,0.00
935,07/01/2026 02:17:59,13.43,0.00
936,07/01/2026 02:32:59,13.64,0.00
937,07/01/2026 02:47:59,13.43,0.00
938,07/01/2026 03:02:59,13.17,0.00
939,07/01/2026 03:17:59,8.66,0.00
940,07/01/2026 03:32:59,11.88,0.00
941,07/01/2026 03:47:59,9.52,0.00
942,07/01/2026 04:02:59,9.74,0.00
943,07/01/2026 04:17:59,11.49,2.83
944,07/01/2026 04:32:59,11.15,17.55
945,07/01/2026 04:47:59,9.74,70.66
946,07/01/2026 05:02:59,12.95,186.08
947,07/01/2026 05:17:59,13.04,452.96
948,07/01/2026 05:32:59,13.00,888.96
949,07/01/2026 05:47:59,12.95,1174.08
950,07/01/2026 06:02:59,12.95,1852.16
951,07/01/2026 06:17:59,13.00,2435.84
952,07/01/2026 06:32:59,12.87,2776.32
953,07/01/2026 06:47:59,12.91,1848.32
954,07/01/2026 07:02:59,13.12,2730.24
955,07/01/2026 07:17:59,12.44,4211.20
956,07/01/2026 07:32:59,12.14,5859.84
957,07/01/2026 07:47:59,11.02,6149.12
958,07/01/2026 08:02:59,11.02,9044.48
959,07/01/2026 08:17:59,10.77,8071.68
960,07/01/2026 08:32:59,12.31,8604.16
961,07/01/2026 08:47:59,11.49,9098.24
962,07/01/2026 09:02:59,10.51,8455.68
963,07/01/2026 09:17:59,10.46,11356.16
964,07/01/2026 09:32:59,10.59,9623.04
965,07/01/2026 09:47:59,11.19,9198.08
966,07/01/2026 10:02:59,10.21,10475.52
967,07/01/2026 10:17:59,10.64,11397.12
968,07/01/2026 10:32:59,9.52,13102.08
969,07/01/2026 10:47:59,9.74,17136.64
970,07/01/2026 11:02:59,10.42,20469.76
971,07/01/2026 11:17:59,9.56,20024.32
972,07/01/2026 11:32:59,9.18,17699.84
973,07/01/2026 11:47:59,9.69,7610.88
974,07/01/2026 12:02:59,10.81,17500.16
975,07/01/2026 12:17:59,10.85,16640.00
976,07/01/2026 12:32:59,12.27,20008.96
977,07/01/2026 12:47:59,10.89,6466.56
978,07/01/2026 13:02:59,9.69,17361.92
979,07/01/2026 13:17:59,10.94,18498.56
980,07/01/2026 13:32:59,11.15,15344.64
981,07/01/2026 13:47:59,10.85,17423.36
982,07/01/2026 14:02:59,9.18,16225.28
983,07/01/2026 14:17:59,7.93,16998.40
984,07/01/2026 14:32:59,7.93,17592.32
985,07/01/2026 14:47:59,7.98,15651.84
986,07/01/2026 15:02:59,8.06,15298.56
987,07/01/2026 15:17:59,8.11,17525.76
988,07/01/2026 15:32:59,7.42,13706.24
989,07/01/2026 15:47:59,7.33,15421.44
990,07/01/2026 16:02:59,6.82,18227.20
991,07/01/2026 16:17:59,6.90,18140.16
992,07/01/2026 16:32:59,6.56,13905.92
993,07/01/2026 16:47:59,6.78,13870.08
994,07/01/2026 17:02:59,8.32,12702.72
995,07/01/2026 17:17:59,8.23,11586.56
996,07/01/2026 17:32:59,8.88,9408.00
997,07/01/2026 17:47:59,8.66,10288.64
998,07/01/2026 18:02:59,8.49,9085.44
999,07/01/2026 18:17:59,8.32,6387.20
1000,07/01/2026 18:32:59,8.15,4508.16
1001,07/01/2026 18:47:59,7.98,2197.76
1002,07/01/2026 19:02:59,7.93,4728.32
1003,07/01/2026 19:17:59,8.28,2718.72
1004,07/01/2026 19:32:59,8.06,2449.28
1005,07/01/2026 19:47:59,8.15,2348.16
1006,07/01/2026 20:02:59,8.15,1524.48
1007,07/01/2026 20:17:59,8.45,1467.52
1008,07/01/2026 20:32:59,9.09,1064.96
1009,07/01/2026 20:47:59,9.05,756.16
1010,07/01/2026 21:02:59,8.96,373.28
1011,07/01/2026 21:17:59,8.58,206.40
1012,07/01/2026 21:32:59,8.19,105.36
1013,07/01/2026 21:47:59,8.06,41.28
1014,07/01/2026 22:02:59,7.85,11.82
1015,07/01/2026 22:17:59,9.91,1.52
1016,07/01/2026 22:32:59,10.12,0.00
1017,07/01/2026 22:47:59,10.16,0.00
1018,07/01/2026 23:02:59,10.25,0.00
1019,07/01/2026 23:17:59,10.29,0.00
1020,07/01/2026 23:32:59,10.29,0.00
1021,07/01/2026 23:47:59,10.46,0.00
1022,07/02/2026 00:02:59,10.59,0.00
1023,07/02/2026 00:17:59,11.49,0.00
1024,07/02/2026 00:32:59,11.92,0.00
1025,07/02/2026 00:47:59,11.97,0.00
1026,07/02/2026 01:02:59,11.75,0.00
1027,07/02/2026 01:17:59,11.49,0.00
1028,07/02/2026 01:32:59,11.45,0.00
1029,07/02/2026 01:47:59,11.49,0.00
1030,07/02/2026 02:02:59,7.89,0.00
1031,07/02/2026 02:17:59,9.05,0.00
1032,07/02/2026 02:32:59,6.99,0.00
1033,07/02/2026 02:47:59,7.89,0.00
1034,07/02/2026 03:02:59,9.18,0.00
1035,07/02/2026 03:17:59,10.25,0.00
1036,07/02/2026 03:32:59,10.38,0.00
1037,07/02/2026 03:47:59,10.34,0.00
1038,07/02/2026 04:02:59,11.32,0.00
1039,07/02/2026 04:17:59,11.67,1.96
1040,07/02/2026 04:32:59,11.49,13.37
1041,07/02/2026 04:47:59,12.01,32.05
1042,07/02/2026 05:02:59,12.40,89.64
1043,07/02/2026 05:17:59,12.52,352.32
1044,07/02/2026 05:32:59,12.40,706.24
1045,07/02/2026 05:47:59,12.14,1486.08
1046,07/02/2026 06:02:59,12.01,2505.60
1047,07/02/2026 06:17:59,12.14,2725.12
1048,07/02/2026 06:32:59,12.57,2325.76
1049,07/02/2026 06:47:59,12.61,1786.24
1050,07/02/2026 07:02:59,11.41,1402.24
1051,07/02/2026 07:17:59,11.71,1436.16
1052,07/02/2026 07:32:59,10.98,3479.04
1053,07/02/2026 07:47:59,11.24,5337.60
1054,07/02/2026 08:02:59,10.34,6167.04
1055,07/02/2026 08:17:59,10.42,5841.92
1056,07/02/2026 08:32:59,10.72,8624.64
1057,07/02/2026 08:47:59,12.78,10777.60
1058,07/02/2026 09:02:59,14.07,9651.20
1059,07/02/2026 09:17:59,14.50,13706.24
1060,07/02/2026 09:32:59,14.41,19000.32
1061,07/02/2026 09:47:59,14.75,16506.88
1062,07/02/2026 10:02:59,15.01,27699.20
1063,07/02/2026 10:17:59,14.67,13158.40
1064,07/02/2026 10:32:59,14.41,10414.08
1065,07/02/2026 10:47:59,14.88,15452.16
1066,07/02/2026 11:02:59,14.67,9226.24
1067,07/02/2026 11:17:59,14.28,7111.68
1068,07/02/2026 11:32:59,14.11,10398.72
1069,07/02/2026 11:47:59,12.78,8770.56
1070,07/02/2026 12:02:59,11.41,7687.68
1071,07/02/2026 12:17:59,11.84,8972.80
1072,07/02/2026 12:32:59,11.67,6589.44
1073,07/02/2026 12:47:59,10.68,6359.04
1074,07/02/2026 13:02:59,10.12,7203.84
1075,07/02/2026 13:17:59,10.21,6351.36
1076,07/02/2026 13:32:59,10.08,4797.44
1077,07/02/2026 13:47:59,10.08,5680.64
1078,07/02/2026 14:02:59,10.34,2849.28
1079,07/02/2026 14:17:59,10.29,2496.64
1080,07/02/2026 14:32:59,10.34,3522.56
1081,07/02/2026 14:47:59,10.38,18647.04
1082,07/02/2026 15:02:59,10.72,8762.88
1083,07/02/2026 15:17:59,10.77,7644.16
1084,07/02/2026 15:32:59,10.68,4001.28
1085,07/02/2026 15:47:59,11.58,1446.40
1086,07/02/2026 16:02:59,11.97,2656.00
1087,07/02/2026 16:17:59,12.18,4409.60
1088,07/02/2026 16:32:59,12.27,10204.16
1089,07/02/2026 16:47:59,12.10,12236.80
1090,07/02/2026 17:02:59,12.14,9218.56
1091,07/02/2026 17:17:59,13.34,17448.96
1092,07/02/2026 17:32:59,13.34,12615.68
1093,07/02/2026 17:47:59,13.77,14320.64
1094,07/02/2026 18:02:59,14.07,7567.36
1095,07/02/2026 18:17:59,14.28,8757.76
1096,07/02/2026 18:32:59,13.81,6010.88
1097,07/02/2026 18:47:59,14.15,4007.68
1098,07/02/2026 19:02:59,14.50,2344.96
1099,07/02/2026 19:17:59,14.33,2000.64
1100,07/02/2026 19:32:59,14.37,1762.56
1101,07/02/2026 19:47:59,14.03,2266.24
1102,07/02/2026 20:02:59,13.90,2135.04
1103,07/02/2026 20:17:59,14.71,1298.24
1104,07/02/2026 20:32:59,14.58,838.72
1105,07/02/2026 20:47:59,13.98,682.24
1106,07/02/2026 21:02:59,13.38,445.92
1107,07/02/2026 21:17:59,13.85,270.56
1108,07/02/2026 21:32:59,15.10,123.84
1109,07/02/2026 21:47:59,14.07,46.52
1110,07/02/2026 22:02:59,14.41,11.19
1111,07/02/2026 22:17:59,14.84,1.52
1112,07/02/2026 22:32:59,14.88,0.00
1113,07/02/2026 22:47:59,14.54,0.00
1114,07/02/2026 23:02:59,14.67,0.00
1115,07/02/2026 23:17:59,12.70,0.00
1116,07/02/2026 23:32:59,11.28,0.00
1117,07/02/2026 23:47:59,10.55,0.00
1118,07/03/2026 00:02:59,9.91,0.00
1119,07/03/2026 00:17:59,9.09,0.00
1120,07/03/2026 00:32:59,9.86,0.00
1121,07/03/2026 00:47:59,10.12,0.00
1122,07/03/2026 01:02:59,9.65,0.00
1123,07/03/2026 01:17:59,9.91,0.00
1124,07/03/2026 01:32:59,10.08,0.00
1125,07/03/2026 01:47:59,8.83,0.00
1126,07/03/2026 02:02:59,8.88,0.00
1127,07/03/2026 02:17:59,8.66,0.00
1128,07/03/2026 02:32:59,8.71,0.00
1129,07/03/2026 02:47:59,8.83,0.00
1130,07/03/2026 03:02:59,8.75,0.00
1131,07/03/2026 03:17:59,8.32,0.00
1132,07/03/2026 03:32:59,8.62,0.00
1133,07/03/2026 03:47:59,9.39,0.00
1134,07/03/2026 04:02:59,9.14,0.00
1135,07/03/2026 04:17:59,8.62,1.31
1136,07/03/2026 04:32:59,8.96,8.76
1137,07/03/2026 04:47:59,10.64,28.55
1138,07/03/2026 05:02:59,10.51,74.20
1139,07/03/2026 05:17:59,11.84,148.40
1140,07/03/2026 05:32:59,11.24,267.12
1141,07/03/2026 05:47:59,10.72,415.36
1142,07/03/2026 06:02:59,11.37,613.28
1143,07/03/2026 06:17:59,12.10,852.16
1144,07/03/2026 06:32:59,12.10,1356.80
1145,07/03/2026 06:47:59,12.40,2070.40
1146,07/03/2026 07:02:59,12.48,3174.40
1147,07/03/2026 07:17:59,12.91,4175.36
1148,07/03/2026 07:32:59,13.25,5757.44
1149,07/03/2026 07:47:59,13.51,6433.28
1150,07/03/2026 08:02:59,13.68,7352.32
1151,07/03/2026 08:17:59,13.77,5859.84
1152,07/03/2026 08:32:59,13.68,5304.32
1153,07/03/2026 08:47:59,14.15,11320.32
1154,07/03/2026 09:02:59,13.55,5795.84
1155,07/03/2026 09:17:59,13.43,7308.80
1156,07/03/2026 09:32:59,12.52,6062.08
1157,07/03/2026 09:47:59,12.48,6638.08
1158,07/03/2026 10:02:59,12.14,6208.00
1159,07/03/2026 10:17:59,12.05,6417.92
1160,07/03/2026 10:32:59,11.92,7096.32
1161,07/03/2026 10:47:59,11.84,9692.16
1162,07/03/2026 11:02:59,12.05,15994.88
1163,07/03/2026 11:17:59,12.22,13137.92
1164,07/03/2026 11:32:59,11.45,11105.28
1165,07/03/2026 11:47:59,11.41,7191.04
1166,07/03/2026 12:02:59,11.79,6886.40
1167,07/03/2026 12:17:59,11.92,8742.40
1168,07/03/2026 12:32:59,10.81,8002.56
1169,07/03/2026 12:47:59,9.69,12369.92
1170,07/03/2026 13:02:59,9.99,9792.00
1171,07/03/2026 13:17:59,9.99,11453.44
1172,07/03/2026 13:32:59,9.82,5757.44
1173,07/03/2026 13:47:59,9.78,4542.72
1174,07/03/2026 14:02:59,9.18,3141.12
1175,07/03/2026 14:17:59,9.26,2644.48
1176,07/03/2026 14:32:59,9.35,4469.76
1177,07/03/2026 14:47:59,9.44,3857.92
1178,07/03/2026 15:02:59,9.35,4025.60
1179,07/03/2026 15:17:59,9.26,2643.20
1180,07/03/2026 15:32:59,9.61,2721.28
1181,07/03/2026 15:47:59,9.65,4273.92
1182,07/03/2026 16:02:59,9.48,4130.56
1183,07/03/2026 16:17:59,9.44,5122.56
1184,07/03/2026 16:32:59,9.39,5708.80
1185,07/03/2026 16:47:59,9.31,6289.92
1186,07/03/2026 17:02:59,9.35,9594.88
1187,07/03/2026 17:17:59,9.56,12200.96
1188,07/03/2026 17:32:59,9.26,9958.40
1189,07/03/2026 17:47:59,9.26,9175.04
1190,07/03/2026 18:02:59,9.35,9287.68
1191,07/03/2026 18:17:59,9.26,5031.68
1192,07/03/2026 18:32:59,9.56,4791.04
1193,07/03/2026 18:47:59,10.08,5637.12
1194,07/03/2026 19:02:59,10.72,2273.28
1195,07/03/2026 19:17:59,10.85,1575.04
1196,07/03/2026 19:32:59,10.85,1843.20
1197,07/03/2026 19:47:59,10.81,1620.48
1198,07/03/2026 20:02:59,10.81,1773.44
1199,07/03/2026 20:17:59,10.89,1323.52
1200,07/03/2026 20:32:59,10.85,840.64
1201,07/03/2026 20:47:59,10.98,571.84
1202,07/03/2026 21:02:59,10.98,397.92
1203,07/03/2026 21:17:59,10.94,227.60
1204,07/03/2026 21:32:59,10.98,104.60
1205,07/03/2026 21:47:59,10.85,40.84
1206,07/03/2026 22:02:59,10.81,10.97
1207,07/03/2026 22:17:59,10.94,1.74
1208,07/03/2026 22:32:59,11.07,0.00
1209,07/03/2026 22:47:59,10.68,0.00
1210,07/03/2026 23:02:59,10.77,0.00
1211,07/03/2026 23:17:59,11.02,0.00
1212,07/03/2026 23:32:59,10.89,0.00
1213,07/03/2026 23:47:59,10.59,0.00
1214,07/04/2026 00:02:59,10.81,0.00
1215,07/04/2026 00:17:59,11.02,0.00
1216,07/04/2026 00:32:59,10.34,0.00
1217,07/04/2026 00:47:59,10.51,0.00
1218,07/04/2026 01:02:59,10.51,0.00
1219,07/04/2026 01:17:59,9.78,0.00
1220,07/04/2026 01:32:59,9.22,0.00
1221,07/04/2026 01:47:59,8.83,0.00
1222,07/04/2026 02:02:59,8.45,0.00
1223,07/04/2026 02:17:59,8.02,0.00
1224,07/04/2026 02:32:59,8.06,0.00
1225,07/04/2026 02:47:59,8.23,0.00
1226,07/04/2026 03:02:59,8.79,0.00
1227,07/04/2026 03:17:59,8.32,0.00
1228,07/04/2026 03:32:59,8.58,0.00
1229,07/04/2026 03:47:59,8.45,0.00
1230,07/04/2026 04:02:59,8.32,0.00
1231,07/04/2026 04:17:59,8.28,0.65
1232,07/04/2026 04:32:59,8.32,6.33
1233,07/04/2026 04:47:59,8.32,28.55
1234,07/04/2026 05:02:59,8.32,86.92
1235,07/04/2026 05:17:59,8.96,176.56
1236,07/04/2026 05:32:59,9.52,329.28
1237,07/04/2026 05:47:59,10.04,530.72
1238,07/04/2026 06:02:59,10.55,639.52
1239,07/04/2026 06:17:59,11.02,798.40
1240,07/04/2026 06:32:59,11.15,980.16
1241,07/04/2026 06:47:59,11.49,1386.24
1242,07/04/2026 07:02:59,11.71,1528.96
1243,07/04/2026 07:17:59,11.79,2269.44
1244,07/04/2026 07:32:59,11.84,2694.40
1245,07/04/2026 07:47:59,12.01,3362.56
1246,07/04/2026 08:02:59,12.05,3118.08
1247,07/04/2026 08:17:59,12.14,5088.00
1248,07/04/2026 08:32:59,12.22,5053.44
1249,07/04/2026 08:47:59,12.27,5680.64
1250,07/04/2026 09:02:59,12.40,7792.64
1251,07/04/2026 09:17:59,12.44,9456.64
1252,07/04/2026 09:32:59,12.48,15759.36
1253,07/04/2026 09:47:59,12.65,16512.00
1254,07/04/2026 10:02:59,12.82,13291.52
1255,07/04/2026 10:17:59,12.95,22579.20
1256,07/04/2026 10:32:59,13.00,29696.00
1257,07/04/2026 10:47:59,13.17,15841.28
1258,07/04/2026 11:02:59,13.30,19834.88
1259,07/04/2026 11:17:59,13.30,17679.36
1260,07/04/2026 11:32:59,13.55,16250.88
1261,07/04/2026 11:47:59,13.90,19645.44
1262,07/04/2026 12:02:59,13.38,15288.32
1263,07/04/2026 12:17:59,11.75,14284.80
1264,07/04/2026 12:32:59,11.79,14059.52
1265,07/04/2026 12:47:59,11.79,9840.64
1266,07/04/2026 13:02:59,11.11,12410.88
1267,07/04/2026 13:17:59,11.15,16732.16
1268,07/04/2026 13:32:59,10.81,14704.64
1269,07/04/2026 13:47:59,11.07,17162.24
1270,07/04/2026 14:02:59,10.85,14510.08
1271,07/04/2026 14:17:59,10.38,15994.88
1272,07/04/2026 14:32:59,10.38,13992.96
1273,07/04/2026 14:47:59,11.07,12395.52
1274,07/04/2026 15:02:59,10.25,14167.04
1275,07/04/2026 15:17:59,10.12,14100.48
1276,07/04/2026 15:32:59,9.86,15237.12
1277,07/04/2026 15:47:59,9.78,10414.08
1278,07/04/2026 16:02:59,9.56,11171.84
1279,07/04/2026 16:17:59,9.69,11115.52
1280,07/04/2026 16:32:59,9.65,12846.08
1281,07/04/2026 16:47:59,9.39,10777.60
1282,07/04/2026 17:02:59,9.31,7365.12
1283,07/04/2026 17:17:59,9.31,9259.52
1284,07/04/2026 17:32:59,9.48,11893.76
1285,07/04/2026 17:47:59,9.56,10042.88
1286,07/04/2026 18:02:59,9.48,8791.04
1287,07/04/2026 18:17:59,9.48,10434.56
1288,07/04/2026 18:32:59,9.48,6033.92
1289,07/04/2026 18:47:59,9.26,5637.12
1290,07/04/2026 19:02:59,9.31,4284.16
1291,07/04/2026 19:17:59,9.26,4805.12
1292,07/04/2026 19:32:59,9.65,3552.00
1293,07/04/2026 19:47:59,10.29,2199.68
1294,07/04/2026 20:02:59,10.64,1618.56
1295,07/04/2026 20:17:59,10.85,960.96
1296,07/04/2026 20:32:59,11.54,826.88
1297,07/04/2026 20:47:59,11.58,634.72
1298,07/04/2026 21:02:59,11.62,468.16
1299,07/04/2026 21:17:59,11.67,318.88
1300,07/04/2026 21:32:59,11.79,162.48
1301,07/04/2026 21:47:59,11.88,56.24
1302,07/04/2026 22:02:59,12.31,14.68
1303,07/04/2026 22:17:59,12.65,2.18
1304,07/04/2026 22:32:59,13.08,0.00
1305,07/04/2026 22:47:59,13.08,0.00
1306,07/04/2026 23:02:59,13.17,0.00
1307,07/04/2026 23:17:59,13.64,0.00
1308,07/04/2026 23:32:59,13.34,0.00
1309,07/04/2026 23:47:59,13.51,0.00
1310,07/05/2026 00:02:59,12.91,0.00
1311,07/05/2026 00:17:59,12.78,0.00
1312,07/05/2026 00:32:59,12.91,0.00
1313,07/05/2026 00:47:59,12.78,0.00
1314,07/05/2026 01:02:59,12.61,0.00
1315,07/05/2026 01:17:59,13.08,0.00
1316,07/05/2026 01:32:59,12.05,0.00
1317,07/05/2026 01:47:59,12.57,0.00
1318,07/05/2026 02:02:59,13.25,0.00
1319,07/05/2026 02:17:59,10.21,0.00
1320,07/05/2026 02:32:59,11.97,0.00
1321,07/05/2026 02:47:59,11.67,0.00
1322,07/05/2026 03:02:59,12.70,0.00
1323,07/05/2026 03:17:59,12.57,0.00
1324,07/05/2026 03:32:59,12.57,0.00
1325,07/05/2026 03:47:59,12.61,0.00
1326,07/05/2026 04:02:59,12.57,0.00
1327,07/05/2026 04:17:59,12.52,0.21
1328,07/05/2026 04:32:59,12.48,5.05
1329,07/05/2026 04:47:59,12.48,26.75
1330,07/05/2026 05:02:59,12.57,87.04
1331,07/05/2026 05:17:59,12.57,222.32
1332,07/05/2026 05:32:59,12.52,440.32
1333,07/05/2026 05:47:59,12.65,739.84
1334,07/05/2026 06:02:59,12.70,1079.68
1335,07/05/2026 06:17:59,12.74,2318.72
1336,07/05/2026 06:32:59,13.04,2508.80
1337,07/05/2026 06:47:59,13.08,3525.12
1338,07/05/2026 07:02:59,13.30,3700.48
1339,07/05/2026 07:17:59,13.47,3874.56
1340,07/05/2026 07:32:59,13.55,9594.88
1341,07/05/2026 07:47:59,13.73,7744.00
1342,07/05/2026 08:02:59,13.77,7134.72
1343,07/05/2026 08:17:59,13.85,7854.08
1344,07/05/2026 08:32:59,13.98,9896.96
1345,07/05/2026 08:47:59,13.55,12124.16
1346,07/05/2026 09:02:59,14.07,7767.04
1347,07/05/2026 09:17:59,14.41,23951.36
1348,07/05/2026 09:32:59,14.80,24125.44
1349,07/05/2026 09:47:59,15.18,39915.52
1350,07/05/2026 10:02:59,15.27,35655.68
1351,07/05/2026 10:17:59,15.18,30115.84
1352,07/05/2026 10:32:59,15.01,37806.08
1353,07/05/2026 10:47:59,15.06,40017.92
1354,07/05/2026 11:02:59,15.48,39127.04
1355,07/05/2026 11:17:59,15.57,41850.88
1356,07/05/2026 11:32:59,15.57,50401.28
1357,07/05/2026 11:47:59,15.27,38860.80
1358,07/05/2026 12:02:59,15.96,35307.52
1359,07/05/2026 12:17:59,16.04,30709.76
1360,07/05/2026 12:32:59,16.04,32675.84
1361,07/05/2026 12:47:59,15.53,24248.32
1362,07/05/2026 13:02:59,15.53,27873.28
1363,07/05/2026 13:17:59,15.40,33699.84
1364,07/05/2026 13:32:59,14.93,28467.20
1365,07/05/2026 13:47:59,14.58,22896.64
1366,07/05/2026 14:02:59,14.63,27125.76
1367,07/05/2026 14:17:59,13.30,23224.32
1368,07/05/2026 14:32:59,13.98,23797.76
1369,07/05/2026 14:47:59,13.17,26101.76
1370,07/05/2026 15:02:59,11.49,23101.44
1371,07/05/2026 15:17:59,11.15,26726.40
1372,07/05/2026 15:32:59,11.11,29450.24
1373,07/05/2026 15:47:59,10.94,30423.04
1374,07/05/2026 16:02:59,11.07,21022.72
1375,07/05/2026 16:17:59,10.98,30300.16
1376,07/05/2026 16:32:59,10.68,16599.04
1377,07/05/2026 16:47:59,11.07,13235.20
1378,07/05/2026 17:02:59,11.28,13271.04
1379,07/05/2026 17:17:59,11.41,25190.40
1380,07/05/2026 17:32:59,11.19,11304.96
1381,07/05/2026 17:47:59,11.32,27217.92
1382,07/05/2026 18:02:59,11.58,18575.36
1383,07/05/2026 18:17:59,11.79,14233.60
1384,07/05/2026 18:32:59,11.75,9154.56
1385,07/05/2026 18:47:59,11.24,14725.12
1386,07/05/2026 19:02:59,10.81,7820.80
1387,07/05/2026 19:17:59,11.67,8015.36
1388,07/05/2026 19:32:59,11.49,12584.96
1389,07/05/2026 19:47:59,11.71,4744.96
1390,07/05/2026 20:02:59,11.28,3417.60
1391,07/05/2026 20:17:59,13.08,2348.16
1392,07/05/2026 20:32:59,14.11,1946.24
1393,07/05/2026 20:47:59,14.63,1555.84
1394,07/05/2026 21:02:59,14.80,1154.88
1395,07/05/2026 21:17:59,14.84,676.48
1396,07/05/2026 21:32:59,14.45,316.24
1397,07/05/2026 21:47:59,14.20,102.76
1398,07/05/2026 22:02:59,14.03,28.06
1399,07/05/2026 22:17:59,13.98,4.80
1400,07/05/2026 22:32:59,14.24,0.21
1401,07/05/2026 22:47:59,14.11,0.00
1402,07/05/2026 23:02:59,14.07,0.00
1403,07/05/2026 23:17:59,13.98,0.00
1404,07/05/2026 23:32:59,14.28,0.00
1405,07/05/2026 23:47:59,14.50,0.00
1406,07/06/2026 00:02:59,14.50,0.00
1407,07/06/2026 00:17:59,14.58,0.00
1408,07/06/2026 00:32:59,14.63,0.00
1409,07/06/2026 00:47:59,14.58,0.00
1410,07/06/2026 01:02:59,14.50,0.00
1411,07/06/2026 01:17:59,14.54,0.00
1412,07/06/2026 01:32:59,14.58,0.00
1413,07/06/2026 01:47:59,14.58,0.00
1414,07/06/2026 02:02:59,14.54,0.00
1415,07/06/2026 02:17:59,14.54,0.00
1416,07/06/2026 02:32:59,14.58,0.00
1417,07/06/2026 02:47:59,14.41,0.00
1418,07/06/2026 03:02:59,14.54,0.00
1419,07/06/2026 03:17:59,14.07,0.00
1420,07/06/2026 03:32:59,14.54,0.00
1421,07/06/2026 03:47:59,14.58,0.00
1422,07/06/2026 04:02:59,14.54,0.00
1423,07/06/2026 04:17:59,14.41,1.31
1424,07/06/2026 04:32:59,14.37,10.32
1425,07/06/2026 04:47:59,14.37,51.82
1426,07/06/2026 05:02:59,14.41,190.64
1427,07/06/2026 05:17:59,14.45,463.84
1428,07/06/2026 05:32:59,14.41,911.04
1429,07/06/2026 05:47:59,14.37,1656.32
1430,07/06/2026 06:02:59,14.28,2216.96
1431,07/06/2026 06:17:59,14.45,4285.44
1432,07/06/2026 06:32:59,14.50,4486.40
1433,07/06/2026 06:47:59,14.63,5754.88
1434,07/06/2026 07:02:59,14.93,8007.68
1435,07/06/2026 07:17:59,15.18,10455.04
1436,07/06/2026 07:32:59,15.53,12887.04
1437,07/06/2026 07:47:59,15.78,11494.40
1438,07/06/2026 08:02:59,17.46,24043.52
1439,07/06/2026 08:17:59,19.60,40253.44
1440,07/06/2026 08:32:59,20.29,47022.08
1441,07/06/2026 08:47:59,22.05,48762.88
1442,07/06/2026 09:02:59,23.21,53186.56
1443,07/06/2026 09:17:59,26.08,57159.68
1444,07/06/2026 09:32:59,26.60,59084.80
1445,07/06/2026 09:47:59,26.51,58777.60
1446,07/06/2026 10:02:59,27.37,58286.08
1447,07/06/2026 10:17:59,27.71,59310.08
1448,07/06/2026 10:32:59,27.45,60456.96
1449,07/06/2026 10:47:59,27.41,62730.24
1450,07/06/2026 11:02:59,27.75,63569.92
1451,07/06/2026 11:17:59,29.90,65003.52
1452,07/06/2026 11:32:59,29.73,66887.68
1453,07/06/2026 11:47:59,30.41,67993.60
1454,07/06/2026 12:02:59,30.50,70451.20
1455,07/06/2026 12:17:59,22.01,59269.12
1456,07/06/2026 12:32:59,17.59,56094.72
1457,07/06/2026 12:47:59,17.76,54272.00
1458,07/06/2026 13:02:59,15.66,49070.08
1459,07/06/2026 13:17:59,13.90,54906.88
1460,07/06/2026 13:32:59,14.20,43724.80
1461,07/06/2026 13:47:59,14.07,44953.60
1462,07/06/2026 14:02:59,13.21,47206.40
1463,07/06/2026 14:17:59,13.34,51875.84
1464,07/06/2026 14:32:59,12.48,39516.16
1465,07/06/2026 14:47:59,12.48,45219.84
1466,07/06/2026 15:02:59,12.14,39127.04
1467,07/06/2026 15:17:59,11.88,34959.36
1468,07/06/2026 15:32:59,11.11,27934.72
1469,07/06/2026 15:47:59,10.64,25477.12
1470,07/06/2026 16:02:59,11.15,11008.00
1471,07/06/2026 16:17:59,12.05,20014.08
1472,07/06/2026 16:32:59,10.77,24422.40
1473,07/06/2026 16:47:59,10.12,20372.48
1474,07/06/2026 17:02:59,9.86,17326.08
1475,07/06/2026 17:17:59,10.55,9756.16
1476,07/06/2026 17:32:59,11.07,7436.80
1477,07/06/2026 17:47:59,11.71,5701.12
1478,07/06/2026 18:02:59,11.67,7439.36
1479,07/06/2026 18:17:59,9.99,5785.60
1480,07/06/2026 18:32:59,10.38,4807.68
1481,07/06/2026 18:47:59,10.42,6827.52
1482,07/06/2026 19:02:59,12.14,4183.04
1483,07/06/2026 19:17:59,11.97,4640.00
1484,07/06/2026 19:32:59,11.71,3781.12
1485,07/06/2026 19:47:59,11.67,4189.44
1486,07/06/2026 20:02:59,12.27,3528.96
1487,07/06/2026 20:17:59,13.60,2657.28
1488,07/06/2026 20:32:59,14.33,1998.72
1489,07/06/2026 20:47:59,14.88,1872.64
1490,07/06/2026 21:02:59,15.74,1253.76
1491,07/06/2026 21:17:59,16.08,783.04
1492,07/06/2026 21:32:59,16.73,387.36
1493,07/06/2026 21:47:59,16.99,127.44
1494,07/06/2026 22:02:59,17.03,28.99
1495,07/06/2026 22:17:59,17.16,5.67
1496,07/06/2026 22:32:59,17.03,0.65
1497,07/06/2026 22:47:59,16.90,0.00
1498,07/06/2026 23:02:59,16.43,0.00
1499,07/06/2026 23:17:59,16.47,0.00
1500,07/06/2026 23:32:59,16.39,0.00
1501,07/06/2026 23:47:59,16.08,0.00
1502,07/07/2026 00:02:59,16.04,0.00
1503,07/07/2026 00:17:59,16.00,0.00
1504,07/07/2026 00:32:59,16.04,0.00
1505,07/07/2026 00:47:59,16.04,0.00
1506,07/07/2026 01:02:59,16.00,0.00
1507,07/07/2026 01:17:59,15.91,0.00
1508,07/07/2026 01:32:59,15.83,0.00
1509,07/07/2026 01:47:59,15.83,0.00
1510,07/07/2026 02:02:59,15.78,0.00
1511,07/07/2026 02:17:59,15.74,0.00
1512,07/07/2026 02:32:59,15.70,0.00
1513,07/07/2026 02:47:59,15.57,0.00
1514,07/07/2026 03:02:59,15.48,0.00
1515,07/07/2026 03:17:59,15.31,0.00
1516,07/07/2026 03:32:59,14.80,0.00
1517,07/07/2026 03:47:59,13.81,0.00
1518,07/07/2026 04:02:59,13.17,0.00
1519,07/07/2026 04:17:59,12.48,1.52
1520,07/07/2026 04:32:59,12.22,9.85
1521,07/07/2026 04:47:59,12.01,40.84
1522,07/07/2026 05:02:59,11.88,132.56
1523,07/07/2026 05:17:59,11.49,393.60
1524,07/07/2026 05:32:59,11.41,518.40
1525,07/07/2026 05:47:59,11.67,902.08
1526,07/07/2026 06:02:59,10.64,789.76
1527,07/07/2026 06:17:59,10.38,1253.76
1528,07/07/2026 06:32:59,11.15,2202.88
1529,07/07/2026 06:47:59,10.42,2554.24
1530,07/07/2026 07:02:59,8.83,5126.40
1531,07/07/2026 07:17:59,8.58,4748.80
1532,07/07/2026 07:32:59,8.41,3434.24
1533,07/07/2026 07:47:59,8.32,3672.32
1534,07/07/2026 08:02:59,8.36,4020.48
1535,07/07/2026 08:17:59,8.58,3498.24
1536,07/07/2026 08:32:59,11.19,8785.92
1537,07/07/2026 08:47:59,13.12,10216.96
1538,07/07/2026 09:02:59,13.17,13009.92
1539,07/07/2026 09:17:59,14.45,20761.60
1540,07/07/2026 09:32:59,15.01,20546.56
1541,07/07/2026 09:47:59,15.40,24023.04
1542,07/07/2026 10:02:59,15.61,37027.84
1543,07/07/2026 10:17:59,15.10,29388.80
1544,07/07/2026 10:32:59,16.39,45322.24
1545,07/07/2026 10:47:59,15.31,25210.88
1546,07/07/2026 11:02:59,14.67,17863.68
1547,07/07/2026 11:17:59,16.17,40560.64
1548,07/07/2026 11:32:59,15.48,23173.12
1549,07/07/2026 11:47:59,15.18,13409.28
1550,07/07/2026 12:02:59,15.01,14361.60
1551,07/07/2026 12:17:59,16.08,46612.48
1552,07/07/2026 12:32:59,15.61,43315.20
1553,07/07/2026 12:47:59,15.27,42004.48
1554,07/07/2026 13:02:59,13.64,44728.32
1555,07/07/2026 13:17:59,13.12,49070.08
1556,07/07/2026 13:32:59,12.01,48783.36
1557,07/07/2026 13:47:59,11.07,30842.88
1558,07/07/2026 14:02:59,10.89,31559.68
1559,07/07/2026 14:17:59,11.97,35450.88
1560,07/07/2026 14:32:59,11.54,24350.72
1561,07/07/2026 14:47:59,11.84,31508.48
1562,07/07/2026 15:02:59,11.54,26439.68
1563,07/07/2026 15:17:59,11.71,31180.80
1564,07/07/2026 15:32:59,11.67,28016.64
1565,07/07/2026 15:47:59,11.75,20710.40
1566,07/07/2026 16:02:59,11.97,20925.44
1567,07/07/2026 16:17:59,11.54,20654.08
1568,07/07/2026 16:32:59,11.28,19128.32
1569,07/07/2026 16:47:59,11.37,17239.04
1570,07/07/2026 17:02:59,11.11,16256.00
1571,07/07/2026 17:17:59,10.72,19860.48
1572,07/07/2026 17:32:59,10.51,23449.60
1573,07/07/2026 17:47:59,9.95,11535.36
1574,07/07/2026 18:02:59,9.95,12692.48
1575,07/07/2026 18:17:59,10.12,12180.48
1576,07/07/2026 18:32:59,10.12,13286.40
1577,07/07/2026 18:47:59,10.42,6530.56
1578,07/07/2026 19:02:59,10.68,10731.52
1579,07/07/2026 19:17:59,10.85,6049.28
1580,07/07/2026 19:32:59,11.07,3682.56
1581,07/07/2026 19:47:59,10.89,2508.80
1582,07/07/2026 20:02:59,10.72,2486.40
1583,07/07/2026 20:17:59,10.81,1792.64
1584,07/07/2026 20:32:59,10.72,1037.76
1585,07/07/2026 20:47:59,10.77,724.48
1586,07/07/2026 21:02:59,10.81,351.20
1587,07/07/2026 21:17:59,10.81,221.20
1588,07/07/2026 21:32:59,11.11,93.92
1589,07/07/2026 21:47:59,11.49,33.36
1590,07/07/2026 22:02:59,11.71,12.06
1591,07/07/2026 22:17:59,11.67,2.18
1592,07/07/2026 22:32:59,11.41,0.21
1593,07/07/2026 22:47:59,11.15,0.00
1594,07/07/2026 23:02:59,11.07,0.00
1595,07/07/2026 23:17:59,11.58,0.00
1596,07/07/2026 23:32:59,12.74,0.00
1597,07/07/2026 23:47:59,13.00,0.00
1598,07/08/2026 00:02:59,13.21,0.00
1599,07/08/2026 00:17:59,13.30,0.00
1600,07/08/2026 00:32:59,13.08,0.00
1601,07/08/2026 00:47:59,13.08,0.00
1602,07/08/2026 01:02:59,12.95,0.00
1603,07/08/2026 01:17:59,13.00,0.00
1604,07/08/2026 01:32:59,13.04,0.00
1605,07/08/2026 01:47:59,13.08,0.00
1606,07/08/2026 02:02:59,13.04,0.00
1607,07/08/2026 02:17:59,13.04,0.00
1608,07/08/2026 02:32:59,13.04,0.00
1609,07/08/2026 02:47:59,13.04,0.00
1610,07/08/2026 03:02:59,13.08,0.00
1611,07/08/2026 03:17:59,13.12,0.00
1612,07/08/2026 03:32:59,13.21,0.00
1613,07/08/2026 03:47:59,13.21,0.00
1614,07/08/2026 04:02:59,11.41,0.00
1615,07/08/2026 04:17:59,10.94,0.65
1616,07/08/2026 04:32:59,11.28,6.98
1617,07/08/2026 04:47:59,11.11,35.11
1618,07/08/2026 05:02:59,10.81,115.08
1619,07/08/2026 05:17:59,10.81,266.88
1620,07/08/2026 05:32:59,10.98,460.80
1621,07/08/2026 05:47:59,10.72,759.04
1622,07/08/2026 06:02:59,10.85,1393.92
1623,07/08/2026 06:17:59,10.94,1246.72
1624,07/08/2026 06:32:59,10.89,1731.20
1625,07/08/2026 06:47:59,10.94,1829.12
1626,07/08/2026 07:02:59,11.02,4280.32
1627,07/08/2026 07:17:59,10.85,2723.84
1628,07/08/2026 07:32:59,10.81,3672.32
1629,07/08/2026 07:47:59,11.15,5248.00
1630,07/08/2026 08:02:59,11.24,5895.68
1631,07/08/2026 08:17:59,11.11,4469.76
1632,07/08/2026 08:32:59,11.58,15334.40
1633,07/08/2026 08:47:59,10.72,8476.16
1634,07/08/2026 09:02:59,11.37,19553.28
1635,07/08/2026 09:17:59,11.62,31365.12
1636,07/08/2026 09:32:59,11.71,24924.16
1637,07/08/2026 09:47:59,11.79,16921.60
1638,07/08/2026 10:02:59,11.49,14243.84
1639,07/08/2026 10:17:59,12.52,22231.04
1640,07/08/2026 10:32:59,11.71,11356.16
1641,07/08/2026 10:47:59,11.19,8540.16
1642,07/08/2026 11:02:59,10.68,9433.60
1643,07/08/2026 11:17:59,10.72,7393.28
1644,07/08/2026 11:32:59,10.68,15313.92
1645,07/08/2026 11:47:59,10.81,16138.24
1646,07/08/2026 12:02:59,11.49,22773.76
1647,07/08/2026 12:17:59,11.92,17228.80
1648,07/08/2026 12:32:59,12.65,30720.00
1649,07/08/2026 12:47:59,13.17,31754.24
1650,07/08/2026 13:02:59,13.43,27699.20
1651,07/08/2026 13:17:59,13.30,31795.20
1652,07/08/2026 13:32:59,13.04,16092.16
1653,07/08/2026 13:47:59,12.74,17285.12
1654,07/08/2026 14:02:59,12.31,15124.48
1655,07/08/2026 14:17:59,11.92,27392.00
1656,07/08/2026 14:32:59,11.92,28416.00
1657,07/08/2026 14:47:59,11.79,19322.88
1658,07/08/2026 15:02:59,11.71,23889.92
1659,07/08/2026 15:17:59,11.37,25026.56
1660,07/08/2026 15:32:59,11.15,24811.52
1661,07/08/2026 15:47:59,10.85,17597.44
1662,07/08/2026 16:02:59,10.98,17315.84
1663,07/08/2026 16:17:59,10.85,14981.12
1664,07/08/2026 16:32:59,10.85,13957.12
1665,07/08/2026 16:47:59,10.85,14981.12
1666,07/08/2026 17:02:59,10.94,12672.00
1667,07/08/2026 17:17:59,10.72,12119.04
1668,07/08/2026 17:32:59,10.29,5049.60
1669,07/08/2026 17:47:59,10.51,12011.52
1670,07/08/2026 18:02:59,10.12,5268.48
1671,07/08/2026 18:17:59,9.65,5905.92
1672,07/08/2026 18:32:59,10.04,6274.56
1673,07/08/2026 18:47:59,10.51,5537.28
1674,07/08/2026 19:02:59,10.51,4794.88
1675,07/08/2026 19:17:59,10.29,1723.52
1676,07/08/2026 19:32:59,9.86,1299.20
1677,07/08/2026 19:47:59,9.86,872.64
1678,07/08/2026 20:02:59,9.95,392.64
1679,07/08/2026 20:17:59,9.91,528.48
1680,07/08/2026 20:32:59,9.82,393.60
1681,07/08/2026 20:47:59,10.68,431.04
1682,07/08/2026 21:02:59,11.02,492.64
1683,07/08/2026 21:17:59,11.19,174.56
1684,07/08/2026 21:32:59,11.49,117.60
1685,07/08/2026 21:47:59,12.14,36.85
1686,07/08/2026 22:02:59,13.43,6.36
1687,07/08/2026 22:17:59,13.64,0.43
1688,07/08/2026 22:32:59,13.51,0.00
1689,07/08/2026 22:47:59,13.25,0.00
1690,07/08/2026 23:02:59,13.08,0.00
1691,07/08/2026 23:17:59,12.74,0.00
1692,07/08/2026 23:32:59,12.74,0.00
1693,07/08/2026 23:47:59,12.35,0.00
1694,07/09/2026 00:02:59,12.22,0.00
1695,07/09/2026 00:17:59,12.01,0.00
1696,07/09/2026 00:32:59,11.92,0.00
1697,07/09/2026 00:47:59,12.52,0.00
1698,07/09/2026 01:02:59,12.44,0.00
1699,07/09/2026 01:17:59,12.27,0.00
1700,07/09/2026 01:32:59,12.61,0.00
1701,07/09/2026 01:47:59,12.14,0.00
1702,07/09/2026 02:02:59,12.14,0.00
1703,07/09/2026 02:17:59,12.10,0.00
1704,07/09/2026 02:32:59,12.01,0.00
1705,07/09/2026 02:47:59,11.92,0.00
1706,07/09/2026 03:02:59,11.92,0.00
1707,07/09/2026 03:17:59,11.92,0.00
1708,07/09/2026 03:32:59,11.84,0.00
1709,07/09/2026 03:47:59,11.71,0.00
1710,07/09/2026 04:02:59,11.84,0.00
1711,07/09/2026 04:17:59,11.84,0.00
1712,07/09/2026 04:32:59,11.84,1.31
1713,07/09/2026 04:47:59,11.88,11.38
1714,07/09/2026 05:02:59,11.92,34.23
1715,07/09/2026 05:17:59,11.92,86.92
1716,07/09/2026 05:32:59,12.01,122.96
1717,07/09/2026 05:47:59,12.01,218.64
1718,07/09/2026 06:02:59,11.84,446.88
1719,07/09/2026 06:17:59,11.67,675.20
1720,07/09/2026 06:32:59,11.71,824.64
1721,07/09/2026 06:47:59,11.75,1063.04
1722,07/09/2026 07:02:59,11.71,940.80
1723,07/09/2026 07:17:59,11.75,880.64
1724,07/09/2026 07:32:59,11.79,1191.68
1725,07/09/2026 07:47:59,11.88,1393.28
1726,07/09/2026 08:02:59,12.27,1016.00
1727,07/09/2026 08:17:59,12.40,1398.40
1728,07/09/2026 08:32:59,12.82,2638.08
1729,07/09/2026 08:47:59,13.00,2708.48
1730,07/09/2026 09:02:59,13.12,2786.56
1731,07/09/2026 09:17:59,13.25,3735.04
1732,07/09/2026 09:32:59,13.34,3997.44
1733,07/09/2026 09:47:59,13.60,3237.12
1734,07/09/2026 10:02:59,13.47,2786.56
1735,07/09/2026 10:17:59,13.73,3589.12
1736,07/09/2026 10:32:59,14.07,3791.36
1737,07/09/2026 10:47:59,14.07,4556.80
1738,07/09/2026 11:02:59,14.07,4043.52
1739,07/09/2026 11:17:59,14.20,4021.76
1740,07/09/2026 11:32:59,14.28,4213.76
1741,07/09/2026 11:47:59,14.45,5094.40
1742,07/09/2026 12:02:59,14.80,3773.44
1743,07/09/2026 12:17:59,14.84,4088.32
1744,07/09/2026 12:32:59,14.63,7925.76
1745,07/09/2026 12:47:59,14.45,7749.12
1746,07/09/2026 13:02:59,14.15,9126.40
1747,07/09/2026 13:17:59,14.33,6443.52
1748,07/09/2026 13:32:59,14.50,7219.20
1749,07/09/2026 13:47:59,14.50,7408.64
1750,07/09/2026 14:02:59,14.58,6415.36
1751,07/09/2026 14:17:59,14.50,6192.64
1752,07/09/2026 14:32:59,14.11,8217.60
1753,07/09/2026 14:47:59,13.47,8043.52
1754,07/09/2026 15:02:59,13.25,6069.76
1755,07/09/2026 15:17:59,12.48,5056.00
1756,07/09/2026 15:32:59,12.31,5432.32
1757,07/09/2026 15:47:59,12.31,3436.80
1758,07/09/2026 16:02:59,12.78,3192.32
1759,07/09/2026 16:17:59,12.40,3380.48
1760,07/09/2026 16:32:59,12.44,2344.96
1761,07/09/2026 16:47:59,12.27,2826.24
1762,07/09/2026 17:02:59,12.31,2156.16
1763,07/09/2026 17:17:59,11.97,2128.00
1764,07/09/2026 17:32:59,11.79,1988.48
1765,07/09/2026 17:47:59,11.49,2208.64
1766,07/09/2026 18:02:59,11.15,2630.40
1767,07/09/2026 18:17:59,11.11,3777.28
1768,07/09/2026 18:32:59,11.28,4825.60
1769,07/09/2026 18:47:59,11.11,2667.52
1770,07/09/2026 19:02:59,11.07,4322.56
1771,07/09/2026 19:17:59,11.07,4175.36
1772,07/09/2026 19:32:59,11.11,2060.16
1773,07/09/2026 19:47:59,11.19,1879.68
1774,07/09/2026 20:02:59,11.32,1822.08
1775,07/09/2026 20:17:59,11.11,1996.80
1776,07/09/2026 20:32:59,11.58,1083.20
1777,07/09/2026 20:47:59,12.57,722.24
1778,07/09/2026 21:02:59,12.82,480.48
1779,07/09/2026 21:17:59,13.04,263.36
1780,07/09/2026 21:32:59,13.00,144.04
1781,07/09/2026 21:47:59,13.08,50.06
1782,07/09/2026 22:02:59,13.08,11.16
1783,07/09/2026 22:17:59,12.65,1.31
1784,07/09/2026 22:32:59,12.82,0.00
1785,07/09/2026 22:47:59,12.87,0.00
1786,07/09/2026 23:02:59,12.78,0.00
1787,07/09/2026 23:17:59,12.87,0.00
1788,07/09/2026 23:32:59,12.87,0.00
1789,07/09/2026 23:47:59,12.82,0.00
1790,07/10/2026 00:02:59,13.00,0.00
1791,07/10/2026 00:17:59,13.00,0.00
1792,07/10/2026 00:32:59,13.00,0.00
1793,07/10/2026 00:47:59,13.08,0.00
1794,07/10/2026 01:02:59,13.04,0.00
1795,07/10/2026 01:17:59,13.12,0.00
1796,07/10/2026 01:32:59,13.12,0.00
1797,07/10/2026 01:47:59,13.00,0.00
1798,07/10/2026 02:02:59,13.08,0.00
1799,07/10/2026 02:17:59,13.00,0.00
1800,07/10/2026 02:32:59,13.00,0.00
1801,07/10/2026 02:47:59,12.82,0.00
1802,07/10/2026 03:02:59,13.00,0.00
1803,07/10/2026 03:17:59,13.12,0.00
1804,07/10/2026 03:32:59,13.17,0.00
1805,07/10/2026 03:47:59,13.08,0.00
1806,07/10/2026 04:02:59,12.91,0.00
1807,07/10/2026 04:17:59,12.87,0.00
1808,07/10/2026 04:32:59,12.70,4.58
1809,07/10/2026 04:47:59,12.22,24.13
1810,07/10/2026 05:02:59,11.54,93.04
1811,07/10/2026 05:17:59,11.37,225.84
1812,07/10/2026 05:32:59,11.24,436.32
1813,07/10/2026 05:47:59,11.07,695.36
1814,07/10/2026 06:02:59,10.89,1056.00
1815,07/10/2026 06:17:59,11.07,1438.08
1816,07/10/2026 06:32:59,10.94,1948.16
1817,07/10/2026 06:47:59,10.81,1885.44
1818,07/10/2026 07:02:59,10.46,1890.56
1819,07/10/2026 07:17:59,10.29,2606.72
1820,07/10/2026 07:32:59,10.34,3270.40
1821,07/10/2026 07:47:59,10.94,3843.84
1822,07/10/2026 08:02:59,11.07,5192.96
1823,07/10/2026 08:17:59,11.02,5342.72
1824,07/10/2026 08:32:59,11.02,6080.00
1825,07/10/2026 08:47:59,10.85,4720.64
1826,07/10/2026 09:02:59,11.45,11571.20
1827,07/10/2026 09:17:59,11.62,10516.48
1828,07/10/2026 09:32:59,11.75,14208.00
1829,07/10/2026 09:47:59,12.10,20377.60
1830,07/10/2026 10:02:59,12.44,19020.80
1831,07/10/2026 10:17:59,12.95,20142.08
1832,07/10/2026 10:32:59,13.25,12605.44
1833,07/10/2026 10:47:59,13.47,24227.84
1834,07/10/2026 11:02:59,13.55,23859.20
1835,07/10/2026 11:17:59,13.64,25937.92
1836,07/10/2026 11:32:59,13.68,24125.44
1837,07/10/2026 11:47:59,14.11,26419.20
1838,07/10/2026 12:02:59,13.94,22538.24
1839,07/10/2026 12:17:59,13.94,30341.12
1840,07/10/2026 12:32:59,14.07,26767.36
1841,07/10/2026 12:47:59,13.43,28948.48
1842,07/10/2026 13:02:59,13.25,25477.12
1843,07/10/2026 13:17:59,13.38,27699.20
1844,07/10/2026 13:32:59,13.21,27729.92
1845,07/10/2026 13:47:59,13.30,24995.84
1846,07/10/2026 14:02:59,13.25,29532.16
1847,07/10/2026 14:17:59,13.04,34877.44
1848,07/10/2026 14:32:59,12.95,30648.32
1849,07/10/2026 14:47:59,12.87,18693.12
1850,07/10/2026 15:02:59,12.65,24371.20
1851,07/10/2026 15:17:59,12.40,19568.64
1852,07/10/2026 15:32:59,12.44,16977.92
1853,07/10/2026 15:47:59,12.95,19660.80
1854,07/10/2026 16:02:59,13.04,18826.24
1855,07/10/2026 16:17:59,13.38,16414.72
1856,07/10/2026 16:32:59,13.73,13035.52
1857,07/10/2026 16:47:59,13.98,11781.12
1858,07/10/2026 17:02:59,13.04,12195.84
1859,07/10/2026 17:17:59,11.41,8883.20
1860,07/10/2026 17:32:59,10.85,9538.56
1861,07/10/2026 17:47:59,11.32,9029.12
1862,07/10/2026 18:02:59,10.85,7247.36
1863,07/10/2026 18:17:59,10.08,6077.44
1864,07/10/2026 18:32:59,9.69,5171.20
1865,07/10/2026 18:47:59,11.11,5122.56
1866,07/10/2026 19:02:59,11.37,4168.96
1867,07/10/2026 19:17:59,12.22,3767.04
1868,07/10/2026 19:32:59,11.54,2667.52
1869,07/10/2026 19:47:59,9.31,1551.36
1870,07/10/2026 20:02:59,10.46,1620.48
1871,07/10/2026 20:17:59,12.44,973.12
1872,07/10/2026 20:32:59,12.48,839.04
1873,07/10/2026 20:47:59,12.82,666.88
1874,07/10/2026 21:02:59,12.95,484.80
1875,07/10/2026 21:17:59,13.12,291.60
1876,07/10/2026 21:32:59,13.34,139.68
1877,07/10/2026 21:47:59,13.47,47.44
1878,07/10/2026 22:02:59,13.55,10.32
1879,07/10/2026 22:17:59,13.73,1.31
1880,07/10/2026 22:32:59,14.03,0.00
1881,07/10/2026 22:47:59,14.45,0.00
1882,07/10/2026 23:02:59,14.58,0.00
1883,07/10/2026 23:17:59,14.45,0.00
1884,07/10/2026 23:32:59,14.50,0.00
1885,07/10/2026 23:47:59,14.45,0.00
1886,07/11/2026 00:02:59,14.58,0.00
1887,07/11/2026 00:17:59,14.71,0.00
1888,07/11/2026 00:32:59,14.84,0.00
1889,07/11/2026 00:47:59,14.97,0.00
1890,07/11/2026 01:02:59,14.80,0.00
1891,07/11/2026 01:17:59,14.75,0.00
1892,07/11/2026 01:32:59,14.67,0.00
1893,07/11/2026 01:47:59,14.67,0.00
1894,07/11/2026 02:02:59,14.67,0.00
1895,07/11/2026 02:17:59,14.75,0.00
1896,07/11/2026 02:32:59,14.67,0.00
1897,07/11/2026 02:47:59,14.67,0.00
1898,07/11/2026 03:02:59,14.71,0.00
1899,07/11/2026 03:17:59,14.45,0.00
1900,07/11/2026 03:32:59,14.45,0.00
1901,07/11/2026 03:47:59,14.50,0.00
1902,07/11/2026 04:02:59,14.28,0.00
1903,07/11/2026 04:17:59,14.41,0.65
1904,07/11/2026 04:32:59,14.45,6.79
1905,07/11/2026 04:47:59,14.41,35.60
1906,07/11/2026 05:02:59,14.41,123.92
1907,07/11/2026 05:17:59,14.63,300.48
1908,07/11/2026 05:32:59,14.63,537.76
1909,07/11/2026 05:47:59,15.10,840.32
1910,07/11/2026 06:02:59,15.48,1240.64
1911,07/11/2026 06:17:59,15.53,1719.04
1912,07/11/2026 06:32:59,15.48,2336.00
1913,07/11/2026 06:47:59,15.14,3063.04
1914,07/11/2026 07:02:59,15.01,3759.36
1915,07/11/2026 07:17:59,14.80,4962.56
1916,07/11/2026 07:32:59,14.80,6039.04
1917,07/11/2026 07:47:59,14.84,6865.92
1918,07/11/2026 08:02:59,14.93,7930.88
1919,07/11/2026 08:17:59,15.31,9134.08
1920,07/11/2026 08:32:59,15.31,10301.44
1921,07/11/2026 08:47:59,15.53,12175.36
1922,07/11/2026 09:02:59,16.30,12195.84
1923,07/11/2026 09:17:59,16.60,14136.32
1924,07/11/2026 09:32:59,16.77,15820.80
1925,07/11/2026 09:47:59,16.81,17822.72
1926,07/11/2026 10:02:59,16.43,19200.00
1927,07/11/2026 10:17:59,16.56,24985.60
1928,07/11/2026 10:32:59,16.56,26030.08
1929,07/11/2026 10:47:59,16.13,22855.68
1930,07/11/2026 11:02:59,16.21,22343.68
1931,07/11/2026 11:17:59,16.21,35850.24
1932,07/11/2026 11:32:59,16.21,20070.40
1933,07/11/2026 11:47:59,15.74,40130.56
1934,07/11/2026 12:02:59,15.48,36270.08
1935,07/11/2026 12:17:59,16.04,35123.20
1936,07/11/2026 12:32:59,16.34,34242.56
1937,07/11/2026 12:47:59,15.78,35686.40
1938,07/11/2026 13:02:59,15.78,35624.96
1939,07/11/2026 13:17:59,16.30,43212.80
1940,07/11/2026 13:32:59,15.70,47513.60
1941,07/11/2026 13:47:59,15.31,33054.72
1942,07/11/2026 14:02:59,14.58,28733.44
1943,07/11/2026 14:17:59,13.30,46305.28
1944,07/11/2026 14:32:59,12.61,25425.92
1945,07/11/2026 14:47:59,12.31,39475.20
1946,07/11/2026 15:02:59,12.91,27566.08
1947,07/11/2026 15:17:59,11.84,27136.00
1948,07/11/2026 15:32:59,11.37,26613.76
1949,07/11/2026 15:47:59,13.43,25671.68
1950,07/11/2026 16:02:59,13.64,24678.40
1951,07/11/2026 16:17:59,14.37,21166.08
1952,07/11/2026 16:32:59,14.97,21350.40
1953,07/11/2026 16:47:59,14.93,21800.96
1954,07/11/2026 17:02:59,14.84,14044.16
1955,07/11/2026 17:17:59,14.80,17141.76
1956,07/11/2026 17:32:59,14.84,12241.92
1957,07/11/2026 17:47:59,14.75,12549.12
1958,07/11/2026 18:02:59,14.45,10685.44
1959,07/11/2026 18:17:59,14.45,9049.60
1960,07/11/2026 18:32:59,12.48,7429.12
1961,07/11/2026 18:47:59,11.71,5608.96
1962,07/11/2026 19:02:59,12.82,3906.56
1963,07/11/2026 19:17:59,13.68,4780.80
1964,07/11/2026 19:32:59,13.30,3801.60
1965,07/11/2026 19:47:59,13.77,2711.04
1966,07/11/2026 20:02:59,12.91,2336.00
1967,07/11/2026 20:17:59,12.40,1208.32
1968,07/11/2026 20:32:59,12.52,977.60
1969,07/11/2026 20:47:59,12.82,872.64
1970,07/11/2026 21:02:59,13.00,642.56
1971,07/11/2026 21:17:59,13.30,350.24
1972,07/11/2026 21:32:59,13.34,144.04
1973,07/11/2026 21:47:59,13.73,46.52
1974,07/11/2026 22:02:59,16.13,8.76
1975,07/11/2026 22:17:59,16.77,1.31
1976,07/11/2026 22:32:59,17.33,0.00
1977,07/11/2026 22:47:59,17.24,0.00
1978,07/11/2026 23:02:59,17.03,0.00
1979,07/11/2026 23:17:59,16.77,0.00
1980,07/11/2026 23:32:59,16.77,0.00
1981,07/11/2026 23:47:59,16.77,0.00
1982,07/12/2026 00:02:59,16.60,0.00
1983,07/12/2026 00:17:59,16.60,0.00
1984,07/12/2026 00:32:59,16.81,0.00
1985,07/12/2026 00:47:59,16.73,0.00
1986,07/12/2026 01:02:59,16.64,0.00
1987,07/12/2026 01:17:59,16.56,0.00
1988,07/12/2026 01:32:59,16.51,0.00
1989,07/12/2026 01:47:59,16.56,0.00
1990,07/12/2026 02:02:59,16.56,0.00
1991,07/12/2026 02:17:59,16.47,0.00
1992,07/12/2026 02:32:59,16.56,0.00
1993,07/12/2026 02:47:59,16.47,0.00
1994,07/12/2026 03:02:59,16.43,0.00
1995,07/12/2026 03:17:59,16.39,0.00
1996,07/12/2026 03:32:59,16.39,0.00
1997,07/12/2026 03:47:59,16.34,0.00
1998,07/12/2026 04:02:59,16.39,0.00
1999,07/12/2026 04:17:59,16.43,0.87
2000,07/12/2026 04:32:59,16.34,6.11
2001,07/12/2026 04:47:59,16.30,31.61
2002,07/12/2026 05:02:59,16.30,111.60
2003,07/12/2026 05:17:59,16.30,333.92
2004,07/12/2026 05:32:59,16.26,513.28
2005,07/12/2026 05:47:59,16.30,798.40
2006,07/12/2026 06:02:59,16.34,1186.24
2007,07/12/2026 06:17:59,16.34,1436.16
2008,07/12/2026 06:32:59,16.30,2053.12
2009,07/12/2026 06:47:59,16.30,2390.40
2010,07/12/2026 07:02:59,16.39,5003.52
2011,07/12/2026 07:17:59,16.30,4340.48
2012,07/12/2026 07:32:59,16.26,4769.28
2013,07/12/2026 07:47:59,16.26,8394.24
2014,07/12/2026 08:02:59,15.91,9497.60
2015,07/12/2026 08:17:59,15.87,10183.68
2016,07/12/2026 08:32:59,15.91,11381.76
2017,07/12/2026 08:47:59,15.83,12564.48
2018,07/12/2026 09:02:59,15.66,12088.32
2019,07/12/2026 09:17:59,15.31,12887.04
2020,07/12/2026 09:32:59,15.18,13419.52
2021,07/12/2026 09:47:59,14.67,15037.44
2022,07/12/2026 10:02:59,14.63,15575.04
2023,07/12/2026 10:17:59,14.97,13081.60
2024,07/12/2026 10:32:59,14.80,9113.60
2025,07/12/2026 10:47:59,14.80,9149.44
2026,07/12/2026 11:02:59,14.54,13009.92
2027,07/12/2026 11:17:59,15.01,12083.20
2028,07/12/2026 11:32:59,14.20,17674.24
2029,07/12/2026 11:47:59,14.28,13506.56
2030,07/12/2026 12:02:59,14.84,30074.88
2031,07/12/2026 12:17:59,14.33,16865.28
2032,07/12/2026 12:32:59,14.63,23992.32
2033,07/12/2026 12:47:59,15.70,26439.68
2034,07/12/2026 13:02:59,15.40,21514.24
2035,07/12/2026 13:17:59,16.13,21370.88
2036,07/12/2026 13:32:59,15.87,15221.76
2037,07/12/2026 13:47:59,15.83,30054.40
2038,07/12/2026 14:02:59,15.06,14080.00
2039,07/12/2026 14:17:59,15.10,21381.12
2040,07/12/2026 14:32:59,14.75,23193.60
2041,07/12/2026 14:47:59,15.06,23080.96
2042,07/12/2026 15:02:59,14.67,28119.04
2043,07/12/2026 15:17:59,14.11,25886.72
2044,07/12/2026 15:32:59,14.11,22149.12
2045,07/12/2026 15:47:59,14.67,25190.40
2046,07/12/2026 16:02:59,14.93,22394.88
2047,07/12/2026 16:17:59,15.23,18329.60
2048,07/12/2026 16:32:59,14.63,22405.12
2049,07/12/2026 16:47:59,14.37,21893.12
2050,07/12/2026 17:02:59,14.28,23490.56
2051,07/12/2026 17:17:59,14.33,17996.80
2052,07/12/2026 17:32:59,13.94,9896.96
2053,07/12/2026 17:47:59,13.77,10762.24
2054,07/12/2026 18:02:59,13.30,10501.12
2055,07/12/2026 18:17:59,12.65,8811.52
2056,07/12/2026 18:32:59,12.48,5908.48
2057,07/12/2026 18:47:59,13.25,4643.84
2058,07/12/2026 19:02:59,13.60,2149.12
2059,07/12/2026 19:17:59,13.81,2136.96
2060,07/12/2026 19:32:59,13.25,2257.28
2061,07/12/2026 19:47:59,13.77,2844.16
2062,07/12/2026 20:02:59,14.15,1064.00
2063,07/12/2026 20:17:59,14.58,216.00
2064,07/12/2026 20:32:59,14.41,153.64
2065,07/12/2026 20:47:59,13.38,241.52
2066,07/12/2026 21:02:59,14.84,116.84
2067,07/12/2026 21:17:59,15.40,108.88
2068,07/12/2026 21:32:59,15.70,54.44
2069,07/12/2026 21:47:59,16.34,16.49
2070,07/12/2026 22:02:59,16.81,3.27
2071,07/12/2026 22:17:59,17.16,0.21
2072,07/12/2026 22:32:59,17.24,0.00
2073,07/12/2026 22:47:59,17.41,0.00
2074,07/12/2026 23:02:59,17.41,0.00
2075,07/12/2026 23:17:59,17.54,0.00
2076,07/12/2026 23:32:59,17.54,0.00
2077,07/12/2026 23:47:59,17.50,0.00
2078,07/13/2026 00:02:59,17.41,0.00
2079,07/13/2026 00:17:59,17.37,0.00
2080,07/13/2026 00:32:59,16.99,0.00
2081,07/13/2026 00:47:59,16.94,0.00
2082,07/13/2026 01:02:59,17.20,0.00
2083,07/13/2026 01:17:59,17.20,0.00
2084,07/13/2026 01:32:59,17.11,0.00
2085,07/13/2026 01:47:59,17.07,0.00
2086,07/13/2026 02:02:59,16.86,0.00
2087,07/13/2026 02:17:59,17.16,0.00
2088,07/13/2026 02:32:59,17.16,0.00
2089,07/13/2026 02:47:59,17.50,0.00
2090,07/13/2026 03:02:59,17.46,0.00
2091,07/13/2026 03:17:59,17.46,0.00
2092,07/13/2026 03:32:59,17.41,0.00
2093,07/13/2026 03:47:59,17.54,0.00
2094,07/13/2026 04:02:59,17.33,0.00
2095,07/13/2026 04:17:59,17.33,0.65
2096,07/13/2026 04:32:59,17.54,5.46
2097,07/13/2026 04:47:59,17.63,28.99
2098,07/13/2026 05:02:59,17.54,133.56
2099,07/13/2026 05:17:59,17.59,281.92
2100,07/13/2026 05:32:59,17.24,615.84
2101,07/13/2026 05:47:59,16.99,1056.00
2102,07/13/2026 06:02:59,16.69,1315.20
2103,07/13/2026 06:17:59,16.86,2336.00
2104,07/13/2026 06:32:59,17.03,3962.88
2105,07/13/2026 06:47:59,17.11,4465.92
2106,07/13/2026 07:02:59,17.24,5447.68
2107,07/13/2026 07:17:59,17.33,6799.36
2108,07/13/2026 07:32:59,17.46,7226.88
2109,07/13/2026 07:47:59,17.37,6988.80
2110,07/13/2026 08:02:59,17.41,9756.16
2111,07/13/2026 08:17:59,17.16,10864.64
2112,07/13/2026 08:32:59,16.90,10675.20
2113,07/13/2026 08:47:59,16.81,11719.68
2114,07/13/2026 09:02:59,17.07,13496.32
2115,07/13/2026 09:17:59,16.81,15718.40
2116,07/13/2026 09:32:59,16.30,16327.68
2117,07/13/2026 09:47:59,16.17,19072.00
2118,07/13/2026 10:02:59,15.91,17669.12
2119,07/13/2026 10:17:59,14.71,20915.20
2120,07/13/2026 10:32:59,14.03,22425.60
2121,07/13/2026 10:47:59,13.98,26613.76
2122,07/13/2026 11:02:59,14.07,25364.48
2123,07/13/2026 11:17:59,13.94,25784.32
2124,07/13/2026 11:32:59,14.75,22609.92
2125,07/13/2026 11:47:59,14.97,21463.04
2126,07/13/2026 12:02:59,14.37,15073.28
2127,07/13/2026 12:17:59,13.98,18406.40
2128,07/13/2026 12:32:59,13.77,19333.12
2129,07/13/2026 12:47:59,13.43,10245.12
2130,07/13/2026 13:02:59,14.63,17177.60
2131,07/13/2026 13:17:59,13.98,5221.12
2132,07/13/2026 13:32:59,13.81,4522.24
2133,07/13/2026 13:47:59,14.45,15590.40
2134,07/13/2026 14:02:59,15.18,20761.60
2135,07/13/2026 14:17:59,14.28,13629.44
2136,07/13/2026 14:32:59,14.07,9630.72
2137,07/13/2026 14:47:59,13.94,17966.08
2138,07/13/2026 15:02:59,13.90,10501.12
2139,07/13/2026 15:17:59,13.68,6702.08
2140,07/13/2026 15:32:59,13.60,10083.84
2141,07/13/2026 15:47:59,13.47,12088.32
2142,07/13/2026 16:02:59,13.38,11038.72
2143,07/13/2026 16:17:59,13.25,10777.60
2144,07/13/2026 16:32:59,12.78,9274.88
2145,07/13/2026 16:47:59,12.82,8120.32
2146,07/13/2026 17:02:59,12.70,8302.08
2147,07/13/2026 17:17:59,12.74,5841.92
2148,07/13/2026 17:32:59,12.78,4211.20
2149,07/13/2026 17:47:59,12.82,4078.08
2150,07/13/2026 18:02:59,12.61,906.88
2151,07/13/2026 18:17:59,12.48,283.68
2152,07/13/2026 18:32:59,12.52,552.96
2153,07/13/2026 18:47:59,12.52,884.16
2154,07/13/2026 19:02:59,12.61,2306.56
2155,07/13/2026 19:17:59,12.82,1321.60
2156,07/13/2026 19:32:59,12.70,252.00
2157,07/13/2026 19:47:59,12.74,268.64
2158,07/13/2026 20:02:59,12.78,382.88
2159,07/13/2026 20:17:59,12.82,743.68
2160,07/13/2026 20:32:59,12.78,889.28
2161,07/13/2026 20:47:59,12.70,259.92
2162,07/13/2026 21:02:59,12.74,93.04
2163,07/13/2026 21:17:59,12.65,71.08
2164,07/13/2026 21:32:59,12.61,26.32
2165,07/13/2026 21:47:59,12.57,7.23
2166,07/13/2026 22:02:59,12.65,0.21
2167,07/13/2026 22:17:59,12.65,0.00
2168,07/13/2026 22:32:59,12.57,0.00
2169,07/13/2026 22:47:59,12.44,0.00
2170,07/13/2026 23:02:59,12.31,0.00
2171,07/13/2026 23:17:59,12.52,0.00
2172,07/13/2026 23:32:59,13.00,0.00
2173,07/13/2026 23:47:59,13.51,0.00
2174,07/14/2026 00:02:59,13.04,0.00
2175,07/14/2026 00:17:59,13.08,0.00
2176,07/14/2026 00:32:59,14.67,0.00
2177,07/14/2026 00:47:59,15.44,0.00
2178,07/14/2026 01:02:59,15.57,0.00
2179,07/14/2026 01:17:59,15.57,0.00
2180,07/14/2026 01:32:59,13.81,0.00
2181,07/14/2026 01:47:59,13.17,0.00
2182,07/14/2026 02:02:59,13.68,0.00
2183,07/14/2026 02:17:59,12.91,0.00
2184,07/14/2026 02:32:59,13.25,0.00
2185,07/14/2026 02:47:59,13.43,0.00
2186,07/14/2026 03:02:59,13.38,0.00
2187,07/14/2026 03:17:59,13.12,0.00
2188,07/14/2026 03:32:59,13.21,0.00
2189,07/14/2026 03:47:59,12.44,0.00
2190,07/14/2026 04:02:59,13.38,0.00
2191,07/14/2026 04:17:59,12.01,0.00
2192,07/14/2026 04:32:59,12.78,3.93
2193,07/14/2026 04:47:59,12.87,20.61
2194,07/14/2026 05:02:59,13.73,80.80
2195,07/14/2026 05:17:59,14.11,205.52
2196,07/14/2026 05:32:59,14.33,473.44
2197,07/14/2026 05:47:59,14.45,745.60
2198,07/14/2026 06:02:59,14.15,1213.44
2199,07/14/2026 06:17:59,13.73,1596.16
2200,07/14/2026 06:32:59,14.03,1963.52
2201,07/14/2026 06:47:59,14.15,2909.44
2202,07/14/2026 07:02:59,14.11,3569.92
2203,07/14/2026 07:17:59,14.37,4290.56
2204,07/14/2026 07:32:59,14.41,5831.68
2205,07/14/2026 07:47:59,14.45,5440.00
2206,07/14/2026 08:02:59,14.63,6374.40
2207,07/14/2026 08:17:59,14.71,8112.64
2208,07/14/2026 08:32:59,14.80,9489.92
2209,07/14/2026 08:47:59,14.67,3045.12
2210,07/14/2026 09:02:59,14.63,4773.12
2211,07/14/2026 09:17:59,13.85,3948.80
2212,07/14/2026 09:32:59,14.24,1161.92
2213,07/14/2026 09:47:59,13.60,5312.00
2214,07/14/2026 10:02:59,12.95,3836.16
2215,07/14/2026 10:17:59,12.78,5365.76
2216,07/14/2026 10:32:59,12.44,4825.60
2217,07/14/2026 10:47:59,12.05,4535.04
2218,07/14/2026 11:02:59,11.54,4989.44
2219,07/14/2026 11:17:59,11.41,7016.96
2220,07/14/2026 11:32:59,11.02,8414.72
2221,07/14/2026 11:47:59,10.55,5562.88
2222,07/14/2026 12:02:59,10.51,9231.36
2223,07/14/2026 12:17:59,9.74,7178.24
2224,07/14/2026 12:32:59,10.38,6051.84
2225,07/14/2026 12:47:59,9.91,6768.64
2226,07/14/2026 13:02:59,10.38,6407.68
2227,07/14/2026 13:17:59,10.89,6807.04
2228,07/14/2026 13:32:59,11.24,9126.40
2229,07/14/2026 13:47:59,11.45,8330.24
2230,07/14/2026 14:02:59,11.49,14607.36
2231,07/14/2026 14:17:59,11.49,20070.40
2232,07/14/2026 14:32:59,10.77,24688.64
2233,07/14/2026 14:47:59,11.45,19010.56
2234,07/14/2026 15:02:59,12.05,24381.44
2235,07/14/2026 15:17:59,12.44,13864.96
2236,07/14/2026 15:32:59,12.01,12774.40
2237,07/14/2026 15:47:59,12.05,13250.56
2238,07/14/2026 16:02:59,11.97,13219.84
2239,07/14/2026 16:17:59,11.88,18426.88
2240,07/14/2026 16:32:59,11.84,12549.12
2241,07/14/2026 16:47:59,11.79,10956.80
2242,07/14/2026 17:02:59,12.01,10644.48
2243,07/14/2026 17:17:59,12.70,8972.80
2244,07/14/2026 17:32:59,12.82,7360.00
2245,07/14/2026 17:47:59,12.70,8302.08
2246,07/14/2026 18:02:59,12.10,6963.20
2247,07/14/2026 18:17:59,12.14,3857.92
2248,07/14/2026 18:32:59,12.31,5667.84
2249,07/14/2026 18:47:59,12.48,4472.32
2250,07/14/2026 19:02:59,12.31,3763.20
2251,07/14/2026 19:17:59,12.57,3141.12
2252,07/14/2026 19:32:59,12.52,2682.88
2253,07/14/2026 19:47:59,12.44,1590.40
2254,07/14/2026 20:02:59,12.57,729.28
2255,07/14/2026 20:17:59,12.61,560.80
2256,07/14/2026 20:32:59,12.74,442.40
2257,07/14/2026 20:47:59,12.82,332.64
2258,07/14/2026 21:02:59,12.78,202.88
2259,07/14/2026 21:17:59,12.78,120.32
2260,07/14/2026 21:32:59,12.74,50.06
2261,07/14/2026 21:47:59,12.78,12.04
2262,07/14/2026 22:02:59,12.74,1.74
2263,07/14/2026 22:17:59,12.52,0.00
2264,07/14/2026 22:32:59,12.40,0.00
2265,07/14/2026 22:47:59,11.97,0.00
2266,07/14/2026 23:02:59,11.88,0.00
2267,07/14/2026 23:17:59,11.79,0.00
2268,07/14/2026 23:32:59,11.71,0.00
2269,07/14/2026 23:47:59,11.62,0.00
2270,07/15/2026 00:02:59,11.37,0.00
2271,07/15/2026 00:17:59,11.37,0.00
2272,07/15/2026 00:32:59,11.37,0.00
2273,07/15/2026 00:47:59,11.32,0.00
2274,07/15/2026 01:02:59,11.41,0.00
2275,07/15/2026 01:17:59,11.41,0.00
2276,07/15/2026 01:32:59,11.32,0.00
2277,07/15/2026 01:47:59,11.15,0.00
2278,07/15/2026 02:02:59,11.15,0.00
2279,07/15/2026 02:17:59,11.11,0.00
2280,07/15/2026 02:32:59,10.85,0.00
2281,07/15/2026 02:47:59,10.81,0.00
2282,07/15/2026 03:02:59,10.81,0.00
2283,07/15/2026 03:17:59,10.81,0.00
2284,07/15/2026 03:32:59,10.89,0.00
2285,07/15/2026 03:47:59,10.94,0.00
2286,07/15/2026 04:02:59,11.07,0.00
2287,07/15/2026 04:17:59,11.71,0.00
2288,07/15/2026 04:32:59,11.92,0.21
2289,07/15/2026 04:47:59,11.92,6.55
2290,07/15/2026 05:02:59,11.92,26.75
2291,07/15/2026 05:17:59,12.01,81.68
2292,07/15/2026 05:32:59,12.10,169.36
2293,07/15/2026 05:47:59,12.14,290.72
2294,07/15/2026 06:02:59,12.31,515.36
2295,07/15/2026 06:17:59,12.35,1060.48
2296,07/15/2026 06:32:59,12.52,1516.16
2297,07/15/2026 06:47:59,12.65,1845.76
2298,07/15/2026 07:02:59,12.87,2676.48
2299,07/15/2026 07:17:59,12.95,2960.64
2300,07/15/2026 07:32:59,12.91,3212.80
2301,07/15/2026 07:47:59,13.00,3541.76
2302,07/15/2026 08:02:59,13.08,3902.72
2303,07/15/2026 08:17:59,13.21,5235.20
2304,07/15/2026 08:32:59,13.17,5116.16
2305,07/15/2026 08:47:59,13.12,4444.16
2306,07/15/2026 09:02:59,13.21,4431.36
2307,07/15/2026 09:17:59,13.21,4476.16
2308,07/15/2026 09:32:59,13.34,4189.44
2309,07/15/2026 09:47:59,13.30,4203.52
2310,07/15/2026 10:02:59,13.17,4312.32
2311,07/15/2026 10:17:59,13.25,4846.08
2312,07/15/2026 10:32:59,13.12,4378.88
2313,07/15/2026 10:47:59,12.22,3756.80
2314,07/15/2026 11:02:59,12.31,3910.40
2315,07/15/2026 11:17:59,12.18,3710.72
2316,07/15/2026 11:32:59,11.54,3892.48
2317,07/15/2026 11:47:59,11.88,4259.84
2318,07/15/2026 12:02:59,12.22,4312.32
2319,07/15/2026 12:17:59,11.07,4930.56
2320,07/15/2026 12:32:59,11.19,6208.00
2321,07/15/2026 12:47:59,11.15,5217.28
2322,07/15/2026 13:02:59,10.98,5021.44
2323,07/15/2026 13:17:59,11.02,4193.28
2324,07/15/2026 13:32:59,10.89,4070.40
2325,07/15/2026 13:47:59,10.46,4102.40
2326,07/15/2026 14:02:59,10.64,3791.36
2327,07/15/2026 14:17:59,10.64,4483.84
2328,07/15/2026 14:32:59,10.68,5073.92
2329,07/15/2026 14:47:59,10.72,7296.00
2330,07/15/2026 15:02:59,11.02,8337.92
2331,07/15/2026 15:17:59,10.68,8798.72
2332,07/15/2026 15:32:59,10.98,8742.40
2333,07/15/2026 15:47:59,10.72,8120.32
2334,07/15/2026 16:02:59,11.02,11781.12
2335,07/15/2026 16:17:59,10.64,16911.36
2336,07/15/2026 16:32:59,10.51,14213.12
2337,07/15/2026 16:47:59,10.68,10752.00
2338,07/15/2026 17:02:59,10.98,8980.48
2339,07/15/2026 17:17:59,11.02,8455.68
2340,07/15/2026 17:32:59,11.41,9287.68
2341,07/15/2026 17:47:59,11.41,7680.00
2342,07/15/2026 18:02:59,11.24,6771.20
2343,07/15/2026 18:17:59,11.58,6648.32
2344,07/15/2026 18:32:59,11.28,6809.60
2345,07/15/2026 18:47:59,11.49,5393.92
2346,07/15/2026 19:02:59,11.62,3461.12
2347,07/15/2026 19:17:59,11.92,3174.40
2348,07/15/2026 19:32:59,12.22,2245.12
2349,07/15/2026 19:47:59,12.61,1703.68
2350,07/15/2026 20:02:59,12.52,711.04
2351,07/15/2026 20:17:59,12.48,573.12
2352,07/15/2026 20:32:59,12.48,475.68
2353,07/15/2026 20:47:59,12.48,354.72
2354,07/15/2026 21:02:59,12.57,225.60
2355,07/15/2026 21:17:59,12.48,116.84
2356,07/15/2026 21:32:59,12.57,46.08
2357,07/15/2026 21:47:59,12.57,11.84
2358,07/15/2026 22:02:59,12.48,1.31
2359,07/15/2026 22:17:59,12.52,0.00
2360,07/15/2026 22:32:59,11.49,0.00
2361,07/15/2026 22:47:59,11.84,0.00
2362,07/15/2026 23:02:59,10.94,0.00
2363,07/15/2026 23:17:59,10.81,0.00
2364,07/15/2026 23:32:59,10.89,0.00
2365,07/15/2026 23:47:59,10.98,0.00
2366,07/16/2026 00:02:59,11.07,0.00
2367,07/16/2026 00:17:59,11.19,0.00
2368,07/16/2026 00:32:59,10.89,0.00
2369,07/16/2026 00:47:59,10.89,0.00
2370,07/16/2026 01:02:59,10.81,0.00
2371,07/16/2026 01:17:59,10.68,0.00
2372,07/16/2026 01:32:59,10.46,0.00
2373,07/16/2026 01:47:59,10.38,0.00
2374,07/16/2026 02:02:59,9.99,0.00
2375,07/16/2026 02:17:59,10.12,0.00
2376,07/16/2026 02:32:59,10.25,0.00
2377,07/16/2026 02:47:59,10.08,0.00
2378,07/16/2026 03:02:59,9.99,0.00
2379,07/16/2026 03:17:59,9.91,0.00
2380,07/16/2026 03:32:59,9.65,0.00
2381,07/16/2026 03:47:59,9.95,0.00
2382,07/16/2026 04:02:59,9.91,0.00
2383,07/16/2026 04:17:59,9.99,0.00
2384,07/16/2026 04:32:59,9.91,0.65
2385,07/16/2026 04:47:59,9.95,3.05
2386,07/16/2026 05:02:59,10.04,15.56
2387,07/16/2026 05:17:59,10.25,53.56
2388,07/16/2026 05:32:59,10.55,103.64
2389,07/16/2026 05:47:59,10.94,99.24
2390,07/16/2026 06:02:59,11.02,172.08
2391,07/16/2026 06:17:59,11.15,274.96
2392,07/16/2026 06:32:59,11.24,278.48
2393,07/16/2026 06:47:59,11.32,371.52
2394,07/16/2026 07:02:59,11.07,359.84
2395,07/16/2026 07:17:59,10.85,426.72
2396,07/16/2026 07:32:59,10.77,1192.32
2397,07/16/2026 07:47:59,10.98,950.40
2398,07/16/2026 08:02:59,10.89,1133.12
2399,07/16/2026 08:17:59,11.32,1324.16
2400,07/16/2026 08:32:59,11.62,1296.32
2401,07/16/2026 08:47:59,11.49,2482.56
2402,07/16/2026 09:02:59,11.58,3555.84
2403,07/16/2026 09:17:59,11.71,3424.00
2404,07/16/2026 09:32:59,11.71,2250.24
2405,07/16/2026 09:47:59,11.67,3207.68
2406,07/16/2026 10:02:59,11.75,3735.04
2407,07/16/2026 10:17:59,11.67,3886.08
2408,07/16/2026 10:32:59,11.28,4549.12
2409,07/16/2026 10:47:59,11.11,4189.44
2410,07/16/2026 11:02:59,11.19,4088.32
2411,07/16/2026 11:17:59,11.02,3801.60
2412,07/16/2026 11:32:59,10.98,3991.04
2413,07/16/2026 11:47:59,10.72,4043.52
2414,07/16/2026 12:02:59,10.68,4092.16
2415,07/16/2026 12:17:59,10.55,3944.96
2416,07/16/2026 12:32:59,10.42,4067.84
2417,07/16/2026 12:47:59,10.29,6538.24
2418,07/16/2026 13:02:59,10.21,6205.44
2419,07/16/2026 13:17:59,10.16,5519.36
2420,07/16/2026 13:32:59,10.34,8939.52
2421,07/16/2026 13:47:59,10.21,4122.88
2422,07/16/2026 14:02:59,10.04,5015.04
2423,07/16/2026 14:17:59,10.08,5112.32
2424,07/16/2026 14:32:59,10.12,5324.80
2425,07/16/2026 14:47:59,9.99,6310.40
2426,07/16/2026 15:02:59,9.78,8560.64
2427,07/16/2026 15:17:59,9.74,12948.48
2428,07/16/2026 15:32:59,9.69,11473.92
2429,07/16/2026 15:47:59,9.52,6586.88
2430,07/16/2026 16:02:59,9.52,12308.48
2431,07/16/2026 16:17:59,9.52,13808.64
2432,07/16/2026 16:32:59,9.65,10992.64
2433,07/16/2026 16:47:59,9.74,11427.84
2434,07/16/2026 17:02:59,9.74,10634.24
2435,07/16/2026 17:17:59,9.56,5314.56
2436,07/16/2026 17:32:59,9.65,7610.88
2437,07/16/2026 17:47:59,9.78,9643.52
2438,07/16/2026 18:02:59,9.86,6049.28
2439,07/16/2026 18:17:59,10.25,5783.04
2440,07/16/2026 18:32:59,10.42,5294.08
2441,07/16/2026 18:47:59,10.55,4508.16
2442,07/16/2026 19:02:59,10.55,3934.72
2443,07/16/2026 19:17:59,10.64,3010.56
2444,07/16/2026 19:32:59,10.77,2435.84
2445,07/16/2026 19:47:59,10.81,1671.04
2446,07/16/2026 20:02:59,10.85,767.04
2447,07/16/2026 20:17:59,11.02,704.00
2448,07/16/2026 20:32:59,11.15,518.88
2449,07/16/2026 20:47:59,11.32,396.96
2450,07/16/2026 21:02:59,11.41,268.88
2451,07/16/2026 21:17:59,11.37,132.68
2452,07/16/2026 21:32:59,11.37,49.20
2453,07/16/2026 21:47:59,11.41,13.37
2454,07/16/2026 22:02:59,11.49,1.96
2455,07/16/2026 22:17:59,11.58,0.00
2456,07/16/2026 22:32:59,11.67,0.00
2457,07/16/2026 22:47:59,11.67,0.00
2458,07/16/2026 23:02:59,11.62,0.00
2459,07/16/2026 23:17:59,11.54,0.00
2460,07/16/2026 23:32:59,11.28,0.00
2461,07/16/2026 23:47:59,11.54,0.00
2462,07/17/2026 00:02:59,11.32,0.00
2463,07/17/2026 00:17:59,10.64,0.00
2464,07/17/2026 00:32:59,10.68,0.00
2465,07/17/2026 00:47:59,10.68,0.00
2466,07/17/2026 01:02:59,10.55,0.00
2467,07/17/2026 01:17:59,10.29,0.00
2468,07/17/2026 01:32:59,10.25,0.00
2469,07/17/2026 01:47:59,10.16,0.00
2470,07/17/2026 02:02:59,10.21,0.00
2471,07/17/2026 02:17:59,10.21,0.00
2472,07/17/2026 02:32:59,10.25,0.00
2473,07/17/2026 02:47:59,10.21,0.00
2474,07/17/2026 03:02:59,10.21,0.00
2475,07/17/2026 03:17:59,10.25,0.00
2476,07/17/2026 03:32:59,10.25,0.00
2477,07/17/2026 03:47:59,10.42,0.00
2478,07/17/2026 04:02:59,10.34,0.00
2479,07/17/2026 04:17:59,10.59,0.00
2480,07/17/2026 04:32:59,10.59,0.43
2481,07/17/2026 04:47:59,10.64,5.24
2482,07/17/2026 05:02:59,10.68,29.86
2483,07/17/2026 05:17:59,10.89,86.04
2484,07/17/2026 05:32:59,11.11,202.00
2485,07/17/2026 05:47:59,11.19,353.12
2486,07/17/2026 06:02:59,11.28,520.16
2487,07/17/2026 06:17:59,11.49,829.44
2488,07/17/2026 06:32:59,11.58,1043.20
2489,07/17/2026 06:47:59,11.54,1235.20
2490,07/17/2026 07:02:59,11.58,1871.36
2491,07/17/2026 07:17:59,11.62,2718.72
2492,07/17/2026 07:32:59,11.49,3307.52
2493,07/17/2026 07:47:59,11.45,4469.76
2494,07/17/2026 08:02:59,11.62,6115.84
2495,07/17/2026 08:17:59,11.71,8051.20
2496,07/17/2026 08:32:59,11.84,9226.24
2497,07/17/2026 08:47:59,12.10,10741.76
2498,07/17/2026 09:02:59,12.18,13112.32
2499,07/17/2026 09:17:59,12.31,13905.92
2500,07/17/2026 09:32:59,12.40,16675.84
2501,07/17/2026 09:47:59,12.70,21309.44
2502,07/17/2026 10:02:59,12.74,23080.96
2503,07/17/2026 10:17:59,12.70,17233.92
2504,07/17/2026 10:32:59,12.22,11719.68
2505,07/17/2026 10:47:59,12.01,9602.56
2506,07/17/2026 11:02:59,12.35,15032.32
2507,07/17/2026 11:17:59,12.27,20372.48
2508,07/17/2026 11:32:59,12.01,16358.40
2509,07/17/2026 11:47:59,11.71,12098.56
2510,07/17/2026 12:02:59,11.75,8394.24
2511,07/17/2026 12:17:59,11.71,8035.84
2512,07/17/2026 12:32:59,11.62,7150.08
2513,07/17/2026 12:47:59,11.32,7142.40
2514,07/17/2026 13:02:59,11.15,9344.00
2515,07/17/2026 13:17:59,11.07,8806.40
2516,07/17/2026 13:32:59,11.41,10690.56
2517,07/17/2026 13:47:59,11.28,11796.48
2518,07/17/2026 14:02:59,11.37,11340.80
2519,07/17/2026 14:17:59,11.07,11458.56
2520,07/17/2026 14:32:59,11.32,10711.04
2521,07/17/2026 14:47:59,11.28,14264.32
2522,07/17/2026 15:02:59,11.19,17367.04
2523,07/17/2026 15:17:59,11.07,13977.60
2524,07/17/2026 15:32:59,10.59,15057.92
2525,07/17/2026 15:47:59,10.68,9448.96
2526,07/17/2026 16:02:59,10.77,11688.96
2527,07/17/2026 16:17:59,10.77,11248.64
2528,07/17/2026 16:32:59,10.81,11351.04
2529,07/17/2026 16:47:59,10.72,10042.88
2530,07/17/2026 17:02:59,10.68,11724.80
2531,07/17/2026 17:17:59,10.85,9925.12
2532,07/17/2026 17:32:59,10.77,8427.52
2533,07/17/2026 17:47:59,10.68,8552.96
2534,07/17/2026 18:02:59,11.58,7695.36
2535,07/17/2026 18:17:59,11.24,6443.52
2536,07/17/2026 18:32:59,11.71,4678.40
2537,07/17/2026 18:47:59,11.97,6126.08
2538,07/17/2026 19:02:59,12.18,4556.80
2539,07/17/2026 19:17:59,11.71,3644.16
2540,07/17/2026 19:32:59,11.62,2357.12
2541,07/17/2026 19:47:59,12.01,2105.60
2542,07/17/2026 20:02:59,11.41,1739.52
2543,07/17/2026 20:17:59,11.49,1312.64
2544,07/17/2026 20:32:59,11.37,974.08
2545,07/17/2026 20:47:59,11.28,646.40
2546,07/17/2026 21:02:59,12.40,368.16
2547,07/17/2026 21:17:59,11.84,162.48
2548,07/17/2026 21:32:59,11.92,61.04
2549,07/17/2026 21:47:59,11.92,17.11
2550,07/17/2026 22:02:59,11.79,2.40
2551,07/17/2026 22:17:59,12.40,0.00
2552,07/17/2026 22:32:59,12.44,0.00
2553,07/17/2026 22:47:59,12.57,0.00
2554,07/17/2026 23:02:59,12.52,0.00
2555,07/17/2026 23:17:59,12.14,0.00
2556,07/17/2026 23:32:59,12.35,0.00
2557,07/17/2026 23:47:59,12.05,0.00
2558,07/18/2026 00:02:59,12.14,0.00
2559,07/18/2026 00:17:59,11.67,0.00
2560,07/18/2026 00:32:59,12.05,0.00
2561,07/18/2026 00:47:59,11.15,0.00
2562,07/18/2026 01:02:59,11.37,0.00
2563,07/18/2026 01:17:59,10.68,0.00
2564,07/18/2026 01:32:59,10.46,0.00
2565,07/18/2026 01:47:59,10.59,0.00
2566,07/18/2026 02:02:59,10.55,0.00
2567,07/18/2026 02:17:59,10.64,0.00
2568,07/18/2026 02:32:59,10.51,0.00
2569,07/18/2026 02:47:59,10.55,0.00
2570,07/18/2026 03:02:59,10.59,0.00
2571,07/18/2026 03:17:59,10.89,0.00
2572,07/18/2026 03:32:59,11.19,0.00
2573,07/18/2026 03:47:59,11.37,0.00
2574,07/18/2026 04:02:59,11.54,0.00
2575,07/18/2026 04:17:59,11.75,0.00
2576,07/18/2026 04:32:59,12.18,0.00
2577,07/18/2026 04:47:59,12.18,0.21
2578,07/18/2026 05:02:59,12.27,3.71
2579,07/18/2026 05:17:59,12.52,11.38
2580,07/18/2026 05:32:59,12.57,28.94
2581,07/18/2026 05:47:59,12.61,84.28
2582,07/18/2026 06:02:59,12.52,150.16
2583,07/18/2026 06:17:59,12.52,298.80
2584,07/18/2026 06:32:59,12.57,571.84
2585,07/18/2026 06:47:59,12.57,1415.04
2586,07/18/2026 07:02:59,12.61,1207.36
2587,07/18/2026 07:17:59,12.61,1566.08
2588,07/18/2026 07:32:59,12.57,1317.12
2589,07/18/2026 07:47:59,12.57,3211.52
2590,07/18/2026 08:02:59,12.70,4193.28
2591,07/18/2026 08:17:59,12.74,4433.92
2592,07/18/2026 08:32:59,12.74,4833.28
2593,07/18/2026 08:47:59,12.78,5182.72
2594,07/18/2026 09:02:59,12.65,5164.80
2595,07/18/2026 09:17:59,13.21,22425.60
2596,07/18/2026 09:32:59,13.25,22702.08
2597,07/18/2026 09:47:59,13.34,25907.20
2598,07/18/2026 10:02:59,13.47,24197.12
2599,07/18/2026 10:17:59,13.68,19937.28
2600,07/18/2026 10:32:59,13.68,22753.28
2601,07/18/2026 10:47:59,13.77,25886.72
2602,07/18/2026 11:02:59,13.43,20659.20
2603,07/18/2026 11:17:59,13.60,18990.08
2604,07/18/2026 11:32:59,13.38,27801.60
2605,07/18/2026 11:47:59,13.21,24668.16
2606,07/18/2026 12:02:59,13.12,16312.32
2607,07/18/2026 12:17:59,14.20,14914.56
2608,07/18/2026 12:32:59,13.38,17448.96
2609,07/18/2026 12:47:59,13.85,21596.16
2610,07/18/2026 13:02:59,12.52,19722.24
2611,07/18/2026 13:17:59,11.88,24043.52
2612,07/18/2026 13:32:59,12.31,13219.84
2613,07/18/2026 13:47:59,12.01,15068.16
2614,07/18/2026 14:02:59,11.67,15375.36
2615,07/18/2026 14:17:59,11.49,16604.16
2616,07/18/2026 14:32:59,11.24,15964.16
2617,07/18/2026 14:47:59,11.15,11555.84
2618,07/18/2026 15:02:59,10.85,16665.60
2619,07/18/2026 15:17:59,10.46,11397.12
2620,07/18/2026 15:32:59,10.25,11642.88
2621,07/18/2026 15:47:59,10.42,19440.64
2622,07/18/2026 16:02:59,10.68,9930.24
2623,07/18/2026 16:17:59,11.37,8778.24
2624,07/18/2026 16:32:59,11.45,9820.16
2625,07/18/2026 16:47:59,11.45,8709.12
2626,07/18/2026 17:02:59,11.45,10001.92
2627,07/18/2026 17:17:59,11.24,10880.00
2628,07/18/2026 17:32:59,11.79,9420.80
2629,07/18/2026 17:47:59,11.15,6387.20
2630,07/18/2026 18:02:59,10.55,6842.88
2631,07/18/2026 18:17:59,12.31,8166.40
2632,07/18/2026 18:32:59,11.92,4609.28
2633,07/18/2026 18:47:59,12.05,4570.88
2634,07/18/2026 19:02:59,12.10,4049.92
2635,07/18/2026 19:17:59,11.28,3447.04
2636,07/18/2026 19:32:59,11.58,2591.36
2637,07/18/2026 19:47:59,11.32,1520.64
2638,07/18/2026 20:02:59,11.88,1495.68
2639,07/18/2026 20:17:59,11.97,1003.84
2640,07/18/2026 20:32:59,12.18,824.64
2641,07/18/2026 20:47:59,12.61,500.48
2642,07/18/2026 21:02:59,12.65,303.76
2643,07/18/2026 21:17:59,12.70,155.40
2644,07/18/2026 21:32:59,12.78,62.78
2645,07/18/2026 21:47:59,12.82,15.56
2646,07/18/2026 22:02:59,12.95,1.96
2647,07/18/2026 22:17:59,13.00,0.00
2648,07/18/2026 22:32:59,12.87,0.00
2649,07/18/2026 22:47:59,12.91,0.00
2650,07/18/2026 23:02:59,12.78,0.00
2651,07/18/2026 23:17:59,12.74,0.00
2652,07/18/2026 23:32:59,12.70,0.00
2653,07/18/2026 23:47:59,12.70,0.00
2654,07/19/2026 00:02:59,12.65,0.00
2655,07/19/2026 00:17:59,12.65,0.00
2656,07/19/2026 00:32:59,12.70,0.00
2657,07/19/2026 00:47:59,12.57,0.00
2658,07/19/2026 01:02:59,12.44,0.00
2659,07/19/2026 01:17:59,12.52,0.00
2660,07/19/2026 01:32:59,12.27,0.00
2661,07/19/2026 01:47:59,11.92,0.00
2662,07/19/2026 02:02:59,12.27,0.00
2663,07/19/2026 02:17:59,11.97,0.00
2664,07/19/2026 02:32:59,11.71,0.00
2665,07/19/2026 02:47:59,11.58,0.00
2666,07/19/2026 03:02:59,11.71,0.00
2667,07/19/2026 03:17:59,11.54,0.00
2668,07/19/2026 03:32:59,10.29,0.00
2669,07/19/2026 03:47:59,10.46,0.00
2670,07/19/2026 04:02:59,10.77,0.00
2671,07/19/2026 04:17:59,10.04,0.00
2672,07/19/2026 04:32:59,10.04,0.00
2673,07/19/2026 04:47:59,10.16,2.62
2674,07/19/2026 05:02:59,10.12,16.87
2675,07/19/2026 05:17:59,10.55,55.74
2676,07/19/2026 05:32:59,10.55,156.28
2677,07/19/2026 05:47:59,10.25,323.20
2678,07/19/2026 06:02:59,10.25,380.00
2679,07/19/2026 06:17:59,10.34,552.16
2680,07/19/2026 06:32:59,11.49,1300.80
2681,07/19/2026 06:47:59,11.75,1406.08
2682,07/19/2026 07:02:59,11.88,2161.28
2683,07/19/2026 07:17:59,12.01,2842.88
2684,07/19/2026 07:32:59,12.10,4266.24
2685,07/19/2026 07:47:59,12.22,3680.00
2686,07/19/2026 08:02:59,12.35,5411.84
2687,07/19/2026 08:17:59,12.35,6261.76
2688,07/19/2026 08:32:59,12.44,7756.80
2689,07/19/2026 08:47:59,12.78,11642.88
2690,07/19/2026 09:02:59,12.65,6786.56
2691,07/19/2026 09:17:59,12.70,5765.12
2692,07/19/2026 09:32:59,12.78,8806.40
2693,07/19/2026 09:47:59,12.74,6648.32
2694,07/19/2026 10:02:59,12.70,12559.36
2695,07/19/2026 10:17:59,12.91,15621.12
2696,07/19/2026 10:32:59,13.21,22169.60
2697,07/19/2026 10:47:59,13.08,18877.44
2698,07/19/2026 11:02:59,13.34,22261.76
2699,07/19/2026 11:17:59,13.34,21483.52
2700,07/19/2026 11:32:59,12.82,18616.32
2701,07/19/2026 11:47:59,12.82,14039.04
2702,07/19/2026 12:02:59,12.82,13209.60
2703,07/19/2026 12:17:59,12.31,18606.08
2704,07/19/2026 12:32:59,12.52,15718.40
2705,07/19/2026 12:47:59,12.22,11284.48
2706,07/19/2026 13:02:59,11.88,6528.00
2707,07/19/2026 13:17:59,11.62,6320.64
2708,07/19/2026 13:32:59,11.58,6033.92
2709,07/19/2026 13:47:59,11.37,7930.88
2710,07/19/2026 14:02:59,11.49,8624.64
2711,07/19/2026 14:17:59,11.41,9720.32
2712,07/19/2026 14:32:59,11.32,8547.84
2713,07/19/2026 14:47:59,11.37,9553.92
2714,07/19/2026 15:02:59,11.28,8414.72
2715,07/19/2026 15:17:59,11.07,9379.84
2716,07/19/2026 15:32:59,11.19,7854.08
2717,07/19/2026 15:47:59,11.41,7457.28
2718,07/19/2026 16:02:59,10.85,8204.80
2719,07/19/2026 16:17:59,10.64,6942.72
2720,07/19/2026 16:32:59,10.59,11299.84
2721,07/19/2026 16:47:59,10.38,9420.80
2722,07/19/2026 17:02:59,10.29,13890.56
2723,07/19/2026 17:17:59,10.21,7534.08
2724,07/19/2026 17:32:59,10.04,7498.24
2725,07/19/2026 17:47:59,9.99,7331.84
2726,07/19/2026 18:02:59,10.38,5432.32
2727,07/19/2026 18:17:59,10.16,4860.16
2728,07/19/2026 18:32:59,9.95,4661.76
2729,07/19/2026 18:47:59,9.82,4675.84
2730,07/19/2026 19:02:59,9.74,5031.68
2731,07/19/2026 19:17:59,9.91,3335.68
2732,07/19/2026 19:32:59,10.38,3398.40
2733,07/19/2026 19:47:59,10.94,2046.08
2734,07/19/2026 20:02:59,11.07,1304.32
2735,07/19/2026 20:17:59,11.62,900.48
2736,07/19/2026 20:32:59,12.10,646.08
2737,07/19/2026 20:47:59,12.14,434.56
2738,07/19/2026 21:02:59,12.22,249.44
2739,07/19/2026 21:17:59,12.44,133.44
2740,07/19/2026 21:32:59,12.35,54.44
2741,07/19/2026 21:47:59,12.48,15.99
2742,07/19/2026 22:02:59,12.48,1.74
2743,07/19/2026 22:17:59,12.65,0.00
2744,07/19/2026 22:32:59,12.44,0.00
2745,07/19/2026 22:47:59,12.44,0.00
2746,07/19/2026 23:02:59,12.48,0.00
2747,07/19/2026 23:17:59,12.52,0.00
2748,07/19/2026 23:32:59,12.52,0.00
2749,07/19/2026 23:47:59,12.61,0.00
2750,07/20/2026 00:02:59,12.61,0.00
2751,07/20/2026 00:17:59,12.48,0.00
2752,07/20/2026 00:32:59,12.31,0.00
2753,07/20/2026 00:47:59,12.31,0.00
2754,07/20/2026 01:02:59,12.31,0.00
2755,07/20/2026 01:17:59,12.31,0.00
2756,07/20/2026 01:32:59,12.27,0.00
2757,07/20/2026 01:47:59,12.31,0.00
2758,07/20/2026 02:02:59,12.27,0.00
2759,07/20/2026 02:17:59,11.92,0.00
2760,07/20/2026 02:32:59,12.10,0.00
2761,07/20/2026 02:47:59,12.35,0.00
2762,07/20/2026 03:02:59,12.22,0.00
2763,07/20/2026 03:17:59,12.10,0.00
2764,07/20/2026 03:32:59,12.01,0.00
2765,07/20/2026 03:47:59,11.62,0.00
2766,07/20/2026 04:02:59,11.71,0.00
2767,07/20/2026 04:17:59,11.58,0.00
2768,07/20/2026 04:32:59,11.24,0.00
2769,07/20/2026 04:47:59,11.24,1.96
2770,07/20/2026 05:02:59,11.32,13.81
2771,07/20/2026 05:17:59,11.15,51.76
2772,07/20/2026 05:32:59,11.02,150.16
2773,07/20/2026 05:47:59,11.07,324.96
2774,07/20/2026 06:02:59,11.58,558.72
2775,07/20/2026 06:17:59,11.92,874.88
2776,07/20/2026 06:32:59,11.58,1561.60
2777,07/20/2026 06:47:59,11.58,2170.24
2778,07/20/2026 07:02:59,11.67,2498.56
2779,07/20/2026 07:17:59,11.75,3288.32
2780,07/20/2026 07:32:59,11.92,4794.88
2781,07/20/2026 07:47:59,12.27,6213.12
2782,07/20/2026 08:02:59,12.44,7784.96
2783,07/20/2026 08:17:59,12.70,9182.72
2784,07/20/2026 08:32:59,12.95,8156.16
2785,07/20/2026 08:47:59,13.21,12462.08
2786,07/20/2026 09:02:59,13.38,14279.68
2787,07/20/2026 09:17:59,13.43,12641.28
2788,07/20/2026 09:32:59,13.51,14095.36
2789,07/20/2026 09:47:59,13.60,15912.96
2790,07/20/2026 10:02:59,13.94,18191.36
2791,07/20/2026 10:17:59,13.94,15457.28
2792,07/20/2026 10:32:59,14.33,23603.20
2793,07/20/2026 10:47:59,14.11,25210.88
2794,07/20/2026 11:02:59,14.33,23070.72
2795,07/20/2026 11:17:59,14.45,26603.52
2796,07/20/2026 11:32:59,14.84,24094.72
2797,07/20/2026 11:47:59,14.45,22609.92
2798,07/20/2026 12:02:59,14.20,23357.44
2799,07/20/2026 12:17:59,14.41,26173.44
2800,07/20/2026 12:32:59,14.07,27371.52
2801,07/20/2026 12:47:59,13.98,25917.44
2802,07/20/2026 13:02:59,13.47,23429.12
2803,07/20/2026 13:17:59,13.21,22804.48
2804,07/20/2026 13:32:59,12.61,11740.16
2805,07/20/2026 13:47:59,12.82,15887.36
2806,07/20/2026 14:02:59,12.61,12902.40
2807,07/20/2026 14:17:59,12.52,13122.56
2808,07/20/2026 14:32:59,12.14,15073.28
2809,07/20/2026 14:47:59,11.71,14571.52
2810,07/20/2026 15:02:59,12.35,14110.72
2811,07/20/2026 15:17:59,12.70,14991.36
2812,07/20/2026 15:32:59,11.71,14156.80
2813,07/20/2026 15:47:59,11.58,11202.56
2814,07/20/2026 16:02:59,11.58,10490.88
2815,07/20/2026 16:17:59,11.49,7792.64
2816,07/20/2026 16:32:59,11.58,10314.24
2817,07/20/2026 16:47:59,11.79,8112.64
2818,07/20/2026 17:02:59,11.84,8015.36
2819,07/20/2026 17:17:59,11.79,6394.88
2820,07/20/2026 17:32:59,11.62,5144.32
2821,07/20/2026 17:47:59,11.32,5132.80
2822,07/20/2026 18:02:59,11.75,4189.44
2823,07/20/2026 18:17:59,13.30,3546.88
2824,07/20/2026 18:32:59,13.90,2979.84
2825,07/20/2026 18:47:59,14.24,2278.40
2826,07/20/2026 19:02:59,14.33,1596.80
2827,07/20/2026 19:17:59,14.63,1177.60
2828,07/20/2026 19:32:59,14.58,917.12
2829,07/20/2026 19:47:59,13.51,609.76
2830,07/20/2026 20:02:59,13.17,411.84
2831,07/20/2026 20:17:59,13.21,304.00
2832,07/20/2026 20:32:59,14.03,108.88
2833,07/20/2026 20:47:59,14.11,78.18
2834,07/20/2026 21:02:59,14.15,32.49
2835,07/20/2026 21:17:59,14.20,23.67
2836,07/20/2026 21:32:59,14.11,11.41
2837,07/20/2026 21:47:59,14.03,1.74
2838,07/20/2026 22:02:59,14.03,0.00
2839,07/20/2026 22:17:59,14.11,0.00
2840,07/20/2026 22:32:59,14.03,0.00
2841,07/20/2026 22:47:59,13.98,0.00
2842,07/20/2026 23:02:59,14.03,0.00
2843,07/20/2026 23:17:59,13.98,0.00
2844,07/20/2026 23:32:59,13.90,0.00
2845,07/20/2026 23:47:59,13.85,0.00
2846,07/21/2026 00:02:59,13.81,0.00
2847,07/21/2026 00:17:59,13.94,0.00
2848,07/21/2026 00:32:59,13.98,0.00
2849,07/21/2026 00:47:59,14.03,0.00
2850,07/21/2026 01:02:59,13.98,0.00
2851,07/21/2026 01:17:59,14.15,0.00
2852,07/21/2026 01:32:59,14.20,0.00
2853,07/21/2026 01:47:59,14.15,0.00
2854,07/21/2026 02:02:59,14.15,0.00
2855,07/21/2026 02:17:59,14.15,0.00
2856,07/21/2026 02:32:59,13.98,0.00
2857,07/21/2026 02:47:59,13.68,0.00
2858,07/21/2026 03:02:59,13.94,0.00
2859,07/21/2026 03:17:59,14.03,0.00
2860,07/21/2026 03:32:59,14.03,0.00
2861,07/21/2026 03:47:59,13.98,0.00
2862,07/21/2026 04:02:59,13.90,0.00
2863,07/21/2026 04:17:59,13.90,0.00
2864,07/21/2026 04:32:59,13.85,0.00
2865,07/21/2026 04:47:59,13.85,0.00
2866,07/21/2026 05:02:59,13.68,0.00
2867,07/21/2026 05:17:59,13.60,2.18
2868,07/21/2026 05:32:59,13.64,6.14
2869,07/21/2026 05:47:59,13.51,16.87
2870,07/21/2026 06:02:59,13.60,54.44
2871,07/21/2026 06:17:59,13.64,140.52
2872,07/21/2026 06:32:59,13.55,200.24
2873,07/21/2026 06:47:59,13.60,342.40
2874,07/21/2026 07:02:59,13.77,368.00
2875,07/21/2026 07:17:59,13.85,220.32
2876,07/21/2026 07:32:59,13.94,270.56
2877,07/21/2026 07:47:59,13.94,422.40
2878,07/21/2026 08:02:59,13.94,1085.76
2879,07/21/2026 08:17:59,13.77,1134.72
2880,07/21/2026 08:32:59,13.51,708.48
2881,07/21/2026 08:47:59,13.73,956.48
2882,07/21/2026 09:02:59,13.81,2644.48
2883,07/21/2026 09:17:59,13.85,2307.84
2884,07/21/2026 09:32:59,13.85,2021.76
2885,07/21/2026 09:47:59,13.90,2189.44
2886,07/21/2026 10:02:59,13.98,2477.44
2887,07/21/2026 10:17:59,13.98,2468.48
2888,07/21/2026 10:32:59,13.98,1797.76
2889,07/21/2026 10:47:59,13.73,4168.96
2890,07/21/2026 11:02:59,13.43,5888.00
2891,07/21/2026 11:17:59,13.47,6164.48
2892,07/21/2026 11:32:59,13.25,3563.52
2893,07/21/2026 11:47:59,13.34,2895.36
2894,07/21/2026 12:02:59,13.77,1700.48
2895,07/21/2026 12:17:59,14.07,2372.48
2896,07/21/2026 12:32:59,14.03,1560.96
2897,07/21/2026 12:47:59,14.07,1069.12
2898,07/21/2026 13:02:59,14.07,1398.40
2899,07/21/2026 13:17:59,14.07,1053.44
2900,07/21/2026 13:32:59,13.98,1134.72
2901,07/21/2026 13:47:59,13.85,1182.08
2902,07/21/2026 14:02:59,13.94,982.72
2903,07/21/2026 14:17:59,13.98,722.24
2904,07/21/2026 14:32:59,13.77,934.72
2905,07/21/2026 14:47:59,13.85,755.20
2906,07/21/2026 15:02:59,13.55,671.68
2907,07/21/2026 15:17:59,13.94,870.08
2908,07/21/2026 15:32:59,13.85,603.20
2909,07/21/2026 15:47:59,13.73,1120.96
2910,07/21/2026 16:02:59,13.21,299.44
2911,07/21/2026 16:17:59,12.01,596.16
2912,07/21/2026 16:32:59,11.54,604.96
2913,07/21/2026 16:47:59,11.79,174.72
2914,07/21/2026 17:02:59,12.18,649.92
2915,07/21/2026 17:17:59,11.41,598.88
2916,07/21/2026 17:32:59,10.85,604.96
2917,07/21/2026 17:47:59,11.75,525.92
2918,07/21/2026 18:02:59,13.08,524.96
2919,07/21/2026 18:17:59,13.21,227.36
2920,07/21/2026 18:32:59,12.61,300.32
2921,07/21/2026 18:47:59,13.34,368.80
2922,07/21/2026 19:02:59,13.43,259.92
2923,07/21/2026 19:17:59,13.38,150.16
2924,07/21/2026 19:32:59,12.10,112.36
2925,07/21/2026 19:47:59,12.40,123.84
2926,07/21/2026 20:02:59,12.70,206.40
2927,07/21/2026 20:17:59,13.38,145.80
2928,07/21/2026 20:32:59,13.38,54.86
2929,07/21/2026 20:47:59,13.34,68.90
2930,07/21/2026 21:02:59,13.25,49.14
2931,07/21/2026 21:17:59,13.25,18.18
2932,07/21/2026 21:32:59,12.74,5.02
2933,07/21/2026 21:47:59,13.34,0.21
2934,07/21/2026 22:02:59,13.38,0.00
2935,07/21/2026 22:17:59,13.77,0.00
2936,07/21/2026 22:32:59,13.81,0.00
2937,07/21/2026 22:47:59,13.64,0.00
2938,07/21/2026 23:02:59,13.60,0.00
2939,07/21/2026 23:17:59,13.60,0.00
2940,07/21/2026 23:32:59,13.55,0.00
2941,07/21/2026 23:47:59,13.47,0.00
2942,07/22/2026 00:02:59,13.55,0.00
2943,07/22/2026 00:17:59,13.55,0.00
2944,07/22/2026 00:32:59,13.55,0.00
2945,07/22/2026 00:47:59,13.68,0.00
2946,07/22/2026 01:02:59,13.55,0.00
2947,07/22/2026 01:17:59,13.47,0.00
2948,07/22/2026 01:32:59,13.38,0.00
2949,07/22/2026 01:47:59,13.30,0.00
2950,07/22/2026 02:02:59,13.17,0.00
2951,07/22/2026 02:17:59,13.25,0.00
2952,07/22/2026 02:32:59,12.95,0.00
2953,07/22/2026 02:47:59,12.91,0.00
2954,07/22/2026 03:02:59,13.04,0.00
2955,07/22/2026 03:17:59,13.04,0.00
2956,07/22/2026 03:32:59,13.00,0.00
2957,07/22/2026 03:47:59,13.00,0.00
2958,07/22/2026 04:02:59,12.87,0.00
2959,07/22/2026 04:17:59,12.70,0.00
2960,07/22/2026 04:32:59,12.65,0.00
2961,07/22/2026 04:47:59,12.57,0.00
2962,07/22/2026 05:02:59,12.35,1.52
2963,07/22/2026 05:17:59,12.10,7.86
2964,07/22/2026 05:32:59,11.28,21.29
2965,07/22/2026 05:47:59,10.98,49.20
2966,07/22/2026 06:02:59,10.94,65.40
2967,07/22/2026 06:17:59,10.81,113.24
2968,07/22/2026 06:32:59,10.55,212.48
2969,07/22/2026 06:47:59,10.42,202.00
2970,07/22/2026 07:02:59,9.99,281.04
2971,07/22/2026 07:17:59,9.78,393.60
2972,07/22/2026 07:32:59,9.52,565.60
2973,07/22/2026 07:47:59,9.44,722.24
2974,07/22/2026 08:02:59,9.35,847.36
2975,07/22/2026 08:17:59,9.56,1331.84
2976,07/22/2026 08:32:59,9.52,1527.04
2977,07/22/2026 08:47:59,9.39,1242.24
2978,07/22/2026 09:02:59,9.44,1060.48
2979,07/22/2026 09:17:59,9.39,1322.24
2980,07/22/2026 09:32:59,9.35,1477.76
2981,07/22/2026 09:47:59,9.39,2105.60
2982,07/22/2026 10:02:59,9.48,2225.92
2983,07/22/2026 10:17:59,9.61,2713.60
2984,07/22/2026 10:32:59,10.08,2348.16
2985,07/22/2026 10:47:59,10.29,2327.04
2986,07/22/2026 11:02:59,10.21,2906.88
2987,07/22/2026 11:17:59,10.34,3293.44
2988,07/22/2026 11:32:59,10.34,3083.52
2989,07/22/2026 11:47:59,10.42,3728.64
2990,07/22/2026 12:02:59,10.51,3417.60
2991,07/22/2026 12:17:59,10.59,3450.88
2992,07/22/2026 12:32:59,10.64,3536.64
2993,07/22/2026 12:47:59,10.68,4403.20
2994,07/22/2026 13:02:59,10.68,3672.32
2995,07/22/2026 13:17:59,10.64,3959.04
2996,07/22/2026 13:32:59,10.64,3395.84
2997,07/22/2026 13:47:59,10.55,2515.84
2998,07/22/2026 14:02:59,10.25,3317.76
2999,07/22/2026 14:17:59,10.25,3522.56
3000,07/22/2026 14:32:59,10.29,3050.24
3001,07/22/2026 14:47:59,10.85,3155.20
3002,07/22/2026 15:02:59,10.98,2887.68
3003,07/22/2026 15:17:59,10.94,2573.44
3004,07/22/2026 15:32:59,10.38,2023.04
3005,07/22/2026 15:47:59,10.25,2323.84
3006,07/22/2026 16:02:59,10.04,1780.48
3007,07/22/2026 16:17:59,9.86,1414.40
3008,07/22/2026 16:32:59,9.91,1494.40
3009,07/22/2026 16:47:59,9.61,1525.12
3010,07/22/2026 17:02:59,9.78,1867.52
3011,07/22/2026 17:17:59,9.74,1832.96
3012,07/22/2026 17:32:59,9.65,2225.92
3013,07/22/2026 17:47:59,9.39,1349.76
3014,07/22/2026 18:02:59,9.26,1438.72
3015,07/22/2026 18:17:59,9.22,1466.88
3016,07/22/2026 18:32:59,9.18,1247.36
3017,07/22/2026 18:47:59,9.09,1222.08
3018,07/22/2026 19:02:59,9.14,1155.84
3019,07/22/2026 19:17:59,9.09,1256.96
3020,07/22/2026 19:32:59,9.01,1183.68
3021,07/22/2026 19:47:59,8.88,858.56
3022,07/22/2026 20:02:59,8.83,623.68
3023,07/22/2026 20:17:59,8.79,352.96
3024,07/22/2026 20:32:59,8.79,236.32
3025,07/22/2026 20:47:59,8.75,144.92
3026,07/22/2026 21:02:59,8.75,74.70
3027,07/22/2026 21:17:59,8.79,32.05
3028,07/22/2026 21:32:59,8.83,10.73
3029,07/22/2026 21:47:59,9.14,2.18
3030,07/22/2026 22:02:59,9.39,0.00
3031,07/22/2026 22:17:59,9.39,0.00
3032,07/22/2026 22:32:59,9.48,0.00
3033,07/22/2026 22:47:59,9.52,0.00
3034,07/22/2026 23:02:59,9.48,0.00
3035,07/22/2026 23:17:59,9.56,0.00
3036,07/22/2026 23:32:59,9.69,0.00
3037,07/22/2026 23:47:59,9.91,0.00
3038,07/23/2026 00:02:59,9.95,0.00
3039,07/23/2026 00:17:59,10.04,0.00
3040,07/23/2026 00:32:59,9.99,0.00
3041,07/23/2026 00:47:59,10.34,0.00
3042,07/23/2026 01:02:59,10.51,0.00
3043,07/23/2026 01:17:59,10.64,0.00
3044,07/23/2026 01:32:59,10.42,0.00
3045,07/23/2026 01:47:59,10.55,0.00
3046,07/23/2026 02:02:59,10.46,0.00
3047,07/23/2026 02:17:59,10.46,0.00
3048,07/23/2026 02:32:59,10.42,0.00
3049,07/23/2026 02:47:59,10.38,0.00
3050,07/23/2026 03:02:59,10.42,0.00
3051,07/23/2026 03:17:59,10.34,0.00
3052,07/23/2026 03:32:59,10.29,0.00
3053,07/23/2026 03:47:59,10.21,0.00
3054,07/23/2026 04:02:59,9.99,0.00
3055,07/23/2026 04:17:59,10.12,0.00
3056,07/23/2026 04:32:59,9.95,0.00
3057,07/23/2026 04:47:59,9.86,0.00
3058,07/23/2026 05:02:59,9.99,5.02
3059,07/23/2026 05:17:59,10.08,18.42
3060,07/23/2026 05:32:59,10.04,56.62
3061,07/23/2026 05:47:59,10.04,110.60
3062,07/23/2026 06:02:59,9.86,176.56
3063,07/23/2026 06:17:59,10.04,241.52
3064,07/23/2026 06:32:59,9.65,348.80
3065,07/23/2026 06:47:59,9.65,592.80
3066,07/23/2026 07:02:59,9.56,892.48
3067,07/23/2026 07:17:59,9.56,1055.36
3068,07/23/2026 07:32:59,9.52,1649.28
3069,07/23/2026 07:47:59,9.78,1704.96
3070,07/23/2026 08:02:59,9.86,2056.32
3071,07/23/2026 08:17:59,9.95,3161.60
3072,07/23/2026 08:32:59,9.78,2886.40
3073,07/23/2026 08:47:59,9.95,3563.52
3074,07/23/2026 09:02:59,10.04,4046.08
3075,07/23/2026 09:17:59,9.99,7861.76
3076,07/23/2026 09:32:59,9.91,4675.84
3077,07/23/2026 09:47:59,9.74,4864.00
3078,07/23/2026 10:02:59,10.16,6522.88
3079,07/23/2026 10:17:59,10.46,11304.96
3080,07/23/2026 10:32:59,10.42,7854.08
3081,07/23/2026 10:47:59,10.08,6213.12
3082,07/23/2026 11:02:59,10.34,8499.20
3083,07/23/2026 11:17:59,10.51,10342.40
3084,07/23/2026 11:32:59,10.81,14848.00
3085,07/23/2026 11:47:59,10.81,7360.00
3086,07/23/2026 12:02:59,10.51,6709.76
3087,07/23/2026 12:17:59,10.55,9994.24
3088,07/23/2026 12:32:59,10.64,6499.84
3089,07/23/2026 12:47:59,10.64,9477.12
3090,07/23/2026 13:02:59,10.68,8491.52
3091,07/23/2026 13:17:59,10.77,7946.24
3092,07/23/2026 13:32:59,10.72,5250.56
3093,07/23/2026 13:47:59,10.42,2440.96
3094,07/23/2026 14:02:59,10.59,6551.04
3095,07/23/2026 14:17:59,10.25,1778.56
3096,07/23/2026 14:32:59,10.21,4122.88
3097,07/23/2026 14:47:59,10.04,2355.20
3098,07/23/2026 15:02:59,9.78,2014.72
3099,07/23/2026 15:17:59,9.91,2021.76
3100,07/23/2026 15:32:59,9.78,2028.16
3101,07/23/2026 15:47:59,9.69,1237.12
3102,07/23/2026 16:02:59,10.08,2508.80
3103,07/23/2026 16:17:59,10.34,3343.36
3104,07/23/2026 16:32:59,10.29,3944.96
3105,07/23/2026 16:47:59,10.12,2517.76
3106,07/23/2026 17:02:59,10.16,1912.96
3107,07/23/2026 17:17:59,10.68,2106.88
3108,07/23/2026 17:32:59,11.07,2290.56
3109,07/23/2026 17:47:59,11.07,2344.96
3110,07/23/2026 18:02:59,10.77,2746.88
3111,07/23/2026 18:17:59,10.81,2209.92
3112,07/23/2026 18:32:59,10.94,2410.88
3113,07/23/2026 18:47:59,11.11,2330.88
3114,07/23/2026 19:02:59,11.11,1905.92
3115,07/23/2026 19:17:59,11.02,1755.52
3116,07/23/2026 19:32:59,10.98,1455.36
3117,07/23/2026 19:47:59,10.98,991.36
3118,07/23/2026 20:02:59,10.94,736.00
3119,07/23/2026 20:17:59,10.77,595.36
3120,07/23/2026 20:32:59,10.59,433.76
3121,07/23/2026 20:47:59,10.64,304.00
3122,07/23/2026 21:02:59,10.51,167.84
3123,07/23/2026 21:17:59,10.59,68.08
3124,07/23/2026 21:32:59,10.68,21.73
3125,07/23/2026 21:47:59,10.68,4.36
3126,07/23/2026 22:02:59,10.68,0.00
3127,07/23/2026 22:17:59,10.98,0.00
3128,07/23/2026 22:32:59,11.07,0.00
3129,07/23/2026 22:47:59,11.11,0.00
3130,07/23/2026 23:02:59,11.11,0.00
3131,07/23/2026 23:17:59,11.15,0.00
3132,07/23/2026 23:32:59,11.11,0.00
3133,07/23/2026 23:47:59,11.15,0.00
3134,07/24/2026 00:02:59,11.11,0.00
3135,07/24/2026 00:17:59,11.07,0.00
3136,07/24/2026 00:32:59,11.07,0.00
3137,07/24/2026 00:47:59,11.11,0.00
3138,07/24/2026 01:02:59,11.02,0.00
3139,07/24/2026 01:17:59,11.07,0.00
3140,07/24/2026 01:32:59,11.19,0.00
3141,07/24/2026 01:47:59,11.11,0.00
3142,07/24/2026 02:02:59,10.98,0.00
3143,07/24/2026 02:17:59,10.94,0.00
3144,07/24/2026 02:32:59,10.98,0.00
3145,07/24/2026 02:47:59,11.02,0.00
3146,07/24/2026 03:02:59,11.15,0.00
3147,07/24/2026 03:17:59,11.24,0.00
3148,07/24/2026 03:32:59,11.54,0.00
3149,07/24/2026 03:47:59,11.15,0.00
3150,07/24/2026 04:02:59,11.24,0.00
3151,07/24/2026 04:17:59,11.37,0.00
3152,07/24/2026 04:32:59,11.32,0.00
3153,07/24/2026 04:47:59,11.32,0.87
3154,07/24/2026 05:02:59,11.41,10.07
3155,07/24/2026 05:17:59,11.45,44.82
3156,07/24/2026 05:32:59,11.37,128.32
3157,07/24/2026 05:47:59,11.41,276.72
3158,07/24/2026 06:02:59,11.28,459.52
3159,07/24/2026 06:17:59,11.15,774.72
3160,07/24/2026 06:32:59,11.19,1240.64
3161,07/24/2026 06:47:59,11.19,1527.68
3162,07/24/2026 07:02:59,11.11,1810.56
3163,07/24/2026 07:17:59,11.24,1834.24
3164,07/24/2026 07:32:59,11.28,2739.20
3165,07/24/2026 07:47:59,11.37,3385.60
3166,07/24/2026 08:02:59,11.41,2991.36
3167,07/24/2026 08:17:59,11.49,4078.08
3168,07/24/2026 08:32:59,11.67,5035.52
3169,07/24/2026 08:47:59,11.71,5189.12
3170,07/24/2026 09:02:59,11.84,3773.44
3171,07/24/2026 09:17:59,11.97,4587.52
3172,07/24/2026 09:32:59,12.18,8791.04
3173,07/24/2026 09:47:59,11.92,4902.40
3174,07/24/2026 10:02:59,12.01,5591.04
3175,07/24/2026 10:17:59,12.52,7700.48
3176,07/24/2026 10:32:59,12.35,7219.20
3177,07/24/2026 10:47:59,12.65,10531.84
3178,07/24/2026 11:02:59,12.74,11760.64
3179,07/24/2026 11:17:59,12.78,8980.48
3180,07/24/2026 11:32:59,12.78,10365.44
3181,07/24/2026 11:47:59,12.91,15037.44
3182,07/24/2026 12:02:59,13.04,13926.40
3183,07/24/2026 12:17:59,13.34,15759.36
3184,07/24/2026 12:32:59,13.60,17085.44
3185,07/24/2026 12:47:59,13.73,17136.64
3186,07/24/2026 13:02:59,13.73,17786.88
3187,07/24/2026 13:17:59,13.60,15718.40
3188,07/24/2026 13:32:59,13.60,14069.76
3189,07/24/2026 13:47:59,13.43,17495.04
3190,07/24/2026 14:02:59,13.43,15032.32
3191,07/24/2026 14:17:59,13.00,15150.08
3192,07/24/2026 14:32:59,12.48,13957.12
3193,07/24/2026 14:47:59,12.44,13690.88
3194,07/24/2026 15:02:59,12.52,10378.24
3195,07/24/2026 15:17:59,12.57,11146.24
3196,07/24/2026 15:32:59,12.40,10455.04
3197,07/24/2026 15:47:59,12.18,11678.72
3198,07/24/2026 16:02:59,12.35,9994.24
3199,07/24/2026 16:17:59,12.18,6914.56
3200,07/24/2026 16:32:59,11.88,5388.80
3201,07/24/2026 16:47:59,11.88,6988.80
3202,07/24/2026 17:02:59,11.79,6699.52
3203,07/24/2026 17:17:59,11.58,6013.44
3204,07/24/2026 17:32:59,11.45,5393.92
3205,07/24/2026 17:47:59,11.49,4924.16
3206,07/24/2026 18:02:59,11.32,4035.84
3207,07/24/2026 18:17:59,11.11,3161.60
3208,07/24/2026 18:32:59,10.77,2209.92
3209,07/24/2026 18:47:59,10.51,1982.72
3210,07/24/2026 19:02:59,10.42,2744.32
3211,07/24/2026 19:17:59,10.16,2819.84
3212,07/24/2026 19:32:59,10.04,1568.64
3213,07/24/2026 19:47:59,9.86,1126.08
3214,07/24/2026 20:02:59,9.91,742.08
3215,07/24/2026 20:17:59,9.78,367.04
3216,07/24/2026 20:32:59,9.56,311.84
3217,07/24/2026 20:47:59,9.39,265.36
3218,07/24/2026 21:02:59,9.31,108.00
3219,07/24/2026 21:17:59,9.18,42.14
3220,07/24/2026 21:32:59,9.18,12.94
3221,07/24/2026 21:47:59,9.18,2.18
3222,07/24/2026 22:02:59,9.35,0.00
3223,07/24/2026 22:17:59,9.26,0.00
3224,07/24/2026 22:32:59,9.26,0.00
3225,07/24/2026 22:47:59,9.26,0.00
3226,07/24/2026 23:02:59,9.18,0.00
3227,07/24/2026 23:17:59,9.18,0.00
3228,07/24/2026 23:32:59,9.52,0.00
3229,07/24/2026 23:47:59,9.65,0.00
3230,07/25/2026 00:02:59,10.34,0.00
3231,07/25/2026 00:17:59,10.16,0.00
3232,07/25/2026 00:32:59,11.79,0.00
3233,07/25/2026 00:47:59,12.05,0.00
3234,07/25/2026 01:02:59,12.01,0.00
3235,07/25/2026 01:17:59,11.97,0.00
3236,07/25/2026 01:32:59,11.71,0.00
3237,07/25/2026 01:47:59,11.67,0.00
3238,07/25/2026 02:02:59,11.84,0.00
3239,07/25/2026 02:17:59,11.88,0.00
3240,07/25/2026 02:32:59,11.45,0.00
3241,07/25/2026 02:47:59,9.78,0.00
3242,07/25/2026 03:02:59,10.51,0.00
3243,07/25/2026 03:17:59,10.12,0.00
3244,07/25/2026 03:32:59,9.65,0.00
3245,07/25/2026 03:47:59,10.98,0.00
3246,07/25/2026 04:02:59,11.15,0.00
3247,07/25/2026 04:17:59,11.02,0.00
3248,07/25/2026 04:32:59,10.89,0.00
3249,07/25/2026 04:47:59,11.07,0.00
3250,07/25/2026 05:02:59,10.89,0.43
3251,07/25/2026 05:17:59,10.94,6.98
3252,07/25/2026 05:32:59,10.51,13.16
3253,07/25/2026 05:47:59,10.08,37.78
3254,07/25/2026 06:02:59,10.08,54.92
3255,07/25/2026 06:17:59,10.64,28.50
3256,07/25/2026 06:32:59,10.81,43.02
3257,07/25/2026 06:47:59,10.94,50.00
3258,07/25/2026 07:02:59,10.77,90.40
3259,07/25/2026 07:17:59,10.55,71.14
3260,07/25/2026 07:32:59,10.46,227.60
3261,07/25/2026 07:47:59,10.38,195.04
3262,07/25/2026 08:02:59,10.51,151.88
3263,07/25/2026 08:17:59,10.59,148.40
3264,07/25/2026 08:32:59,10.51,468.16
3265,07/25/2026 08:47:59,10.38,194.16
3266,07/25/2026 09:02:59,10.29,290.72
3267,07/25/2026 09:17:59,10.38,370.56
3268,07/25/2026 09:32:59,10.55,656.96
3269,07/25/2026 09:47:59,10.68,1236.16
3270,07/25/2026 10:02:59,10.51,1300.80
3271,07/25/2026 10:17:59,10.42,799.36
3272,07/25/2026 10:32:59,10.42,1503.36
3273,07/25/2026 10:47:59,10.46,2410.88
3274,07/25/2026 11:02:59,10.46,1522.56
3275,07/25/2026 11:17:59,10.51,1046.40
3276,07/25/2026 11:32:59,10.55,1068.48
3277,07/25/2026 11:47:59,10.46,891.52
3278,07/25/2026 12:02:59,10.21,1015.04
3279,07/25/2026 12:17:59,10.25,688.32
3280,07/25/2026 12:32:59,10.42,706.24
3281,07/25/2026 12:47:59,10.04,801.92
3282,07/25/2026 13:02:59,10.38,707.20
3283,07/25/2026 13:17:59,9.86,795.84
3284,07/25/2026 13:32:59,10.08,1399.68
3285,07/25/2026 13:47:59,10.34,1078.72
3286,07/25/2026 14:02:59,10.59,929.60
3287,07/25/2026 14:17:59,10.64,994.24
3288,07/25/2026 14:32:59,10.94,1624.96
3289,07/25/2026 14:47:59,11.11,2066.56
3290,07/25/2026 15:02:59,11.19,1788.16
3291,07/25/2026 15:17:59,11.15,1717.12
3292,07/25/2026 15:32:59,11.15,1552.00
3293,07/25/2026 15:47:59,11.19,1551.36
3294,07/25/2026 16:02:59,11.02,1307.84
3295,07/25/2026 16:17:59,10.98,1168.96
3296,07/25/2026 16:32:59,11.07,1366.40
3297,07/25/2026 16:47:59,11.02,713.28
3298,07/25/2026 17:02:59,11.11,1269.44
3299,07/25/2026 17:17:59,11.02,794.88
3300,07/25/2026 17:32:59,11.19,1148.80
3301,07/25/2026 17:47:59,11.58,1089.28
3302,07/25/2026 18:02:59,11.67,1042.24
3303,07/25/2026 18:17:59,11.67,683.52
3304,07/25/2026 18:32:59,11.62,460.32
3305,07/25/2026 18:47:59,11.62,563.84
3306,07/25/2026 19:02:59,11.54,1046.40
3307,07/25/2026 19:17:59,10.85,575.20
3308,07/25/2026 19:32:59,10.68,507.52
3309,07/25/2026 19:47:59,11.15,383.84
3310,07/25/2026 20:02:59,11.15,333.92
3311,07/25/2026 20:17:59,10.81,225.84
3312,07/25/2026 20:32:59,10.68,165.12
3313,07/25/2026 20:47:59,10.89,123.92
3314,07/25/2026 21:02:59,10.85,57.98
3315,07/25/2026 21:17:59,10.77,22.60
3316,07/25/2026 21:32:59,10.81,6.55
3317,07/25/2026 21:47:59,10.81,0.65
3318,07/25/2026 22:02:59,10.77,0.00
3319,07/25/2026 22:17:59,10.77,0.00
3320,07/25/2026 22:32:59,10.81,0.00
3321,07/25/2026 22:47:59,10.85,0.00
3322,07/25/2026 23:02:59,11.07,0.00
3323,07/25/2026 23:17:59,11.07,0.00
3324,07/25/2026 23:32:59,11.54,0.00
3325,07/25/2026 23:47:59,11.67,0.00
3326,07/26/2026 00:02:59,11.71,0.00
3327,07/26/2026 00:17:59,11.84,0.00
3328,07/26/2026 00:32:59,12.01,0.00
3329,07/26/2026 00:47:59,12.10,0.00
3330,07/26/2026 01:02:59,12.14,0.00
3331,07/26/2026 01:17:59,12.18,0.00
3332,07/26/2026 01:32:59,12.27,0.00
3333,07/26/2026 01:47:59,12.31,0.00
3334,07/26/2026 02:02:59,12.31,0.00
3335,07/26/2026 02:17:59,12.44,0.00
3336,07/26/2026 02:32:59,12.40,0.00
3337,07/26/2026 02:47:59,12.35,0.00
3338,07/26/2026 03:02:59,12.44,0.00
3339,07/26/2026 03:17:59,12.48,0.00
3340,07/26/2026 03:32:59,12.44,0.00
3341,07/26/2026 03:47:59,12.48,0.00
3342,07/26/2026 04:02:59,12.44,0.00
3343,07/26/2026 04:17:59,12.44,0.00
3344,07/26/2026 04:32:59,12.40,0.00
3345,07/26/2026 04:47:59,12.40,0.00
3346,07/26/2026 05:02:59,12.35,2.83
3347,07/26/2026 05:17:59,12.27,18.67
3348,07/26/2026 05:32:59,12.27,57.98
3349,07/26/2026 05:47:59,12.31,135.28
3350,07/26/2026 06:02:59,12.27,267.28
3351,07/26/2026 06:17:59,12.35,377.76
3352,07/26/2026 06:32:59,12.40,529.76
3353,07/26/2026 06:47:59,12.48,863.04
3354,07/26/2026 07:02:59,12.57,1352.32
3355,07/26/2026 07:17:59,12.65,1694.72
3356,07/26/2026 07:32:59,12.57,1520.00
3357,07/26/2026 07:47:59,12.57,1389.44
3358,07/26/2026 08:02:59,12.82,4158.72
3359,07/26/2026 08:17:59,12.65,1936.00
3360,07/26/2026 08:32:59,12.74,2229.12
3361,07/26/2026 08:47:59,12.87,2936.32
3362,07/26/2026 09:02:59,12.87,4263.68
3363,07/26/2026 09:17:59,12.48,3194.88
3364,07/26/2026 09:32:59,12.35,4427.52
3365,07/26/2026 09:47:59,12.22,6005.76
3366,07/26/2026 10:02:59,12.44,5580.80
3367,07/26/2026 10:17:59,12.52,6254.08
3368,07/26/2026 10:32:59,12.65,5736.96
3369,07/26/2026 10:47:59,12.65,7037.44
3370,07/26/2026 11:02:59,12.44,7239.68
3371,07/26/2026 11:17:59,12.31,8903.68
3372,07/26/2026 11:32:59,12.31,7938.56
3373,07/26/2026 11:47:59,12.27,7582.72
3374,07/26/2026 12:02:59,12.01,7421.44
3375,07/26/2026 12:17:59,12.18,7994.88
3376,07/26/2026 12:32:59,12.14,6443.52
3377,07/26/2026 12:47:59,11.84,8007.68
3378,07/26/2026 13:02:59,11.79,8302.08
3379,07/26/2026 13:17:59,11.84,8960.00
3380,07/26/2026 13:32:59,12.31,7380.48
3381,07/26/2026 13:47:59,12.40,7728.64
3382,07/26/2026 14:02:59,12.44,6799.36
3383,07/26/2026 14:17:59,12.48,6896.64
3384,07/26/2026 14:32:59,12.78,7034.88
3385,07/26/2026 14:47:59,11.32,6694.40
3386,07/26/2026 15:02:59,11.24,6801.92
3387,07/26/2026 15:17:59,11.41,5314.56
3388,07/26/2026 15:32:59,11.62,5757.44
3389,07/26/2026 15:47:59,11.49,5580.80
3390,07/26/2026 16:02:59,11.37,5136.64
3391,07/26/2026 16:17:59,11.41,5168.64
3392,07/26/2026 16:32:59,11.37,4986.88
3393,07/26/2026 16:47:59,11.28,4480.00
3394,07/26/2026 17:02:59,11.28,3322.88
3395,07/26/2026 17:17:59,11.19,3246.08
3396,07/26/2026 17:32:59,12.35,3074.56
3397,07/26/2026 17:47:59,11.92,2561.28
3398,07/26/2026 18:02:59,11.41,1982.72
3399,07/26/2026 18:17:59,11.54,1849.60
3400,07/26/2026 18:32:59,11.62,1585.28
3401,07/26/2026 18:47:59,11.45,1347.20
3402,07/26/2026 19:02:59,11.19,1103.36
3403,07/26/2026 19:17:59,10.77,344.96
3404,07/26/2026 19:32:59,10.72,511.52
3405,07/26/2026 19:47:59,11.02,577.44
3406,07/26/2026 20:02:59,10.94,311.68
3407,07/26/2026 20:17:59,11.07,186.96
3408,07/26/2026 20:32:59,11.37,152.76
3409,07/26/2026 20:47:59,11.84,103.64
3410,07/26/2026 21:02:59,11.58,60.54
3411,07/26/2026 21:17:59,11.79,24.35
3412,07/26/2026 21:32:59,11.92,6.77
3413,07/26/2026 21:47:59,11.79,0.21
3414,07/26/2026 22:02:59,11.92,0.00
3415,07/26/2026 22:17:59,12.01,0.00
3416,07/26/2026 22:32:59,12.05,0.00
3417,07/26/2026 22:47:59,12.18,0.00
3418,07/26/2026 23:02:59,12.18,0.00
3419,07/26/2026 23:17:59,12.27,0.00
3420,07/26/2026 23:32:59,12.27,0.00
3421,07/26/2026 23:47:59,12.61,0.00
3422,07/27/2026 00:02:59,12.78,0.00
3423,07/27/2026 00:17:59,12.95,0.00
3424,07/27/2026 00:32:59,13.34,0.00
3425,07/27/2026 00:47:59,13.51,0.00
3426,07/27/2026 01:02:59,13.43,0.00
3427,07/27/2026 01:17:59,13.38,0.00
3428,07/27/2026 01:32:59,13.47,0.00
3429,07/27/2026 01:47:59,13.51,0.00
3430,07/27/2026 02:02:59,13.64,0.00
3431,07/27/2026 02:17:59,13.68,0.00
3432,07/27/2026 02:32:59,13.81,0.00
3433,07/27/2026 02:47:59,13.81,0.00
3434,07/27/2026 03:02:59,13.94,0.00
3435,07/27/2026 03:17:59,14.07,0.00
3436,07/27/2026 03:32:59,14.11,0.00
3437,07/27/2026 03:47:59,13.98,0.00
3438,07/27/2026 04:02:59,14.24,0.00
3439,07/27/2026 04:17:59,14.24,0.00
3440,07/27/2026 04:32:59,14.20,0.00
3441,07/27/2026 04:47:59,14.24,0.00
3442,07/27/2026 05:02:59,14.03,2.18
3443,07/27/2026 05:17:59,14.07,16.02
3444,07/27/2026 05:32:59,13.94,49.20
3445,07/27/2026 05:47:59,13.85,111.72
3446,07/27/2026 06:02:59,13.90,208.32
3447,07/27/2026 06:17:59,13.90,487.84
3448,07/27/2026 06:32:59,13.90,410.08
3449,07/27/2026 06:47:59,13.81,846.40
3450,07/27/2026 07:02:59,13.90,961.92
3451,07/27/2026 07:17:59,14.11,1168.96
3452,07/27/2026 07:32:59,14.20,1582.72
3453,07/27/2026 07:47:59,14.24,1248.32
3454,07/27/2026 08:02:59,14.24,2360.32
3455,07/27/2026 08:17:59,14.15,2397.44
3456,07/27/2026 08:32:59,14.15,1840.64
3457,07/27/2026 08:47:59,14.24,1227.52
3458,07/27/2026 09:02:59,14.15,870.08
3459,07/27/2026 09:17:59,14.45,2416.64
3460,07/27/2026 09:32:59,14.50,1945.60
3461,07/27/2026 09:47:59,14.45,1759.36
3462,07/27/2026 10:02:59,14.50,5580.80
3463,07/27/2026 10:17:59,14.41,3107.84
3464,07/27/2026 10:32:59,14.33,4570.88
3465,07/27/2026 10:47:59,14.75,4584.96
3466,07/27/2026 11:02:59,14.03,4280.32
3467,07/27/2026 11:17:59,13.81,5345.28
3468,07/27/2026 11:32:59,13.64,3577.60
3469,07/27/2026 11:47:59,13.85,7288.32
3470,07/27/2026 12:02:59,13.68,7813.12
3471,07/27/2026 12:17:59,13.77,7247.36
3472,07/27/2026 12:32:59,13.94,4120.32
3473,07/27/2026 12:47:59,13.73,8627.20
3474,07/27/2026 13:02:59,13.85,9154.56
3475,07/27/2026 13:17:59,14.03,7477.76
3476,07/27/2026 13:32:59,13.98,8939.52
3477,07/27/2026 13:47:59,13.68,7144.96
3478,07/27/2026 14:02:59,13.30,5073.92
3479,07/27/2026 14:17:59,13.04,6704.64
3480,07/27/2026 14:32:59,12.91,5795.84
3481,07/27/2026 14:47:59,12.78,6576.64
3482,07/27/2026 15:02:59,13.17,10214.40
3483,07/27/2026 15:17:59,13.73,8217.60
3484,07/27/2026 15:32:59,13.94,7162.88
3485,07/27/2026 15:47:59,14.11,6282.24
3486,07/27/2026 16:02:59,14.24,4409.60
3487,07/27/2026 16:17:59,14.33,4326.40
3488,07/27/2026 16:32:59,14.45,4759.04
3489,07/27/2026 16:47:59,14.37,4574.72
3490,07/27/2026 17:02:59,14.58,5562.88
3491,07/27/2026 17:17:59,14.45,3237.12
3492,07/27/2026 17:32:59,14.75,4001.28
3493,07/27/2026 17:47:59,14.71,2603.52
3494,07/27/2026 18:02:59,14.54,2197.76
3495,07/27/2026 18:17:59,14.75,2021.76
3496,07/27/2026 18:32:59,14.71,2094.72
3497,07/27/2026 18:47:59,14.63,1817.60
3498,07/27/2026 19:02:59,15.01,1127.04
3499,07/27/2026 19:17:59,14.84,1024.64
3500,07/27/2026 19:32:59,14.58,900.48
3501,07/27/2026 19:47:59,14.45,362.56
3502,07/27/2026 20:02:59,14.50,271.28
3503,07/27/2026 20:17:59,14.54,216.00
3504,07/27/2026 20:32:59,14.71,161.52
3505,07/27/2026 20:47:59,14.93,103.64
3506,07/27/2026 21:02:59,15.01,55.30
3507,07/27/2026 21:17:59,14.97,14.71
3508,07/27/2026 21:32:59,15.18,3.49
3509,07/27/2026 21:47:59,15.18,0.00
3510,07/27/2026 22:02:59,14.67,0.00
3511,07/27/2026 22:17:59,14.54,0.00
3512,07/27/2026 22:32:59,14.45,0.00
3513,07/27/2026 22:47:59,13.64,0.00
3514,07/27/2026 23:02:59,13.98,0.00
3515,07/27/2026 23:17:59,14.07,0.00
3516,07/27/2026 23:32:59,14.28,0.00
3517,07/27/2026 23:47:59,14.80,0.00
3518,07/28/2026 00:02:59,15.01,0.00
3519,07/28/2026 00:17:59,15.36,0.00
3520,07/28/2026 00:32:59,15.40,0.00
3521,07/28/2026 00:47:59,15.27,0.00
3522,07/28/2026 01:02:59,15.31,0.00
3523,07/28/2026 01:17:59,15.23,0.00
3524,07/28/2026 01:32:59,15.18,0.00
3525,07/28/2026 01:47:59,15.48,0.00
3526,07/28/2026 02:02:59,15.53,0.00
3527,07/28/2026 02:17:59,15.10,0.00
3528,07/28/2026 02:32:59,15.18,0.00
3529,07/28/2026 02:47:59,15.44,0.00
3530,07/28/2026 03:02:59,15.78,0.00
3531,07/28/2026 03:17:59,15.83,0.00
3532,07/28/2026 03:32:59,15.78,0.00
3533,07/28/2026 03:47:59,15.83,0.00
3534,07/28/2026 04:02:59,15.83,0.00
3535,07/28/2026 04:17:59,15.87,0.00
3536,07/28/2026 04:32:59,15.78,0.00
3537,07/28/2026 04:47:59,15.74,0.00
3538,07/28/2026 05:02:59,15.78,1.96
3539,07/28/2026 05:17:59,15.78,16.92
3540,07/28/2026 05:32:59,15.66,58.92
3541,07/28/2026 05:47:59,15.44,153.08
3542,07/28/2026 06:02:59,15.53,255.12
3543,07/28/2026 06:17:59,15.57,287.44
3544,07/28/2026 06:32:59,15.66,624.16
3545,07/28/2026 06:47:59,15.66,512.32
3546,07/28/2026 07:02:59,15.78,1379.20
3547,07/28/2026 07:17:59,15.74,615.84
3548,07/28/2026 07:32:59,15.78,2330.88
3549,07/28/2026 07:47:59,15.83,1809.28
3550,07/28/2026 08:02:59,15.87,1688.32
3551,07/28/2026 08:17:59,15.66,940.80
3552,07/28/2026 08:32:59,15.66,1697.92
3553,07/28/2026 08:47:59,15.66,2424.96
3554,07/28/2026 09:02:59,15.78,3366.40
3555,07/28/2026 09:17:59,15.66,3987.20
3556,07/28/2026 09:32:59,15.74,2735.36
3557,07/28/2026 09:47:59,15.18,2156.16
3558,07/28/2026 10:02:59,15.01,3959.04
3559,07/28/2026 10:17:59,14.84,1571.20
3560,07/28/2026 10:32:59,13.60,3063.04
3561,07/28/2026 10:47:59,13.08,2627.84
3562,07/28/2026 11:02:59,13.21,3537.92
3563,07/28/2026 11:17:59,13.12,3517.44
3564,07/28/2026 11:32:59,13.43,4371.20
3565,07/28/2026 11:47:59,14.33,4350.72
3566,07/28/2026 12:02:59,13.98,5422.08
3567,07/28/2026 12:17:59,12.01,4213.76
3568,07/28/2026 12:32:59,11.92,4476.16
3569,07/28/2026 12:47:59,12.10,4556.80
3570,07/28/2026 13:02:59,12.05,5035.52
3571,07/28/2026 13:17:59,11.79,4458.24
3572,07/28/2026 13:32:59,12.65,9658.88
3573,07/28/2026 13:47:59,12.18,9379.84
3574,07/28/2026 14:02:59,14.41,7749.12
3575,07/28/2026 14:17:59,13.98,8043.52
3576,07/28/2026 14:32:59,13.81,8148.48
3577,07/28/2026 14:47:59,13.55,11970.56
3578,07/28/2026 15:02:59,13.12,8491.52
3579,07/28/2026 15:17:59,13.55,6374.40
3580,07/28/2026 15:32:59,13.17,4633.60
3581,07/28/2026 15:47:59,12.74,4508.16
3582,07/28/2026 16:02:59,12.78,6215.68
3583,07/28/2026 16:17:59,12.95,5736.96
3584,07/28/2026 16:32:59,13.17,4423.68
3585,07/28/2026 16:47:59,12.91,3801.60
3586,07/28/2026 17:02:59,12.18,3302.40
3587,07/28/2026 17:17:59,12.52,5555.20
3588,07/28/2026 17:32:59,12.65,2883.84
3589,07/28/2026 17:47:59,13.25,2570.24
3590,07/28/2026 18:02:59,13.81,3672.32
3591,07/28/2026 18:17:59,14.33,3275.52
3592,07/28/2026 18:32:59,14.15,2099.84
3593,07/28/2026 18:47:59,14.41,1883.52
3594,07/28/2026 19:02:59,14.11,1647.36
3595,07/28/2026 19:17:59,13.73,1208.96
3596,07/28/2026 19:32:59,13.85,716.80
3597,07/28/2026 19:47:59,14.33,338.08
3598,07/28/2026 20:02:59,14.24,267.76
3599,07/28/2026 20:17:59,14.07,220.32
3600,07/28/2026 20:32:59,14.20,159.76
3601,07/28/2026 20:47:59,14.28,106.24
3602,07/28/2026 21:02:59,14.33,57.50
3603,07/28/2026 21:17:59,14.50,20.39
3604,07/28/2026 21:32:59,14.50,3.93
3605,07/28/2026 21:47:59,14.45,0.00
3606,07/28/2026 22:02:59,14.37,0.00
3607,07/28/2026 22:17:59,14.37,0.00
3608,07/28/2026 22:32:59,14.37,0.00
3609,07/28/2026 22:47:59,14.41,0.00
3610,07/28/2026 23:02:59,14.37,0.00
3611,07/28/2026 23:17:59,14.50,0.00
3612,07/28/2026 23:32:59,13.00,0.00
3613,07/28/2026 23:47:59,12.65,0.00
3614,07/29/2026 00:02:59,12.74,0.00
3615,07/29/2026 00:17:59,12.91,0.00
3616,07/29/2026 00:32:59,14.07,0.00
3617,07/29/2026 00:47:59,14.11,0.00
3618,07/29/2026 01:02:59,13.98,0.00
3619,07/29/2026 01:17:59,13.98,0.00
3620,07/29/2026 01:32:59,13.85,0.00
3621,07/29/2026 01:47:59,13.90,0.00
3622,07/29/2026 02:02:59,14.07,0.00
3623,07/29/2026 02:17:59,14.15,0.00
3624,07/29/2026 02:32:59,14.37,0.00
3625,07/29/2026 02:47:59,14.54,0.00
3626,07/29/2026 03:02:59,14.71,0.00
3627,07/29/2026 03:17:59,14.88,0.00
3628,07/29/2026 03:32:59,15.06,0.00
3629,07/29/2026 03:47:59,15.10,0.00
3630,07/29/2026 04:02:59,15.01,0.00
3631,07/29/2026 04:17:59,14.88,0.00
3632,07/29/2026 04:32:59,14.93,0.00
3633,07/29/2026 04:47:59,14.88,0.00
3634,07/29/2026 05:02:59,14.63,3.05
3635,07/29/2026 05:17:59,14.71,20.04
3636,07/29/2026 05:32:59,14.71,68.64
3637,07/29/2026 05:47:59,14.71,183.84
3638,07/29/2026 06:02:59,14.75,441.76
3639,07/29/2026 06:17:59,14.67,864.96
3640,07/29/2026 06:32:59,14.63,691.84
3641,07/29/2026 06:47:59,14.63,960.00
3642,07/29/2026 07:02:59,14.63,1647.36
3643,07/29/2026 07:17:59,14.71,3365.12
3644,07/29/2026 07:32:59,14.75,2896.64
3645,07/29/2026 07:47:59,14.37,951.36
3646,07/29/2026 08:02:59,14.63,4154.88
3647,07/29/2026 08:17:59,14.63,2108.80
3648,07/29/2026 08:32:59,15.01,5905.92
3649,07/29/2026 08:47:59,15.10,4015.36
3650,07/29/2026 09:02:59,15.14,2928.64
3651,07/29/2026 09:17:59,14.97,3317.76
3652,07/29/2026 09:32:59,15.06,4092.16
3653,07/29/2026 09:47:59,14.84,2290.56
3654,07/29/2026 10:02:59,14.97,5213.44
3655,07/29/2026 10:17:59,15.14,5437.44
3656,07/29/2026 10:32:59,15.23,6177.28
3657,07/29/2026 10:47:59,15.06,4867.84
3658,07/29/2026 11:02:59,14.97,6691.84
3659,07/29/2026 11:17:59,14.50,5007.36
3660,07/29/2026 11:32:59,13.98,8263.68
3661,07/29/2026 11:47:59,13.90,7723.52
3662,07/29/2026 12:02:59,14.03,8322.56
3663,07/29/2026 12:17:59,13.68,8693.76
3664,07/29/2026 12:32:59,13.47,8414.72
3665,07/29/2026 12:47:59,13.08,8993.28
3666,07/29/2026 13:02:59,12.78,8358.40
3667,07/29/2026 13:17:59,12.52,9643.52
3668,07/29/2026 13:32:59,12.74,9756.16
3669,07/29/2026 13:47:59,12.61,9287.68
3670,07/29/2026 14:02:59,12.10,10176.00
3671,07/29/2026 14:17:59,11.54,11125.76
3672,07/29/2026 14:32:59,12.10,9756.16
3673,07/29/2026 14:47:59,11.19,9203.20
3674,07/29/2026 15:02:59,11.49,6922.24
3675,07/29/2026 15:17:59,12.22,8624.64
3676,07/29/2026 15:32:59,12.78,8960.00
3677,07/29/2026 15:47:59,12.70,8714.24
3678,07/29/2026 16:02:59,12.74,6579.20
3679,07/29/2026 16:17:59,12.82,7068.16
3680,07/29/2026 16:32:59,12.27,6479.36
3681,07/29/2026 16:47:59,11.84,5844.48
3682,07/29/2026 17:02:59,11.37,5834.24
3683,07/29/2026 17:17:59,11.19,3749.12
3684,07/29/2026 17:32:59,12.31,3686.40
3685,07/29/2026 17:47:59,11.97,2968.32
3686,07/29/2026 18:02:59,12.27,3948.80
3687,07/29/2026 18:17:59,12.48,3662.08
3688,07/29/2026 18:32:59,13.51,2819.84
3689,07/29/2026 18:47:59,14.11,2465.28
3690,07/29/2026 19:02:59,14.93,1795.20
3691,07/29/2026 19:17:59,15.44,1434.24
3692,07/29/2026 19:32:59,15.40,648.16
3693,07/29/2026 19:47:59,15.31,480.96
3694,07/29/2026 20:02:59,15.31,397.44
3695,07/29/2026 20:17:59,15.44,318.64
3696,07/29/2026 20:32:59,15.44,240.64
3697,07/29/2026 20:47:59,15.40,156.28
3698,07/29/2026 21:02:59,15.48,79.06
3699,07/29/2026 21:17:59,15.44,27.19
3700,07/29/2026 21:32:59,15.57,5.24
3701,07/29/2026 21:47:59,15.61,0.43
3702,07/29/2026 22:02:59,15.61,0.00
3703,07/29/2026 22:17:59,15.61,0.00
3704,07/29/2026 22:32:59,15.66,0.00
3705,07/29/2026 22:47:59,15.61,0.00
3706,07/29/2026 23:02:59,15.70,0.00
3707,07/29/2026 23:17:59,15.53,0.00
3708,07/29/2026 23:32:59,15.53,0.00
3709,07/29/2026 23:47:59,15.48,0.00
3710,07/30/2026 00:02:59,15.44,0.00
3711,07/30/2026 00:17:59,13.90,0.00
3712,07/30/2026 00:32:59,15.06,0.00
3713,07/30/2026 00:47:59,15.40,0.00
3714,07/30/2026 01:02:59,15.36,0.00
3715,07/30/2026 01:17:59,15.36,0.00
3716,07/30/2026 01:32:59,15.53,0.00
3717,07/30/2026 01:47:59,15.44,0.00
3718,07/30/2026 02:02:59,15.48,0.00
3719,07/30/2026 02:17:59,15.53,0.00
3720,07/30/2026 02:32:59,15.53,0.00
3721,07/30/2026 02:47:59,15.36,0.00
3722,07/30/2026 03:02:59,15.31,0.00
3723,07/30/2026 03:17:59,15.78,0.00
3724,07/30/2026 03:32:59,15.70,0.00
3725,07/30/2026 03:47:59,15.74,0.00
3726,07/30/2026 04:02:59,15.74,0.00
3727,07/30/2026 04:17:59,16.08,0.00
3728,07/30/2026 04:32:59,15.91,0.00
3729,07/30/2026 04:47:59,15.96,0.00
3730,07/30/2026 05:02:59,15.87,2.18
3731,07/30/2026 05:17:59,16.00,14.96
3732,07/30/2026 05:32:59,16.08,65.90
3733,07/30/2026 05:47:59,16.00,178.40
3734,07/30/2026 06:02:59,16.04,288.32
3735,07/30/2026 06:17:59,15.96,393.60
3736,07/30/2026 06:32:59,16.04,723.20
3737,07/30/2026 06:47:59,15.66,790.08
3738,07/30/2026 07:02:59,15.66,1020.48
3739,07/30/2026 07:17:59,15.70,2360.32
3740,07/30/2026 07:32:59,15.78,2529.92
3741,07/30/2026 07:47:59,15.91,3184.64
3742,07/30/2026 08:02:59,16.08,3211.52
3743,07/30/2026 08:17:59,16.17,3395.84
3744,07/30/2026 08:32:59,16.34,4189.44
3745,07/30/2026 08:47:59,16.47,5265.92
3746,07/30/2026 09:02:59,16.51,5667.84
3747,07/30/2026 09:17:59,16.73,5690.88
3748,07/30/2026 09:32:59,16.73,7270.40
3749,07/30/2026 09:47:59,16.81,7534.08
3750,07/30/2026 10:02:59,16.94,6049.28
3751,07/30/2026 10:17:59,16.73,7784.96
3752,07/30/2026 10:32:59,16.04,7639.04
3753,07/30/2026 10:47:59,16.21,12328.96
3754,07/30/2026 11:02:59,15.74,7505.92
3755,07/30/2026 11:17:59,14.84,6446.08
3756,07/30/2026 11:32:59,14.50,10608.64
3757,07/30/2026 11:47:59,14.63,16194.56
3758,07/30/2026 12:02:59,14.45,8386.56
3759,07/30/2026 12:17:59,14.20,10931.20
3760,07/30/2026 12:32:59,13.73,11438.08
3761,07/30/2026 12:47:59,14.37,10222.08
3762,07/30/2026 13:02:59,13.60,9287.68
3763,07/30/2026 13:17:59,13.25,8988.16
3764,07/30/2026 13:32:59,12.31,8092.16
3765,07/30/2026 13:47:59,12.44,11089.92
3766,07/30/2026 14:02:59,12.65,8604.16
3767,07/30/2026 14:17:59,12.87,7121.92
3768,07/30/2026 14:32:59,12.48,9835.52
3769,07/30/2026 14:47:59,12.95,8903.68
3770,07/30/2026 15:02:59,11.58,6709.76
3771,07/30/2026 15:17:59,11.84,10237.44
3772,07/30/2026 15:32:59,11.71,7029.76
3773,07/30/2026 15:47:59,11.24,6807.04
3774,07/30/2026 16:02:59,11.71,6714.88
3775,07/30/2026 16:17:59,12.44,11315.20
3776,07/30/2026 16:32:59,12.18,5327.36
3777,07/30/2026 16:47:59,13.00,13163.52
3778,07/30/2026 17:02:59,13.94,7841.28
3779,07/30/2026 17:17:59,13.47,5003.52
3780,07/30/2026 17:32:59,13.30,3968.00
3781,07/30/2026 17:47:59,15.83,4983.04
3782,07/30/2026 18:02:59,15.57,4298.24
3783,07/30/2026 18:17:59,15.66,2063.36
3784,07/30/2026 18:32:59,15.57,4983.04
3785,07/30/2026 18:47:59,15.57,4025.60
3786,07/30/2026 19:02:59,15.36,1277.12
3787,07/30/2026 19:17:59,15.23,1720.32
3788,07/30/2026 19:32:59,15.31,1161.92
3789,07/30/2026 19:47:59,15.27,1003.84
3790,07/30/2026 20:02:59,15.53,825.92
3791,07/30/2026 20:17:59,15.36,578.24
3792,07/30/2026 20:32:59,15.23,363.84
3793,07/30/2026 20:47:59,15.18,158.12
3794,07/30/2026 21:02:59,15.27,64.98
3795,07/30/2026 21:17:59,15.23,24.57
3796,07/30/2026 21:32:59,15.74,4.15
3797,07/30/2026 21:47:59,15.83,0.00
3798,07/30/2026 22:02:59,15.87,0.00
3799,07/30/2026 22:17:59,15.78,0.00
3800,07/30/2026 22:32:59,15.78,0.00
3801,07/30/2026 22:47:59,15.74,0.00
3802,07/30/2026 23:02:59,15.66,0.00
3803,07/30/2026 23:17:59,15.44,0.00
3804,07/30/2026 23:32:59,15.44,0.00
3805,07/30/2026 23:47:59,15.44,0.00
3806,07/31/2026 00:02:59,15.44,0.00
3807,07/31/2026 00:17:59,15.40,0.00
3808,07/31/2026 00:32:59,15.40,0.00
3809,07/31/2026 00:47:59,15.36,0.00
3810,07/31/2026 01:02:59,15.14,0.00
3811,07/31/2026 01:17:59,14.93,0.00
3812,07/31/2026 01:32:59,14.37,0.00
3813,07/31/2026 01:47:59,14.07,0.00
3814,07/31/2026 02:02:59,13.85,0.00
3815,07/31/2026 02:17:59,13.85,0.00
3816,07/31/2026 02:32:59,13.85,0.00
3817,07/31/2026 02:47:59,13.81,0.00
3818,07/31/2026 03:02:59,13.04,0.00
3819,07/31/2026 03:17:59,12.91,0.00
3820,07/31/2026 03:32:59,12.82,0.00
3821,07/31/2026 03:47:59,12.82,0.00
3822,07/31/2026 04:02:59,12.82,0.00
3823,07/31/2026 04:17:59,12.87,0.00
3824,07/31/2026 04:32:59,12.82,0.00
3825,07/31/2026 04:47:59,12.95,0.00
3826,07/31/2026 05:02:59,13.85,0.43
3827,07/31/2026 05:17:59,13.98,5.70
3828,07/31/2026 05:32:59,13.94,24.79
3829,07/31/2026 05:47:59,13.94,25.22
3830,07/31/2026 06:02:59,15.06,54.38
3831,07/31/2026 06:17:59,15.40,60.54
3832,07/31/2026 06:32:59,15.27,101.88
3833,07/31/2026 06:47:59,15.18,143.04
3834,07/31/2026 07:02:59,15.10,222.32
3835,07/31/2026 07:17:59,14.80,245.92
3836,07/31/2026 07:32:59,14.71,647.84
3837,07/31/2026 07:47:59,14.93,2446.08
3838,07/31/2026 08:02:59,14.84,1752.96
3839,07/31/2026 08:17:59,14.67,1404.80
3840,07/31/2026 08:32:59,14.63,1512.96
3841,07/31/2026 08:47:59,14.71,1661.44
3842,07/31/2026 09:02:59,14.71,1768.32
3843,07/31/2026 09:17:59,14.88,4491.52
3844,07/31/2026 09:32:59,14.75,4910.08
3845,07/31/2026 09:47:59,14.58,5258.24
3846,07/31/2026 10:02:59,14.41,3979.52
3847,07/31/2026 10:17:59,14.20,4675.84
3848,07/31/2026 10:32:59,14.63,4074.24
3849,07/31/2026 10:47:59,14.67,4288.00
3850,07/31/2026 11:02:59,13.85,4302.08
3851,07/31/2026 11:17:59,14.24,4302.08
3852,07/31/2026 11:32:59,13.98,4640.00
3853,07/31/2026 11:47:59,13.81,4130.56
3854,07/31/2026 12:02:59,13.34,4766.72
3855,07/31/2026 12:17:59,13.04,4986.88
3856,07/31/2026 12:32:59,12.95,3878.40
3857,07/31/2026 12:47:59,12.82,5824.00
3858,07/31/2026 13:02:59,12.61,6236.16
3859,07/31/2026 13:17:59,12.40,5767.68
3860,07/31/2026 13:32:59,13.85,5895.68
3861,07/31/2026 13:47:59,13.85,4465.92
3862,07/31/2026 14:02:59,13.17,4926.72
3863,07/31/2026 14:17:59,13.04,4710.40
3864,07/31/2026 14:32:59,11.24,4867.84
3865,07/31/2026 14:47:59,12.31,4560.64
3866,07/31/2026 15:02:59,12.87,5126.40
3867,07/31/2026 15:17:59,12.87,4734.72
3868,07/31/2026 15:32:59,13.08,4064.00
3869,07/31/2026 15:47:59,12.65,4213.76
3870,07/31/2026 16:02:59,12.91,4298.24
3871,07/31/2026 16:17:59,12.82,2084.48
3872,07/31/2026 16:32:59,12.87,4665.60
3873,07/31/2026 16:47:59,12.82,2672.64
3874,07/31/2026 17:02:59,13.17,2311.68
3875,07/31/2026 17:17:59,13.34,1930.88
3876,07/31/2026 17:32:59,13.64,1779.20
3877,07/31/2026 17:47:59,13.64,2458.24
3878,07/31/2026 18:02:59,13.77,2079.36
3879,07/31/2026 18:17:59,13.81,1634.56
3880,07/31/2026 18:32:59,14.15,1254.40
3881,07/31/2026 18:47:59,14.84,1044.80
3882,07/31/2026 19:02:59,14.75,872.96
3883,07/31/2026 19:17:59,14.80,697.60
3884,07/31/2026 19:32:59,14.71,338.08
3885,07/31/2026 19:47:59,14.67,291.60
3886,07/31/2026 20:02:59,14.45,247.68
3887,07/31/2026 20:17:59,14.58,210.72
3888,07/31/2026 20:32:59,14.54,130.80
3889,07/31/2026 20:47:59,14.54,78.18
3890,07/31/2026 21:02:59,14.54,36.85
3891,07/31/2026 21:17:59,14.50,10.53
3892,07/31/2026 21:32:59,14.41,1.52
3893,07/31/2026 21:47:59,14.37,0.00
3894,07/31/2026 22:02:59,14.33,0.00
3895,07/31/2026 22:17:59,14.37,0.00
3896,07/31/2026 22:32:59,14.45,0.00
3897,07/31/2026 22:47:59,14.41,0.00
3898,07/31/2026 23:02:59,14.58,0.00
3899,07/31/2026 23:17:59,14.63,0.00
3900,07/31/2026 23:32:59,14.58,0.00
3901,07/31/2026 23:47:59,14.67,0.00
3902,08/01/2026 00:02:59,14.63,0.00
3903,08/01/2026 00:17:59,14.63,0.00
3904,08/01/2026 00:32:59,14.58,0.00
3905,08/01/2026 00:47:59,14.67,0.00
3906,08/01/2026 01:02:59,14.63,0.00
3907,08/01/2026 01:17:59,14.50,0.00
3908,08/01/2026 01:32:59,14.11,0.00
3909,08/01/2026 01:47:59,14.71,0.00
3910,08/01/2026 02:02:59,14.71,0.00
3911,08/01/2026 02:17:59,14.84,0.00
3912,08/01/2026 02:32:59,14.84,0.00
3913,08/01/2026 02:47:59,14.84,0.00
3914,08/01/2026 03:02:59,14.75,0.00
3915,08/01/2026 03:17:59,14.67,0.00
3916,08/01/2026 03:32:59,14.80,0.00
3917,08/01/2026 03:47:59,15.10,0.00
3918,08/01/2026 04:02:59,15.18,0.00
3919,08/01/2026 04:17:59,15.36,0.00
3920,08/01/2026 04:32:59,15.57,0.00
3921,08/01/2026 04:47:59,15.53,0.00
3922,08/01/2026 05:02:59,15.48,0.21
3923,08/01/2026 05:17:59,15.36,3.95
3924,08/01/2026 05:32:59,15.27,18.89
3925,08/01/2026 05:47:59,15.27,61.92
3926,08/01/2026 06:02:59,15.23,105.36
3927,08/01/2026 06:17:59,15.23,173.92
3928,08/01/2026 06:32:59,15.31,342.88
3929,08/01/2026 06:47:59,15.27,384.80
3930,08/01/2026 07:02:59,15.27,541.12
3931,08/01/2026 07:17:59,15.31,629.44
3932,08/01/2026 07:32:59,15.23,789.12
3933,08/01/2026 07:47:59,15.23,823.36
3934,08/01/2026 08:02:59,15.14,1116.48
3935,08/01/2026 08:17:59,15.18,1161.92
3936,08/01/2026 08:32:59,15.14,1696.64
3937,08/01/2026 08:47:59,15.14,2372.48
3938,08/01/2026 09:02:59,15.23,3651.84
3939,08/01/2026 09:17:59,15.40,4035.84
3940,08/01/2026 09:32:59,15.70,5136.64
3941,08/01/2026 09:47:59,15.66,6499.84
3942,08/01/2026 10:02:59,15.66,3825.92
3943,08/01/2026 10:17:59,15.87,7413.76
3944,08/01/2026 10:32:59,16.17,4288.00
3945,08/01/2026 10:47:59,16.51,5708.80
3946,08/01/2026 11:02:59,16.64,4983.04
3947,08/01/2026 11:17:59,16.64,5027.84
3948,08/01/2026 11:32:59,16.64,6384.64
3949,08/01/2026 11:47:59,16.77,6059.52
3950,08/01/2026 12:02:59,16.51,3920.64
3951,08/01/2026 12:17:59,15.87,4508.16
3952,08/01/2026 12:32:59,14.50,4230.40
3953,08/01/2026 12:47:59,14.67,4577.28
3954,08/01/2026 13:02:59,14.67,4431.36
3955,08/01/2026 13:17:59,12.70,4797.44
3956,08/01/2026 13:32:59,13.04,5015.04
3957,08/01/2026 13:47:59,13.55,6366.72
3958,08/01/2026 14:02:59,13.08,6379.52
3959,08/01/2026 14:17:59,12.35,5273.60
3960,08/01/2026 14:32:59,12.48,4657.92
3961,08/01/2026 14:47:59,12.48,3623.68
3962,08/01/2026 15:02:59,12.57,3644.16
3963,08/01/2026 15:17:59,12.27,3767.04
3964,08/01/2026 15:32:59,12.74,4668.16
3965,08/01/2026 15:47:59,12.44,4378.88
3966,08/01/2026 16:02:59,13.08,4689.92
3967,08/01/2026 16:17:59,13.17,2705.92
3968,08/01/2026 16:32:59,12.91,5985.28
3969,08/01/2026 16:47:59,12.10,4224.00
3970,08/01/2026 17:02:59,11.24,3123.20
3971,08/01/2026 17:17:59,13.08,2068.48
3972,08/01/2026 17:32:59,13.47,2771.20
3973,08/01/2026 17:47:59,13.12,2766.08
3974,08/01/2026 18:02:59,12.82,1859.20
3975,08/01/2026 18:17:59,13.17,2247.04
3976,08/01/2026 18:32:59,13.81,1607.04
3977,08/01/2026 18:47:59,14.54,1395.84
3978,08/01/2026 19:02:59,14.63,1115.52
3979,08/01/2026 19:17:59,14.67,1007.68
3980,08/01/2026 19:32:59,14.63,424.96
3981,08/01/2026 19:47:59,14.71,324.96
3982,08/01/2026 20:02:59,14.80,266.00
3983,08/01/2026 20:17:59,15.36,230.16
3984,08/01/2026 20:32:59,15.23,167.68
3985,08/01/2026 20:47:59,15.23,101.88
3986,08/01/2026 21:02:59,15.70,45.20
3987,08/01/2026 21:17:59,15.87,12.72
3988,08/01/2026 21:32:59,15.87,2.18
3989,08/01/2026 21:47:59,15.91,0.00
3990,08/01/2026 22:02:59,16.00,0.00
3991,08/01/2026 22:17:59,16.21,0.00
3992,08/01/2026 22:32:59,16.43,0.00
3993,08/01/2026 22:47:59,16.21,0.00
3994,08/01/2026 23:02:59,16.21,0.00
3995,08/01/2026 23:17:59,16.43,0.00
3996,08/01/2026 23:32:59,16.47,0.00
3997,08/01/2026 23:47:59,16.26,0.00
3998,08/02/2026 00:02:59,16.39,0.00
3999,08/02/2026 00:17:59,15.40,0.00
4000,08/02/2026 00:32:59,15.10,0.00
4001,08/02/2026 00:47:59,13.98,0.00
4002,08/02/2026 01:02:59,13.94,0.00
4003,08/02/2026 01:17:59,14.24,0.00
4004,08/02/2026 01:32:59,14.03,0.00
4005,08/02/2026 01:47:59,14.11,0.00
4006,08/02/2026 02:02:59,14.58,0.00
4007,08/02/2026 02:17:59,14.03,0.00
4008,08/02/2026 02:32:59,12.95,0.00
4009,08/02/2026 02:47:59,13.12,0.00
4010,08/02/2026 03:02:59,12.87,0.00
4011,08/02/2026 03:17:59,12.82,0.00
4012,08/02/2026 03:32:59,14.50,0.00
4013,08/02/2026 03:47:59,14.93,0.00
4014,08/02/2026 04:02:59,14.84,0.00
4015,08/02/2026 04:17:59,14.75,0.00
4016,08/02/2026 04:32:59,14.67,0.00
4017,08/02/2026 04:47:59,14.71,0.00
4018,08/02/2026 05:02:59,14.75,0.21
4019,08/02/2026 05:17:59,14.75,4.15
4020,08/02/2026 05:32:59,14.84,22.60
4021,08/02/2026 05:47:59,14.93,66.78
4022,08/02/2026 06:02:59,15.10,152.88
4023,08/02/2026 06:17:59,14.97,217.92
4024,08/02/2026 06:32:59,15.01,369.92
4025,08/02/2026 06:47:59,15.06,571.36
4026,08/02/2026 07:02:59,15.18,950.40
4027,08/02/2026 07:17:59,15.18,801.92
4028,08/02/2026 07:32:59,15.36,2180.48
4029,08/02/2026 07:47:59,15.27,1347.20
4030,08/02/2026 08:02:59,15.44,2835.20
4031,08/02/2026 08:17:59,15.31,2362.24
4032,08/02/2026 08:32:59,15.27,3264.00
4033,08/02/2026 08:47:59,15.70,3795.20
4034,08/02/2026 09:02:59,15.74,4643.84
4035,08/02/2026 09:17:59,15.96,5175.04
4036,08/02/2026 09:32:59,16.26,5890.56
4037,08/02/2026 09:47:59,16.47,4280.32
4038,08/02/2026 10:02:59,16.26,4989.44
4039,08/02/2026 10:17:59,16.04,10414.08
4040,08/02/2026 10:32:59,16.13,7029.76
4041,08/02/2026 10:47:59,16.26,6929.92
4042,08/02/2026 11:02:59,16.64,6039.04
4043,08/02/2026 11:17:59,16.73,5959.68
4044,08/02/2026 11:32:59,16.99,5059.84
4045,08/02/2026 11:47:59,16.30,4343.04
4046,08/02/2026 12:02:59,15.96,5859.84
4047,08/02/2026 12:17:59,15.83,8422.40
4048,08/02/2026 12:32:59,15.31,5488.64
4049,08/02/2026 12:47:59,16.04,7503.36
4050,08/02/2026 13:02:59,14.71,6297.60
4051,08/02/2026 13:17:59,13.73,6425.60
4052,08/02/2026 13:32:59,13.81,4637.44
4053,08/02/2026 13:47:59,14.03,6576.64
4054,08/02/2026 14:02:59,13.90,8197.12
4055,08/02/2026 14:17:59,13.47,5486.08
4056,08/02/2026 14:32:59,13.81,5189.12
4057,08/02/2026 14:47:59,13.17,6681.60
4058,08/02/2026 15:02:59,12.82,8791.04
4059,08/02/2026 15:17:59,12.74,7523.84
4060,08/02/2026 15:32:59,12.70,4898.56
4061,08/02/2026 15:47:59,14.41,6062.08
4062,08/02/2026 16:02:59,13.98,4130.56
4063,08/02/2026 16:17:59,12.65,8058.88
4064,08/02/2026 16:32:59,13.08,6289.92
4065,08/02/2026 16:47:59,13.04,8780.80
4066,08/02/2026 17:02:59,12.78,4462.08
4067,08/02/2026 17:17:59,12.05,3206.40
4068,08/02/2026 17:32:59,12.48,3786.24
4069,08/02/2026 17:47:59,12.82,2513.92
4070,08/02/2026 18:02:59,13.64,4386.56
4071,08/02/2026 18:17:59,14.67,4189.44
4072,08/02/2026 18:32:59,14.97,2675.20
4073,08/02/2026 18:47:59,14.71,1834.24
4074,08/02/2026 19:02:59,15.83,1672.96
4075,08/02/2026 19:17:59,16.17,1502.72
4076,08/02/2026 19:32:59,16.21,681.28
4077,08/02/2026 19:47:59,16.13,506.72
4078,08/02/2026 20:02:59,15.74,427.68
4079,08/02/2026 20:17:59,15.91,355.52
4080,08/02/2026 20:32:59,15.87,264.24
4081,08/02/2026 20:47:59,15.83,164.24
4082,08/02/2026 21:02:59,16.34,66.28
4083,08/02/2026 21:17:59,16.47,15.80
4084,08/02/2026 21:32:59,16.51,2.62
4085,08/02/2026 21:47:59,16.51,0.00
4086,08/02/2026 22:02:59,16.43,0.00
4087,08/02/2026 22:17:59,16.69,0.00
4088,08/02/2026 22:32:59,16.60,0.00
4089,08/02/2026 22:47:59,16.56,0.00
4090,08/02/2026 23:02:59,16.51,0.00
4091,08/02/2026 23:17:59,16.47,0.00
4092,08/02/2026 23:32:59,16.43,0.00
4093,08/02/2026 23:47:59,16.34,0.00
4094,08/03/2026 00:02:59,16.26,0.00
4095,08/03/2026 00:17:59,16.26,0.00
4096,08/03/2026 00:32:59,16.13,0.00
4097,08/03/2026 00:47:59,16.08,0.00
4098,08/03/2026 01:02:59,16.00,0.00
4099,08/03/2026 01:17:59,15.87,0.00
4100,08/03/2026 01:32:59,15.74,0.00
4101,08/03/2026 01:47:59,15.27,0.00
4102,08/03/2026 02:02:59,15.57,0.00
4103,08/03/2026 02:17:59,14.88,0.00
4104,08/03/2026 02:32:59,15.10,0.00
4105,08/03/2026 02:47:59,15.10,0.00
4106,08/03/2026 03:02:59,14.71,0.00
4107,08/03/2026 03:17:59,13.85,0.00
4108,08/03/2026 03:32:59,14.88,0.00
4109,08/03/2026 03:47:59,15.27,0.00
4110,08/03/2026 04:02:59,15.40,0.00
4111,08/03/2026 04:17:59,15.31,0.00
4112,08/03/2026 04:32:59,15.06,0.00
4113,08/03/2026 04:47:59,15.01,0.00
4114,08/03/2026 05:02:59,15.01,0.00
4115,08/03/2026 05:17:59,14.93,5.26
4116,08/03/2026 05:32:59,14.93,31.61
4117,08/03/2026 05:47:59,14.84,99.24
4118,08/03/2026 06:02:59,15.01,214.48
4119,08/03/2026 06:17:59,15.14,390.88
4120,08/03/2026 06:32:59,15.14,628.48
4121,08/03/2026 06:47:59,15.23,952.32
4122,08/03/2026 07:02:59,15.61,1487.36
4123,08/03/2026 07:17:59,15.66,1855.36
4124,08/03/2026 07:32:59,16.04,2398.72
4125,08/03/2026 07:47:59,16.17,3027.20
4126,08/03/2026 08:02:59,16.13,3706.88
4127,08/03/2026 08:17:59,16.21,4392.96
4128,08/03/2026 08:32:59,16.43,5118.72
4129,08/03/2026 08:47:59,16.81,5975.04
4130,08/03/2026 09:02:59,18.53,10511.36
4131,08/03/2026 09:17:59,20.16,11842.56
4132,08/03/2026 09:32:59,21.23,12410.88
4133,08/03/2026 09:47:59,21.58,13772.80
4134,08/03/2026 10:02:59,23.08,15457.28
4135,08/03/2026 10:17:59,23.42,14095.36
4136,08/03/2026 10:32:59,23.89,14305.28
4137,08/03/2026 10:47:59,19.90,17177.60
4138,08/03/2026 11:02:59,18.57,14330.88
4139,08/03/2026 11:17:59,18.23,13332.48
4140,08/03/2026 11:32:59,18.74,11473.92
4141,08/03/2026 11:47:59,17.97,13977.60
4142,08/03/2026 12:02:59,16.60,13542.40
4143,08/03/2026 12:17:59,16.39,13916.16
4144,08/03/2026 12:32:59,15.61,12584.96
4145,08/03/2026 12:47:59,15.57,11432.96
4146,08/03/2026 13:02:59,15.40,13122.56
4147,08/03/2026 13:17:59,14.97,12293.12
4148,08/03/2026 13:32:59,15.01,10557.44
4149,08/03/2026 13:47:59,15.14,11182.08
4150,08/03/2026 14:02:59,13.81,10224.64
4151,08/03/2026 14:17:59,13.90,11586.56
4152,08/03/2026 14:32:59,13.90,8847.36
4153,08/03/2026 14:47:59,14.07,12825.60
4154,08/03/2026 15:02:59,13.55,9239.04
4155,08/03/2026 15:17:59,13.68,8693.76
4156,08/03/2026 15:32:59,13.55,9408.00
4157,08/03/2026 15:47:59,13.51,8903.68
4158,08/03/2026 16:02:59,13.38,8120.32
4159,08/03/2026 16:17:59,13.00,9218.56
4160,08/03/2026 16:32:59,12.22,9384.96
4161,08/03/2026 16:47:59,12.22,7590.40
4162,08/03/2026 17:02:59,12.65,7101.44
4163,08/03/2026 17:17:59,12.31,6330.88
4164,08/03/2026 17:32:59,12.18,8140.80
4165,08/03/2026 17:47:59,12.01,7101.44
4166,08/03/2026 18:02:59,11.92,5752.32
4167,08/03/2026 18:17:59,11.92,5524.48
4168,08/03/2026 18:32:59,11.92,4742.40
4169,08/03/2026 18:47:59,11.79,2840.32
4170,08/03/2026 19:02:59,12.31,3456.00
4171,08/03/2026 19:17:59,12.44,2580.48
4172,08/03/2026 19:32:59,14.11,1185.60
4173,08/03/2026 19:47:59,15.44,849.92
4174,08/03/2026 20:02:59,15.57,735.36
4175,08/03/2026 20:17:59,15.74,570.08
4176,08/03/2026 20:32:59,15.61,378.40
4177,08/03/2026 20:47:59,15.48,235.44
4178,08/03/2026 21:02:59,15.36,89.52
4179,08/03/2026 21:17:59,15.31,23.91
4180,08/03/2026 21:32:59,15.01,3.27
4181,08/03/2026 21:47:59,14.97,0.00
4182,08/03/2026 22:02:59,14.97,0.00
4183,08/03/2026 22:17:59,14.93,0.00
4184,08/03/2026 22:32:59,14.93,0.00
4185,08/03/2026 22:47:59,14.88,0.00
4186,08/03/2026 23:02:59,15.06,0.00
4187,08/03/2026 23:17:59,15.06,0.00
4188,08/03/2026 23:32:59,14.97,0.00
4189,08/03/2026 23:47:59,14.67,0.00
4190,08/04/2026 00:02:59,14.88,0.00
4191,08/04/2026 00:17:59,14.88,0.00
4192,08/04/2026 00:32:59,14.75,0.00
4193,08/04/2026 00:47:59,14.93,0.00
4194,08/04/2026 01:02:59,14.71,0.00
4195,08/04/2026 01:17:59,14.88,0.00
4196,08/04/2026 01:32:59,14.80,0.00
4197,08/04/2026 01:47:59,15.10,0.00
4198,08/04/2026 02:02:59,15.23,0.00
4199,08/04/2026 02:17:59,15.10,0.00
4200,08/04/2026 02:32:59,15.01,0.00
4201,08/04/2026 02:47:59,14.93,0.00
4202,08/04/2026 03:02:59,14.80,0.00
4203,08/04/2026 03:17:59,14.71,0.00
4204,08/04/2026 03:32:59,14.75,0.00
4205,08/04/2026 03:47:59,14.50,0.00
4206,08/04/2026 04:02:59,14.45,0.00
4207,08/04/2026 04:17:59,14.37,0.00
4208,08/04/2026 04:32:59,14.41,0.00
4209,08/04/2026 04:47:59,14.37,0.00
4210,08/04/2026 05:02:59,14.41,0.00
4211,08/04/2026 05:17:59,14.37,2.83
4212,08/04/2026 05:32:59,14.24,23.48
4213,08/04/2026 05:47:59,14.15,80.80
4214,08/04/2026 06:02:59,14.07,136.16
4215,08/04/2026 06:17:59,13.98,115.08
4216,08/04/2026 06:32:59,14.28,261.84
4217,08/04/2026 06:47:59,14.45,817.92
4218,08/04/2026 07:02:59,14.67,527.20
4219,08/04/2026 07:17:59,14.84,442.08
4220,08/04/2026 07:32:59,14.88,628.16
4221,08/04/2026 07:47:59,15.01,1340.16
4222,08/04/2026 08:02:59,15.01,1391.36
4223,08/04/2026 08:17:59,14.93,1403.52
4224,08/04/2026 08:32:59,14.93,2161.28
4225,08/04/2026 08:47:59,14.84,1846.40
4226,08/04/2026 09:02:59,14.97,2460.16
4227,08/04/2026 09:17:59,15.23,5157.12
4228,08/04/2026 09:32:59,15.18,2999.04
4229,08/04/2026 09:47:59,15.31,5080.32
4230,08/04/2026 10:02:59,15.53,6924.80
4231,08/04/2026 10:17:59,15.78,11724.80
4232,08/04/2026 10:32:59,15.44,5332.48
4233,08/04/2026 10:47:59,15.44,5112.32
4234,08/04/2026 11:02:59,15.14,1221.44
4235,08/04/2026 11:17:59,15.06,1192.32
4236,08/04/2026 11:32:59,14.97,1684.48
4237,08/04/2026 11:47:59,15.23,5196.80
4238,08/04/2026 12:02:59,15.27,6064.64
4239,08/04/2026 12:17:59,15.23,2508.80
4240,08/04/2026 12:32:59,15.27,3714.56
4241,08/04/2026 12:47:59,15.06,1360.64
4242,08/04/2026 13:02:59,14.75,2456.32
4243,08/04/2026 13:17:59,14.67,8471.04
4244,08/04/2026 13:32:59,15.01,2397.44
4245,08/04/2026 13:47:59,14.67,1582.72
4246,08/04/2026 14:02:59,14.71,3878.40
4247,08/04/2026 14:17:59,14.58,5918.72
4248,08/04/2026 14:32:59,14.41,5053.44
4249,08/04/2026 14:47:59,14.20,4496.64
4250,08/04/2026 15:02:59,14.11,7288.32
4251,08/04/2026 15:17:59,14.07,3214.08
4252,08/04/2026 15:32:59,13.94,3595.52
4253,08/04/2026 15:47:59,13.90,4088.32
4254,08/04/2026 16:02:59,13.68,3418.88
4255,08/04/2026 16:17:59,13.51,2828.80
4256,08/04/2026 16:32:59,13.38,5900.80
4257,08/04/2026 16:47:59,13.21,4979.20
4258,08/04/2026 17:02:59,12.82,2432.00
4259,08/04/2026 17:17:59,12.70,947.84
4260,08/04/2026 17:32:59,12.91,3686.40
4261,08/04/2026 17:47:59,12.91,2206.72
4262,08/04/2026 18:02:59,12.95,451.20
4263,08/04/2026 18:17:59,12.74,288.96
4264,08/04/2026 18:32:59,11.88,393.60
4265,08/04/2026 18:47:59,11.84,378.40
4266,08/04/2026 19:02:59,11.97,332.00
4267,08/04/2026 19:17:59,12.48,503.20
4268,08/04/2026 19:32:59,12.40,654.40
4269,08/04/2026 19:47:59,12.05,885.44
4270,08/04/2026 20:02:59,11.19,967.04
4271,08/04/2026 20:17:59,10.94,440.64
4272,08/04/2026 20:32:59,10.98,245.92
4273,08/04/2026 20:47:59,10.94,151.88
4274,08/04/2026 21:02:59,10.89,59.24
4275,08/04/2026 21:17:59,10.94,15.78
4276,08/04/2026 21:32:59,11.11,1.52
4277,08/04/2026 21:47:59,11.11,0.00
4278,08/04/2026 22:02:59,11.24,0.00
4279,08/04/2026 22:17:59,13.60,0.00
4280,08/04/2026 22:32:59,13.98,0.00
4281,08/04/2026 22:47:59,14.24,0.00
4282,08/04/2026 23:02:59,14.15,0.00
4283,08/04/2026 23:17:59,14.24,0.00
4284,08/04/2026 23:32:59,14.07,0.00
4285,08/04/2026 23:47:59,13.85,0.00
4286,08/05/2026 00:02:59,13.64,0.00
4287,08/05/2026 00:17:59,13.90,0.00
4288,08/05/2026 00:32:59,13.90,0.00
4289,08/05/2026 00:47:59,14.11,0.00
4290,08/05/2026 01:02:59,14.11,0.00
4291,08/05/2026 01:17:59,14.03,0.00
4292,08/05/2026 01:32:59,14.07,0.00
4293,08/05/2026 01:47:59,13.98,0.00
4294,08/05/2026 02:02:59,13.98,0.00
4295,08/05/2026 02:17:59,14.03,0.00
4296,08/05/2026 02:32:59,14.07,0.00
4297,08/05/2026 02:47:59,14.03,0.00
4298,08/05/2026 03:02:59,13.98,0.00
4299,08/05/2026 03:17:59,13.85,0.00
4300,08/05/2026 03:32:59,13.85,0.00
4301,08/05/2026 03:47:59,13.64,0.00
4302,08/05/2026 04:02:59,13.43,0.00
4303,08/05/2026 04:17:59,13.30,0.00
4304,08/05/2026 04:32:59,13.08,0.00
4305,08/05/2026 04:47:59,12.87,0.00
4306,08/05/2026 05:02:59,12.74,0.00
4307,08/05/2026 05:17:59,12.61,2.62
4308,08/05/2026 05:32:59,12.52,19.74
4309,08/05/2026 05:47:59,12.40,63.22
4310,08/05/2026 06:02:59,12.31,139.68
4311,08/05/2026 06:17:59,12.27,235.20
4312,08/05/2026 06:32:59,12.18,454.24
4313,08/05/2026 06:47:59,12.14,770.56
4314,08/05/2026 07:02:59,12.22,846.40
4315,08/05/2026 07:17:59,12.27,1665.92
4316,08/05/2026 07:32:59,12.35,1778.56
4317,08/05/2026 07:47:59,12.48,2087.68
4318,08/05/2026 08:02:59,12.65,3567.36
4319,08/05/2026 08:17:59,13.21,2997.76
4320,08/05/2026 08:32:59,13.43,3127.04
4321,08/05/2026 08:47:59,13.77,4070.40
4322,08/05/2026 09:02:59,13.98,4483.84
4323,08/05/2026 09:17:59,14.11,6412.80
4324,08/05/2026 09:32:59,14.15,8512.00
4325,08/05/2026 09:47:59,14.03,5680.64
4326,08/05/2026 10:02:59,14.20,8061.44
4327,08/05/2026 10:17:59,14.15,5324.80
4328,08/05/2026 10:32:59,14.15,8069.12
4329,08/05/2026 10:47:59,14.28,8135.68
4330,08/05/2026 11:02:59,14.45,7946.24
4331,08/05/2026 11:17:59,14.71,14970.88
4332,08/05/2026 11:32:59,14.84,9408.00
4333,08/05/2026 11:47:59,15.01,10147.84
4334,08/05/2026 12:02:59,15.57,14479.36
4335,08/05/2026 12:17:59,15.87,12559.36
4336,08/05/2026 12:32:59,15.14,11115.52
4337,08/05/2026 12:47:59,14.63,6922.24
4338,08/05/2026 13:02:59,14.67,7810.56
4339,08/05/2026 13:17:59,14.63,7756.80
4340,08/05/2026 13:32:59,14.28,6855.68
4341,08/05/2026 13:47:59,13.73,7918.08
4342,08/05/2026 14:02:59,13.98,6638.08
4343,08/05/2026 14:17:59,13.98,5227.52
4344,08/05/2026 14:32:59,13.38,6379.52
4345,08/05/2026 14:47:59,13.30,7165.44
4346,08/05/2026 15:02:59,13.43,7316.48
4347,08/05/2026 15:17:59,13.43,8471.04
4348,08/05/2026 15:32:59,13.43,5447.68
4349,08/05/2026 15:47:59,13.43,6932.48
4350,08/05/2026 16:02:59,13.51,4843.52
4351,08/05/2026 16:17:59,13.60,4049.92
4352,08/05/2026 16:32:59,13.55,5185.28
4353,08/05/2026 16:47:59,13.43,4465.92
4354,08/05/2026 17:02:59,13.51,3783.68
4355,08/05/2026 17:17:59,13.60,4112.64
4356,08/05/2026 17:32:59,13.51,5053.44
4357,08/05/2026 17:47:59,13.43,3256.32
4358,08/05/2026 18:02:59,13.34,2725.12
4359,08/05/2026 18:17:59,13.47,1993.60
4360,08/05/2026 18:32:59,13.43,2449.28
4361,08/05/2026 18:47:59,13.77,2297.60
4362,08/05/2026 19:02:59,14.03,1838.08
4363,08/05/2026 19:17:59,13.98,1179.20
4364,08/05/2026 19:32:59,14.03,596.64
4365,08/05/2026 19:47:59,13.90,464.32
4366,08/05/2026 20:02:59,14.28,408.80
4367,08/05/2026 20:17:59,15.18,324.80
4368,08/05/2026 20:32:59,15.61,224.72
4369,08/05/2026 20:47:59,15.06,126.44
4370,08/05/2026 21:02:59,14.88,47.38
4371,08/05/2026 21:17:59,14.75,9.63
4372,08/05/2026 21:32:59,14.80,0.65
4373,08/05/2026 21:47:59,14.84,0.00
4374,08/05/2026 22:02:59,15.01,0.00
4375,08/05/2026 22:17:59,15.18,0.00
4376,08/05/2026 22:32:59,15.14,0.00
4377,08/05/2026 22:47:59,15.18,0.00
4378,08/05/2026 23:02:59,15.36,0.00
4379,08/05/2026 23:17:59,15.31,0.00
4380,08/05/2026 23:32:59,15.36,0.21
4381,08/05/2026 23:47:59,15.36,0.00
4382,08/06/2026 00:02:59,15.36,0.00
4383,08/06/2026 00:17:59,15.27,0.00
4384,08/06/2026 00:32:59,15.23,0.00
4385,08/06/2026 00:47:59,15.27,0.00
4386,08/06/2026 01:02:59,15.18,0.00
4387,08/06/2026 01:17:59,15.18,0.00
4388,08/06/2026 01:32:59,15.14,0.00
4389,08/06/2026 01:47:59,15.14,0.00
4390,08/06/2026 02:02:59,15.10,0.00
4391,08/06/2026 02:17:59,15.06,0.00
4392,08/06/2026 02:32:59,15.06,0.00
4393,08/06/2026 02:47:59,14.93,0.00
4394,08/06/2026 03:02:59,14.93,0.00
4395,08/06/2026 03:17:59,14.93,0.00
4396,08/06/2026 03:32:59,15.01,0.00
4397,08/06/2026 03:47:59,14.97,0.00
4398,08/06/2026 04:02:59,14.84,0.00
4399,08/06/2026 04:17:59,14.93,0.00
4400,08/06/2026 04:32:59,14.84,0.00
4401,08/06/2026 04:47:59,14.88,0.00
4402,08/06/2026 05:02:59,14.80,0.00
4403,08/06/2026 05:17:59,14.80,1.31
4404,08/06/2026 05:32:59,14.75,11.19
4405,08/06/2026 05:47:59,14.75,42.10
4406,08/06/2026 06:02:59,14.75,111.60
4407,08/06/2026 06:17:59,14.71,218.80
4408,08/06/2026 06:32:59,14.71,366.24
4409,08/06/2026 06:47:59,14.67,434.56
4410,08/06/2026 07:02:59,14.75,675.20
4411,08/06/2026 07:17:59,14.88,1043.84
4412,08/06/2026 07:32:59,15.10,1434.88
4413,08/06/2026 07:47:59,15.18,1564.80
4414,08/06/2026 08:02:59,15.27,3256.32
4415,08/06/2026 08:17:59,15.23,4472.32
4416,08/06/2026 08:32:59,15.40,4046.08
4417,08/06/2026 08:47:59,15.57,6873.60
4418,08/06/2026 09:02:59,15.53,7749.12
4419,08/06/2026 09:17:59,15.66,4535.04
4420,08/06/2026 09:32:59,15.78,3550.72
4421,08/06/2026 09:47:59,16.04,7221.76
4422,08/06/2026 10:02:59,16.13,7078.40
4423,08/06/2026 10:17:59,16.08,8135.68
4424,08/06/2026 10:32:59,16.26,5852.16
4425,08/06/2026 10:47:59,16.30,6581.76
4426,08/06/2026 11:02:59,16.39,8184.32
4427,08/06/2026 11:17:59,16.43,8673.28
4428,08/06/2026 11:32:59,16.60,8163.84
4429,08/06/2026 11:47:59,16.60,7411.20
4430,08/06/2026 12:02:59,16.60,9574.40
4431,08/06/2026 12:17:59,18.14,7910.40
4432,08/06/2026 12:32:59,30.67,54149.12
4433,08/06/2026 12:47:59,25.05,7040.00
4434,08/06/2026 13:02:59,26.25,9848.32
4435,08/06/2026 13:17:59,19.82,700.16
4436,08/06/2026 13:32:59,23.34,8217.60
4437,08/06/2026 13:47:59,24.71,688.00
4438,08/06/2026 14:02:59,24.02,2350.08
4439,08/06/2026 14:17:59,22.52,29982.72
4440,08/06/2026 14:32:59,27.58,3959.04
4441,08/06/2026 14:47:59,29.77,4158.72
4442,08/06/2026 15:02:59,28.74,2905.60
4443,08/06/2026 15:17:59,28.44,3763.20
4444,08/06/2026 15:32:59,29.21,6543.36
4445,08/06/2026 15:47:59,32.30,10700.80
4446,08/06/2026 16:02:59,31.79,12062.72
4447,08/06/2026 16:17:59,32.26,15784.96
4448,08/06/2026 16:32:59,32.26,16721.92
4449,08/06/2026 16:47:59,32.39,17505.28
4450,08/06/2026 17:02:59,31.57,8519.68
4451,08/06/2026 17:17:59,31.31,17689.60
4452,08/06/2026 17:32:59,29.17,2061.44
4453,08/06/2026 17:47:59,27.37,1755.52
4454,08/06/2026 18:02:59,22.22,135.40
4455,08/06/2026 18:17:59,25.48,3585.28
4456,08/06/2026 18:32:59,24.84,0.00
4457,08/06/2026 18:47:59,25.22,0.00
4458,08/06/2026 19:02:59,25.74,0.00
4459,08/06/2026 19:17:59,25.95,0.00
4460,08/06/2026 19:32:59,25.87,0.00
4461,08/06/2026 19:47:59,25.44,0.00
4462,08/06/2026 20:02:59,25.27,55.64
4463,08/06/2026 20:17:59,27.15,100.68
4464,08/06/2026 20:32:59,27.88,1.09
4465,08/06/2026 20:47:59,27.67,0.21
4466,08/06/2026 21:02:59,27.45,0.00
4467,08/06/2026 21:17:59,27.20,0.00
4468,08/06/2026 21:32:59,26.94,0.00
4469,08/06/2026 21:47:59,26.85,0.00
4470,08/06/2026 22:02:59,26.64,0.00
4471,08/06/2026 22:17:59,26.47,0.00
4472,08/06/2026 22:32:59,26.38,0.00
4473,08/06/2026 22:47:59,26.21,0.00
4474,08/06/2026 23:02:59,26.08,0.00
4475,08/06/2026 23:17:59,25.99,0.00
4476,08/06/2026 23:32:59,25.82,0.00
4477,08/06/2026 23:47:59,25.74,0.00
4478,08/07/2026 00:02:59,25.65,0.00
4479,08/07/2026 00:17:59,25.52,0.00
4480,08/07/2026 00:32:59,25.39,0.00
4481,08/07/2026 00:47:59,25.31,0.00
4482,08/07/2026 01:02:59,25.18,0.00
4483,08/07/2026 01:17:59,25.14,0.00
4484,08/07/2026 01:32:59,25.05,0.00
4485,08/07/2026 01:47:59,24.92,0.00
4486,08/07/2026 02:02:59,24.88,0.00
4487,08/07/2026 02:17:59,24.79,0.00
4488,08/07/2026 02:32:59,24.71,0.00
4489,08/07/2026 02:47:59,24.62,0.00
4490,08/07/2026 03:02:59,24.54,0.00
4491,08/07/2026 03:17:59,24.49,0.00
4492,08/07/2026 03:32:59,24.36,0.00
4493,08/07/2026 03:47:59,24.32,0.00
4494,08/07/2026 04:02:59,24.24,0.00
4495,08/07/2026 04:17:59,24.11,0.00
4496,08/07/2026 04:32:59,24.06,0.00
4497,08/07/2026 04:47:59,23.94,0.00
4498,08/07/2026 05:02:59,23.85,0.00
4499,08/07/2026 05:17:59,23.85,0.00
4500,08/07/2026 05:32:59,23.72,0.00
4501,08/07/2026 05:47:59,23.59,0.00
4502,08/07/2026 06:02:59,23.59,0.65
4503,08/07/2026 06:17:59,23.51,2.62
4504,08/07/2026 06:32:59,23.42,3.30
4505,08/07/2026 06:47:59,23.38,4.15
4506,08/07/2026 07:02:59,23.34,8.98
4507,08/07/2026 07:17:59,23.34,18.89
4508,08/07/2026 07:32:59,23.38,42.70
4509,08/07/2026 07:47:59,23.38,42.70
4510,08/07/2026 08:02:59,23.38,18.67
4511,08/07/2026 08:17:59,23.29,16.92
4512,08/07/2026 08:32:59,23.29,40.46
4513,08/07/2026 08:47:59,23.34,19.33
4514,08/07/2026 09:02:59,23.29,55.86
4515,08/07/2026 09:17:59,23.42,130.60
4516,08/07/2026 09:32:59,24.02,116.52
4517,08/07/2026 09:47:59,24.36,118.24
4518,08/07/2026 10:02:59,24.66,126.24
4519,08/07/2026 10:17:59,24.79,115.64
4520,08/07/2026 10:32:59,24.92,118.36
4521,08/07/2026 10:47:59,25.09,128.96
4522,08/07/2026 11:02:59,25.18,130.72
4523,08/07/2026 11:17:59,25.14,133.32
4524,08/07/2026 11:32:59,25.01,81.24
