#,Date-Time (EDT),"Temperature , øC","Light , lux"
1,06/21/2026 08:54:32,20.46,68.40
2,06/21/2026 09:09:32,21.79,360.80
3,06/21/2026 09:24:32,20.12,361.12
4,06/21/2026 09:39:32,14.54,1436.16
5,06/21/2026 09:54:32,12.70,0.20
6,06/21/2026 10:09:32,12.52,2.07
7,06/21/2026 10:24:32,21.83,87736.32
8,06/21/2026 10:39:32,25.31,81797.12
9,06/21/2026 10:54:32,24.02,35010.56
10,06/21/2026 11:09:32,25.95,47718.40
11,06/21/2026 11:24:32,17.50,25415.68
12,06/21/2026 11:39:32,24.24,36485.12
13,06/21/2026 11:54:32,27.20,39464.96
14,06/21/2026 12:09:32,21.53,38010.88
15,06/21/2026 12:24:32,22.48,61952.00
16,06/21/2026 12:39:32,19.65,70635.52
17,06/21/2026 12:54:32,19.39,71372.80
18,06/21/2026 13:09:32,19.35,6676.48
19,06/21/2026 13:24:32,21.06,71843.84
20,06/21/2026 13:39:32,20.80,84459.52
21,06/21/2026 13:54:32,23.76,85852.16
22,06/21/2026 14:09:32,24.71,29573.12
23,06/21/2026 14:24:32,23.89,43909.12
24,06/21/2026 14:39:32,26.04,45629.44
25,06/21/2026 14:54:32,24.92,28784.64
26,06/21/2026 15:09:32,17.63,35532.80
27,06/21/2026 15:24:32,18.23,33617.92
28,06/21/2026 15:39:32,21.40,32184.32
29,06/21/2026 15:54:32,14.67,3247.36
30,06/21/2026 16:09:32,14.33,11847.68
31,06/21/2026 16:24:32,10.08,17766.40
32,06/21/2026 16:39:32,10.25,20014.08
33,06/21/2026 16:54:32,9.78,20188.16
34,06/21/2026 17:09:32,9.74,21964.80
35,06/21/2026 17:24:32,10.34,17838.08
36,06/21/2026 17:39:32,10.34,17392.64
37,06/21/2026 17:54:32,10.08,9971.20
38,06/21/2026 18:09:32,9.56,5967.36
39,06/21/2026 18:24:32,10.21,12195.84
40,06/21/2026 18:39:32,9.86,12549.12
41,06/21/2026 18:54:32,9.35,8363.52
42,06/21/2026 19:09:32,9.48,7257.60
43,06/21/2026 19:24:32,9.52,9646.08
44,06/21/2026 19:39:32,9.48,7953.92
45,06/21/2026 19:54:32,9.35,4961.28
46,06/21/2026 20:09:32,9.09,4089.60
47,06/21/2026 20:24:32,9.14,2561.92
48,06/21/2026 20:39:32,9.05,1697.92
49,06/21/2026 20:54:32,8.92,1156.80
50,06/21/2026 21:09:32,8.53,810.88
51,06/21/2026 21:24:32,7.38,593.76
52,06/21/2026 21:39:32,7.63,281.92
53,06/21/2026 21:54:32,7.81,107.60
54,06/21/2026 22:09:32,7.20,31.66
55,06/21/2026 22:24:32,6.78,6.84
56,06/21/2026 22:39:32,7.16,1.03
57,06/21/2026 22:54:32,7.25,0.00
58,06/21/2026 23:09:32,7.85,0.00
59,06/21/2026 23:24:32,8.45,0.00
60,06/21/2026 23:39:32,8.53,0.00
61,06/21/2026 23:54:32,8.88,0.00
62,06/22/2026 00:09:32,9.14,0.00
63,06/22/2026 00:24:32,8.79,0.00
64,06/22/2026 00:39:32,8.71,0.00
65,06/22/2026 00:54:32,8.62,0.00
66,06/22/2026 01:09:32,8.36,0.00
67,06/22/2026 01:24:32,7.98,0.00
68,06/22/2026 01:39:32,7.93,0.00
69,06/22/2026 01:54:32,7.98,0.00
70,06/22/2026 02:09:32,7.93,0.00
71,06/22/2026 02:24:32,7.89,0.00
72,06/22/2026 02:39:32,8.49,0.00
73,06/22/2026 02:54:32,8.45,0.00
74,06/22/2026 03:09:32,8.36,0.00
75,06/22/2026 03:24:32,8.41,0.00
76,06/22/2026 03:39:32,8.36,0.00
77,06/22/2026 03:54:32,8.06,0.62
78,06/22/2026 04:09:32,8.11,2.48
79,06/22/2026 04:24:32,8.02,13.68
80,06/22/2026 04:39:32,8.06,62.18
81,06/22/2026 04:54:32,8.06,236.08
82,06/22/2026 05:09:32,8.15,522.72
83,06/22/2026 05:24:32,8.11,878.08
84,06/22/2026 05:39:32,8.15,1447.68
85,06/22/2026 05:54:32,8.15,2451.20
86,06/22/2026 06:09:32,8.19,3068.16
87,06/22/2026 06:24:32,8.19,4554.24
88,06/22/2026 06:39:32,8.36,5084.16
89,06/22/2026 06:54:32,8.41,5447.68
90,06/22/2026 07:09:32,8.79,9950.72
91,06/22/2026 07:24:32,8.92,7813.12
92,06/22/2026 07:39:32,8.96,11914.24
93,06/22/2026 07:54:32,9.01,11658.24
94,06/22/2026 08:09:32,9.26,17960.96
95,06/22/2026 08:24:32,9.18,21555.20
96,06/22/2026 08:39:32,9.26,23418.88
97,06/22/2026 08:54:32,9.31,23009.28
98,06/22/2026 09:09:32,9.56,23767.04
99,06/22/2026 09:24:32,9.74,21923.84
100,06/22/2026 09:39:32,9.61,25077.76
101,06/22/2026 09:54:32,9.95,31682.56
102,06/22/2026 10:09:32,9.86,33935.36
103,06/22/2026 10:24:32,10.04,49295.36
104,06/22/2026 10:39:32,10.25,38563.84
105,06/22/2026 10:54:32,10.46,40273.92
106,06/22/2026 11:09:32,10.98,33177.60
107,06/22/2026 11:24:32,11.32,60047.36
108,06/22/2026 11:39:32,12.14,37304.32
109,06/22/2026 11:54:32,12.44,55111.68
110,06/22/2026 12:09:32,12.91,57180.16
111,06/22/2026 12:24:32,12.65,52449.28
112,06/22/2026 12:39:32,13.00,59351.04
113,06/22/2026 12:54:32,12.70,55193.60
114,06/22/2026 13:09:32,12.44,73891.84
115,06/22/2026 13:24:32,12.18,48046.08
116,06/22/2026 13:39:32,11.79,57425.92
117,06/22/2026 13:54:32,11.62,39526.40
118,06/22/2026 14:09:32,11.28,36352.00
119,06/22/2026 14:24:32,11.45,33679.36
120,06/22/2026 14:39:32,10.55,42188.80
121,06/22/2026 14:54:32,10.55,32348.16
122,06/22/2026 15:09:32,10.08,44154.88
123,06/22/2026 15:24:32,9.65,28047.36
124,06/22/2026 15:39:32,10.04,28948.48
125,06/22/2026 15:54:32,10.46,17121.28
126,06/22/2026 16:09:32,9.91,14545.92
127,06/22/2026 16:24:32,9.18,8670.72
128,06/22/2026 16:39:32,9.44,18734.08
129,06/22/2026 16:54:32,9.09,12958.72
130,06/22/2026 17:09:32,8.41,9272.32
131,06/22/2026 17:24:32,7.25,7342.08
132,06/22/2026 17:39:32,7.33,5877.76
133,06/22/2026 17:54:32,8.58,7070.72
134,06/22/2026 18:09:32,8.62,5058.56
135,06/22/2026 18:24:32,8.45,5081.60
136,06/22/2026 18:39:32,8.41,7111.68
137,06/22/2026 18:54:32,8.23,5432.32
138,06/22/2026 19:09:32,7.98,3608.32
139,06/22/2026 19:24:32,7.68,2485.76
140,06/22/2026 19:39:32,7.55,1795.84
141,06/22/2026 19:54:32,7.16,1883.52
142,06/22/2026 20:09:32,6.82,1950.08
143,06/22/2026 20:24:32,6.90,1507.20
144,06/22/2026 20:39:32,7.20,752.00
145,06/22/2026 20:54:32,7.16,600.80
146,06/22/2026 21:09:32,7.03,336.96
147,06/22/2026 21:24:32,7.08,247.68
148,06/22/2026 21:39:32,7.08,100.12
149,06/22/2026 21:54:32,6.95,45.92
150,06/22/2026 22:09:32,6.86,10.36
151,06/22/2026 22:24:32,6.99,1.45
152,06/22/2026 22:39:32,7.03,0.00
153,06/22/2026 22:54:32,7.03,0.20
154,06/22/2026 23:09:32,7.03,0.00
155,06/22/2026 23:24:32,6.99,0.00
156,06/22/2026 23:39:32,6.99,0.00
157,06/22/2026 23:54:32,6.90,0.00
158,06/23/2026 00:09:32,6.90,0.00
159,06/23/2026 00:24:32,6.56,0.00
160,06/23/2026 00:39:32,6.69,0.00
161,06/23/2026 00:54:32,6.99,0.00
162,06/23/2026 01:09:32,7.20,0.00
163,06/23/2026 01:24:32,7.03,0.00
164,06/23/2026 01:39:32,6.99,0.00
165,06/23/2026 01:54:32,6.99,0.00
166,06/23/2026 02:09:32,7.20,0.00
167,06/23/2026 02:24:32,6.99,0.00
168,06/23/2026 02:39:32,6.90,0.00
169,06/23/2026 02:54:32,6.86,0.00
170,06/23/2026 03:09:32,6.86,0.00
171,06/23/2026 03:24:32,7.12,0.00
172,06/23/2026 03:39:32,7.08,0.00
173,06/23/2026 03:54:32,6.90,0.20
174,06/23/2026 04:09:32,6.90,2.07
175,06/23/2026 04:24:32,6.86,12.02
176,06/23/2026 04:39:32,6.86,52.14
177,06/23/2026 04:54:32,6.86,156.80
178,06/23/2026 05:09:32,6.78,310.32
179,06/23/2026 05:24:32,6.73,746.56
180,06/23/2026 05:39:32,6.86,1144.32
181,06/23/2026 05:54:32,6.86,2062.72
182,06/23/2026 06:09:32,6.90,2787.84
183,06/23/2026 06:24:32,7.08,2336.64
184,06/23/2026 06:39:32,7.03,3174.40
185,06/23/2026 06:54:32,6.99,10219.52
186,06/23/2026 07:09:32,6.95,9164.80
187,06/23/2026 07:24:32,6.95,9134.08
188,06/23/2026 07:39:32,7.16,10347.52
189,06/23/2026 07:54:32,7.16,19000.32
190,06/23/2026 08:09:32,7.29,13168.64
191,06/23/2026 08:24:32,7.42,22947.84
192,06/23/2026 08:39:32,7.81,17049.60
193,06/23/2026 08:54:32,7.93,21114.88
194,06/23/2026 09:09:32,8.06,24647.68
195,06/23/2026 09:24:32,8.15,11924.48
196,06/23/2026 09:39:32,8.06,9392.64
197,06/23/2026 09:54:32,8.06,10242.56
198,06/23/2026 10:09:32,8.45,13153.28
199,06/23/2026 10:24:32,8.62,35911.68
200,06/23/2026 10:39:32,9.14,35287.04
201,06/23/2026 10:54:32,9.31,20126.72
202,06/23/2026 11:09:32,9.52,45916.16
203,06/23/2026 11:24:32,9.95,47206.40
204,06/23/2026 11:39:32,9.91,44134.40
205,06/23/2026 11:54:32,9.95,52531.20
206,06/23/2026 12:09:32,9.86,60395.52
207,06/23/2026 12:24:32,10.72,52039.68
208,06/23/2026 12:39:32,10.55,50565.12
209,06/23/2026 12:54:32,10.38,43806.72
210,06/23/2026 13:09:32,10.34,35317.76
211,06/23/2026 13:24:32,10.85,23193.60
212,06/23/2026 13:39:32,10.98,40222.72
213,06/23/2026 13:54:32,9.69,42270.72
214,06/23/2026 14:09:32,10.12,56832.00
215,06/23/2026 14:24:32,9.99,55193.60
216,06/23/2026 14:39:32,9.48,32860.16
217,06/23/2026 14:54:32,9.56,20403.20
218,06/23/2026 15:09:32,9.65,62853.12
219,06/23/2026 15:24:32,9.52,26112.00
220,06/23/2026 15:39:32,9.52,25057.28
221,06/23/2026 15:54:32,9.61,22824.96
222,06/23/2026 16:09:32,9.65,32860.16
223,06/23/2026 16:24:32,9.61,53452.80
224,06/23/2026 16:39:32,9.56,44564.48
225,06/23/2026 16:54:32,9.35,18539.52
226,06/23/2026 17:09:32,9.39,17167.36
227,06/23/2026 17:24:32,9.39,12866.56
228,06/23/2026 17:39:32,9.22,25774.08
229,06/23/2026 17:54:32,9.26,17587.20
230,06/23/2026 18:09:32,9.22,19589.12
231,06/23/2026 18:24:32,9.05,11535.36
232,06/23/2026 18:39:32,9.01,10042.88
233,06/23/2026 18:54:32,9.22,9917.44
234,06/23/2026 19:09:32,9.01,6927.36
235,06/23/2026 19:24:32,8.92,6899.20
236,06/23/2026 19:39:32,8.83,6003.20
237,06/23/2026 19:54:32,8.79,4149.76
238,06/23/2026 20:09:32,8.83,3970.56
239,06/23/2026 20:24:32,8.92,1964.80
240,06/23/2026 20:39:32,9.09,1397.76
241,06/23/2026 20:54:32,9.31,1248.00
242,06/23/2026 21:09:32,9.22,925.44
243,06/23/2026 21:24:32,8.96,594.08
244,06/23/2026 21:39:32,8.88,288.56
245,06/23/2026 21:54:32,8.75,113.40
246,06/23/2026 22:09:32,8.66,30.78
247,06/23/2026 22:24:32,8.49,6.42
248,06/23/2026 22:39:32,8.45,1.03
249,06/23/2026 22:54:32,8.41,0.00
250,06/23/2026 23:09:32,8.41,0.00
251,06/23/2026 23:24:32,8.36,0.00
252,06/23/2026 23:39:32,8.23,0.00
253,06/23/2026 23:54:32,7.98,0.00
254,06/24/2026 00:09:32,7.93,0.00
255,06/24/2026 00:24:32,7.89,0.00
256,06/24/2026 00:39:32,7.93,0.00
257,06/24/2026 00:54:32,7.85,0.00
258,06/24/2026 01:09:32,7.81,0.00
259,06/24/2026 01:24:32,9.82,0.00
260,06/24/2026 01:39:32,9.65,0.00
261,06/24/2026 01:54:32,9.52,0.00
262,06/24/2026 02:09:32,9.39,0.00
263,06/24/2026 02:24:32,9.39,0.00
264,06/24/2026 02:39:32,9.26,0.00
265,06/24/2026 02:54:32,9.14,0.00
266,06/24/2026 03:09:32,9.14,0.00
267,06/24/2026 03:24:32,9.05,0.00
268,06/24/2026 03:39:32,8.96,0.00
269,06/24/2026 03:54:32,8.92,1.03
270,06/24/2026 04:09:32,8.83,4.56
271,06/24/2026 04:24:32,9.26,22.46
272,06/24/2026 04:39:32,9.22,89.96
273,06/24/2026 04:54:32,9.26,257.68
274,06/24/2026 05:09:32,8.83,536.96
275,06/24/2026 05:24:32,9.05,936.96
276,06/24/2026 05:39:32,9.05,1417.60
277,06/24/2026 05:54:32,8.92,2090.88
278,06/24/2026 06:09:32,9.18,3080.96
279,06/24/2026 06:24:32,9.35,3962.88
280,06/24/2026 06:39:32,9.39,4994.56
281,06/24/2026 06:54:32,9.39,7070.72
282,06/24/2026 07:09:32,9.35,5975.04
283,06/24/2026 07:24:32,9.35,8284.16
284,06/24/2026 07:39:32,9.48,10521.60
285,06/24/2026 07:54:32,9.48,11520.00
286,06/24/2026 08:09:32,9.56,13091.84
287,06/24/2026 08:24:32,9.78,16788.48
288,06/24/2026 08:39:32,9.99,18201.60
289,06/24/2026 08:54:32,10.25,22456.32
290,06/24/2026 09:09:32,10.59,26091.52
291,06/24/2026 09:24:32,11.11,25354.24
292,06/24/2026 09:39:32,11.45,33157.12
293,06/24/2026 09:54:32,11.67,37427.20
294,06/24/2026 10:09:32,12.27,44093.44
295,06/24/2026 10:24:32,13.04,41410.56
296,06/24/2026 10:39:32,13.94,53985.28
297,06/24/2026 10:54:32,14.20,56545.28
298,06/24/2026 11:09:32,14.84,58265.60
299,06/24/2026 11:24:32,15.06,59781.12
300,06/24/2026 11:39:32,15.40,62566.40
301,06/24/2026 11:54:32,15.18,59822.08
302,06/24/2026 12:09:32,15.53,53903.36
303,06/24/2026 12:24:32,15.57,64348.16
304,06/24/2026 12:39:32,16.26,68587.52
305,06/24/2026 12:54:32,16.30,66887.68
306,06/24/2026 13:09:32,16.17,56811.52
307,06/24/2026 13:24:32,15.78,57016.32
308,06/24/2026 13:39:32,15.31,55050.24
309,06/24/2026 13:54:32,15.10,58470.40
310,06/24/2026 14:09:32,15.23,57610.24
311,06/24/2026 14:24:32,15.40,56279.04
312,06/24/2026 14:39:32,15.31,47288.32
313,06/24/2026 14:54:32,14.63,16599.04
314,06/24/2026 15:09:32,14.37,18544.64
315,06/24/2026 15:24:32,14.03,12144.64
316,06/24/2026 15:39:32,13.34,13122.56
317,06/24/2026 15:54:32,13.12,11934.72
318,06/24/2026 16:09:32,13.55,44728.32
319,06/24/2026 16:24:32,13.25,14387.20
320,06/24/2026 16:39:32,13.38,30760.96
321,06/24/2026 16:54:32,13.25,16614.40
322,06/24/2026 17:09:32,13.30,16496.64
323,06/24/2026 17:24:32,13.08,21872.64
324,06/24/2026 17:39:32,12.74,28149.76
325,06/24/2026 17:54:32,12.48,14566.40
326,06/24/2026 18:09:32,12.70,14008.32
327,06/24/2026 18:24:32,12.57,11960.32
328,06/24/2026 18:39:32,12.52,8696.32
329,06/24/2026 18:54:32,12.78,10150.40
330,06/24/2026 19:09:32,12.61,8005.12
331,06/24/2026 19:24:32,12.48,5233.92
332,06/24/2026 19:39:32,12.48,5352.96
333,06/24/2026 19:54:32,12.22,4049.92
334,06/24/2026 20:09:32,12.48,3270.40
335,06/24/2026 20:24:32,12.22,2716.16
336,06/24/2026 20:39:32,12.14,1883.52
337,06/24/2026 20:54:32,12.14,1429.12
338,06/24/2026 21:09:32,12.10,970.24
339,06/24/2026 21:24:32,11.97,615.20
340,06/24/2026 21:39:32,12.01,302.00
341,06/24/2026 21:54:32,11.97,110.88
342,06/24/2026 22:09:32,11.88,28.71
343,06/24/2026 22:24:32,11.88,6.03
344,06/24/2026 22:39:32,11.92,1.03
345,06/24/2026 22:54:32,11.88,0.00
346,06/24/2026 23:09:32,11.79,0.00
347,06/24/2026 23:24:32,11.84,0.00
348,06/24/2026 23:39:32,11.92,0.00
349,06/24/2026 23:54:32,12.87,0.00
350,06/25/2026 00:09:32,13.34,0.00
351,06/25/2026 00:24:32,13.64,0.00
352,06/25/2026 00:39:32,13.47,0.00
353,06/25/2026 00:54:32,13.43,0.00
354,06/25/2026 01:09:32,13.47,0.00
355,06/25/2026 01:24:32,13.08,0.00
356,06/25/2026 01:39:32,13.00,0.00
357,06/25/2026 01:54:32,12.82,0.00
358,06/25/2026 02:09:32,12.52,0.00
359,06/25/2026 02:24:32,12.44,0.00
360,06/25/2026 02:39:32,12.78,0.00
361,06/25/2026 02:54:32,12.35,0.00
362,06/25/2026 03:09:32,12.05,0.00
363,06/25/2026 03:24:32,12.01,0.00
364,06/25/2026 03:39:32,12.44,0.00
365,06/25/2026 03:54:32,12.40,0.00
366,06/25/2026 04:09:32,12.40,0.82
367,06/25/2026 04:24:32,12.31,5.83
368,06/25/2026 04:39:32,12.27,25.42
369,06/25/2026 04:54:32,12.22,69.76
370,06/25/2026 05:09:32,12.10,153.60
371,06/25/2026 05:24:32,12.01,265.36
372,06/25/2026 05:39:32,11.88,404.64
373,06/25/2026 05:54:32,11.79,565.92
374,06/25/2026 06:09:32,11.67,813.12
375,06/25/2026 06:24:32,11.54,921.92
376,06/25/2026 06:39:32,11.54,1133.44
377,06/25/2026 06:54:32,11.54,1329.28
378,06/25/2026 07:09:32,11.45,467.68
379,06/25/2026 07:24:32,11.37,158.16
380,06/25/2026 07:39:32,11.28,340.32
381,06/25/2026 07:54:32,11.32,423.68
382,06/25/2026 08:09:32,11.45,378.72
383,06/25/2026 08:24:32,11.58,411.20
384,06/25/2026 08:39:32,11.49,578.40
385,06/25/2026 08:54:32,11.49,713.60
386,06/25/2026 09:09:32,11.75,856.64
387,06/25/2026 09:24:32,11.71,1179.20
388,06/25/2026 09:39:32,12.74,1500.80
389,06/25/2026 09:54:32,13.25,29122.56
390,06/25/2026 10:09:32,13.81,32225.28
391,06/25/2026 10:24:32,14.41,30423.04
392,06/25/2026 10:39:32,15.10,42885.12
393,06/25/2026 10:54:32,15.14,42250.24
394,06/25/2026 11:09:32,15.74,39946.24
395,06/25/2026 11:24:32,15.91,47800.32
396,06/25/2026 11:39:32,15.91,52060.16
397,06/25/2026 11:54:32,15.91,54251.52
398,06/25/2026 12:09:32,16.30,60313.60
399,06/25/2026 12:24:32,16.39,37191.68
400,06/25/2026 12:39:32,16.60,51732.48
401,06/25/2026 12:54:32,16.81,60047.36
402,06/25/2026 13:09:32,16.73,18647.04
403,06/25/2026 13:24:32,16.77,54947.84
404,06/25/2026 13:39:32,16.64,43909.12
405,06/25/2026 13:54:32,16.39,26736.64
406,06/25/2026 14:09:32,16.17,54210.56
407,06/25/2026 14:24:32,16.34,26142.72
408,06/25/2026 14:39:32,16.39,23674.88
409,06/25/2026 14:54:32,16.13,44154.88
410,06/25/2026 15:09:32,16.00,61788.16
411,06/25/2026 15:24:32,15.74,18058.24
412,06/25/2026 15:39:32,15.61,21073.92
413,06/25/2026 15:54:32,15.27,22190.08
414,06/25/2026 16:09:32,15.06,38584.32
415,06/25/2026 16:24:32,15.14,26583.04
416,06/25/2026 16:39:32,14.84,27463.68
417,06/25/2026 16:54:32,14.54,14033.92
418,06/25/2026 17:09:32,14.58,26142.72
419,06/25/2026 17:24:32,14.54,20853.76
420,06/25/2026 17:39:32,14.71,15503.36
421,06/25/2026 17:54:32,14.50,12211.20
422,06/25/2026 18:09:32,14.54,17520.64
423,06/25/2026 18:24:32,14.58,12098.56
424,06/25/2026 18:39:32,14.50,9717.76
425,06/25/2026 18:54:32,14.20,8750.08
426,06/25/2026 19:09:32,14.24,7746.56
427,06/25/2026 19:24:32,14.28,4879.36
428,06/25/2026 19:39:32,12.78,4089.60
429,06/25/2026 19:54:32,12.44,3604.48
430,06/25/2026 20:09:32,11.37,3018.24
431,06/25/2026 20:24:32,11.88,2550.40
432,06/25/2026 20:39:32,12.40,1895.68
433,06/25/2026 20:54:32,11.28,1258.56
434,06/25/2026 21:09:32,10.81,840.32
435,06/25/2026 21:24:32,10.16,484.16
436,06/25/2026 21:39:32,9.86,198.40
437,06/25/2026 21:54:32,9.82,74.22
438,06/25/2026 22:09:32,9.74,20.16
439,06/25/2026 22:24:32,10.68,3.73
440,06/25/2026 22:39:32,11.71,0.62
441,06/25/2026 22:54:32,11.79,0.00
442,06/25/2026 23:09:32,11.54,0.00
443,06/25/2026 23:24:32,11.41,0.00
444,06/25/2026 23:39:32,11.37,0.00
445,06/25/2026 23:54:32,11.45,0.00
446,06/26/2026 00:09:32,11.58,0.00
447,06/26/2026 00:24:32,11.75,0.00
448,06/26/2026 00:39:32,11.71,0.00
449,06/26/2026 00:54:32,11.49,0.00
450,06/26/2026 01:09:32,11.32,0.00
451,06/26/2026 01:24:32,11.07,0.00
452,06/26/2026 01:39:32,10.89,0.00
453,06/26/2026 01:54:32,11.02,0.00
454,06/26/2026 02:09:32,11.19,0.00
455,06/26/2026 02:24:32,11.62,0.00
456,06/26/2026 02:39:32,11.79,0.00
457,06/26/2026 02:54:32,11.79,0.00
458,06/26/2026 03:09:32,11.45,0.00
459,06/26/2026 03:24:32,10.98,0.00
460,06/26/2026 03:39:32,11.02,0.00
461,06/26/2026 03:54:32,11.02,0.41
462,06/26/2026 04:09:32,10.98,3.31
463,06/26/2026 04:24:32,10.98,18.08
464,06/26/2026 04:39:32,10.98,73.84
465,06/26/2026 04:54:32,10.94,223.68
466,06/26/2026 05:09:32,11.02,520.64
467,06/26/2026 05:24:32,10.98,909.44
468,06/26/2026 05:39:32,11.02,1324.16
469,06/26/2026 05:54:32,11.11,1786.24
470,06/26/2026 06:09:32,11.15,2967.04
471,06/26/2026 06:24:32,11.24,3256.32
472,06/26/2026 06:39:32,11.19,4106.24
473,06/26/2026 06:54:32,11.67,5619.20
474,06/26/2026 07:09:32,11.92,6753.28
475,06/26/2026 07:24:32,12.01,4832.00
476,06/26/2026 07:39:32,12.10,3837.44
477,06/26/2026 07:54:32,12.18,5255.68
478,06/26/2026 08:09:32,12.14,4039.68
479,06/26/2026 08:24:32,12.22,4072.96
480,06/26/2026 08:39:32,12.27,5537.28
481,06/26/2026 08:54:32,12.48,7147.52
482,06/26/2026 09:09:32,12.57,7080.96
483,06/26/2026 09:24:32,13.08,7178.24
484,06/26/2026 09:39:32,13.38,16783.36
485,06/26/2026 09:54:32,13.43,19128.32
486,06/26/2026 10:09:32,13.55,17817.60
487,06/26/2026 10:24:32,13.98,27566.08
488,06/26/2026 10:39:32,13.98,15605.76
489,06/26/2026 10:54:32,14.37,20582.40
490,06/26/2026 11:09:32,14.71,20428.80
491,06/26/2026 11:24:32,15.18,18488.32
492,06/26/2026 11:39:32,15.31,39075.84
493,06/26/2026 11:54:32,15.40,34478.08
494,06/26/2026 12:09:32,15.61,32716.80
495,06/26/2026 12:24:32,15.74,29900.80
496,06/26/2026 12:39:32,16.17,29880.32
497,06/26/2026 12:54:32,15.78,33802.24
498,06/26/2026 13:09:32,15.70,30914.56
499,06/26/2026 13:24:32,15.96,36833.28
500,06/26/2026 13:39:32,15.53,32358.40
501,06/26/2026 13:54:32,15.78,26050.56
502,06/26/2026 14:09:32,16.13,27248.64
503,06/26/2026 14:24:32,16.26,27392.00
504,06/26/2026 14:39:32,16.34,30494.72
505,06/26/2026 14:54:32,15.06,13777.92
506,06/26/2026 15:09:32,14.58,10355.20
507,06/26/2026 15:24:32,14.71,9664.00
508,06/26/2026 15:39:32,15.40,5552.64
509,06/26/2026 15:54:32,14.84,3993.60
510,06/26/2026 16:09:32,14.75,5240.32
511,06/26/2026 16:24:32,14.80,5355.52
512,06/26/2026 16:39:32,14.80,5365.76
513,06/26/2026 16:54:32,14.88,6886.40
514,06/26/2026 17:09:32,14.97,5980.16
515,06/26/2026 17:24:32,14.97,4604.16
516,06/26/2026 17:39:32,15.01,6248.96
517,06/26/2026 17:54:32,15.18,4971.52
518,06/26/2026 18:09:32,15.57,5240.32
519,06/26/2026 18:24:32,15.44,5473.28
520,06/26/2026 18:39:32,15.70,9804.80
521,06/26/2026 18:54:32,15.27,4168.96
522,06/26/2026 19:09:32,14.54,4023.04
523,06/26/2026 19:24:32,14.24,3171.84
524,06/26/2026 19:39:32,11.45,2822.40
525,06/26/2026 19:54:32,11.71,2378.24
526,06/26/2026 20:09:32,11.24,881.28
527,06/26/2026 20:24:32,12.48,413.76
528,06/26/2026 20:39:32,13.17,349.44
529,06/26/2026 20:54:32,13.85,500.32
530,06/26/2026 21:09:32,14.11,395.52
531,06/26/2026 21:24:32,13.68,173.68
532,06/26/2026 21:39:32,13.68,57.10
533,06/26/2026 21:54:32,13.73,22.85
534,06/26/2026 22:09:32,13.47,5.41
535,06/26/2026 22:24:32,13.55,1.45
536,06/26/2026 22:39:32,13.43,0.00
537,06/26/2026 22:54:32,13.43,0.00
538,06/26/2026 23:09:32,13.38,0.00
539,06/26/2026 23:24:32,13.64,0.00
540,06/26/2026 23:39:32,13.68,0.00
541,06/26/2026 23:54:32,13.98,0.00
542,06/27/2026 00:09:32,14.20,0.00
543,06/27/2026 00:24:32,14.24,0.00
544,06/27/2026 00:39:32,14.20,0.00
545,06/27/2026 00:54:32,14.11,0.00
546,06/27/2026 01:09:32,13.98,0.00
547,06/27/2026 01:24:32,13.81,0.00
548,06/27/2026 01:39:32,13.77,0.00
549,06/27/2026 01:54:32,13.77,0.00
550,06/27/2026 02:09:32,13.85,0.00
551,06/27/2026 02:24:32,13.90,0.00
552,06/27/2026 02:39:32,13.04,0.00
553,06/27/2026 02:54:32,13.43,0.00
554,06/27/2026 03:09:32,13.34,0.00
555,06/27/2026 03:24:32,11.54,0.00
556,06/27/2026 03:39:32,10.04,0.00
557,06/27/2026 03:54:32,9.69,0.82
558,06/27/2026 04:09:32,9.48,5.39
559,06/27/2026 04:24:32,8.79,29.12
560,06/27/2026 04:39:32,8.66,135.16
561,06/27/2026 04:54:32,7.76,420.32
562,06/27/2026 05:09:32,8.15,820.48
563,06/27/2026 05:24:32,8.23,1178.24
564,06/27/2026 05:39:32,9.61,1583.36
565,06/27/2026 05:54:32,10.16,1973.12
566,06/27/2026 06:09:32,10.98,2913.28
567,06/27/2026 06:24:32,13.81,4172.80
568,06/27/2026 06:39:32,14.20,3897.60
569,06/27/2026 06:54:32,14.11,4938.24
570,06/27/2026 07:09:32,14.24,5839.36
571,06/27/2026 07:24:32,14.15,7083.52
572,06/27/2026 07:39:32,14.67,9943.04
573,06/27/2026 07:54:32,14.63,2157.44
574,06/27/2026 08:09:32,14.75,3804.16
575,06/27/2026 08:24:32,14.80,4049.92
576,06/27/2026 08:39:32,14.71,4258.56
577,06/27/2026 08:54:32,14.54,4481.28
578,06/27/2026 09:09:32,14.45,4981.76
579,06/27/2026 09:24:32,14.54,10767.36
580,06/27/2026 09:39:32,14.54,12236.80
581,06/27/2026 09:54:32,14.58,12779.52
582,06/27/2026 10:09:32,14.54,14694.40
583,06/27/2026 10:24:32,14.45,15559.68
584,06/27/2026 10:39:32,14.58,15728.64
585,06/27/2026 10:54:32,14.58,18800.64
586,06/27/2026 11:09:32,14.93,34283.52
587,06/27/2026 11:24:32,15.48,49377.28
588,06/27/2026 11:39:32,14.63,22282.24
589,06/27/2026 11:54:32,14.50,20848.64
590,06/27/2026 12:09:32,14.67,24924.16
591,06/27/2026 12:24:32,14.93,23767.04
592,06/27/2026 12:39:32,16.21,52019.20
593,06/27/2026 12:54:32,16.94,51097.60
594,06/27/2026 13:09:32,17.67,54763.52
595,06/27/2026 13:24:32,17.54,58716.16
596,06/27/2026 13:39:32,17.24,55377.92
597,06/27/2026 13:54:32,16.99,53596.16
598,06/27/2026 14:09:32,17.54,57077.76
599,06/27/2026 14:24:32,17.76,52449.28
600,06/27/2026 14:39:32,17.89,54497.28
601,06/27/2026 14:54:32,18.10,55869.44
602,06/27/2026 15:09:32,18.06,55685.12
603,06/27/2026 15:24:32,18.27,50155.52
604,06/27/2026 15:39:32,18.19,50851.84
605,06/27/2026 15:54:32,18.19,47656.96
606,06/27/2026 16:09:32,18.14,52838.40
607,06/27/2026 16:24:32,17.72,3870.72
608,06/27/2026 16:39:32,17.97,21831.68
609,06/27/2026 16:54:32,18.32,7070.72
610,06/27/2026 17:09:32,17.41,4736.00
611,06/27/2026 17:24:32,17.67,5690.88
612,06/27/2026 17:39:32,17.29,6574.08
613,06/27/2026 17:54:32,17.24,5498.88
614,06/27/2026 18:09:32,16.90,4896.00
615,06/27/2026 18:24:32,16.47,5350.40
616,06/27/2026 18:39:32,16.08,3929.60
617,06/27/2026 18:54:32,16.26,4942.08
618,06/27/2026 19:09:32,16.17,3751.68
619,06/27/2026 19:24:32,16.21,2739.20
620,06/27/2026 19:39:32,16.34,2099.20
621,06/27/2026 19:54:32,16.21,1763.84
622,06/27/2026 20:09:32,16.08,1938.56
623,06/27/2026 20:24:32,16.00,1589.12
624,06/27/2026 20:39:32,15.83,966.08
625,06/27/2026 20:54:32,15.48,548.48
626,06/27/2026 21:09:32,14.84,331.84
627,06/27/2026 21:24:32,14.88,201.68
628,06/27/2026 21:39:32,15.10,111.64
629,06/27/2026 21:54:32,15.27,39.13
630,06/27/2026 22:09:32,15.27,7.28
631,06/27/2026 22:24:32,15.40,1.24
632,06/27/2026 22:39:32,15.78,0.20
633,06/27/2026 22:54:32,15.74,0.00
634,06/27/2026 23:09:32,15.66,0.00
635,06/27/2026 23:24:32,15.66,0.00
636,06/27/2026 23:39:32,15.70,0.00
637,06/27/2026 23:54:32,15.70,0.00
638,06/28/2026 00:09:32,15.70,0.00
639,06/28/2026 00:24:32,15.61,0.00
640,06/28/2026 00:39:32,15.74,0.20
641,06/28/2026 00:54:32,15.70,0.00
642,06/28/2026 01:09:32,15.70,0.00
643,06/28/2026 01:24:32,15.74,0.00
644,06/28/2026 01:39:32,16.30,0.00
645,06/28/2026 01:54:32,16.00,0.00
646,06/28/2026 02:09:32,14.07,0.00
647,06/28/2026 02:24:32,11.92,0.00
648,06/28/2026 02:39:32,10.21,0.00
649,06/28/2026 02:54:32,9.82,0.00
650,06/28/2026 03:09:32,9.65,0.00
651,06/28/2026 03:24:32,9.22,0.00
652,06/28/2026 03:39:32,9.09,0.00
653,06/28/2026 03:54:32,9.05,0.82
654,06/28/2026 04:09:32,9.44,4.58
655,06/28/2026 04:24:32,8.92,25.21
656,06/28/2026 04:39:32,8.71,106.04
657,06/28/2026 04:54:32,8.92,318.80
658,06/28/2026 05:09:32,9.22,705.28
659,06/28/2026 05:24:32,10.21,1381.12
660,06/28/2026 05:39:32,11.37,2296.96
661,06/28/2026 05:54:32,13.17,3458.56
662,06/28/2026 06:09:32,13.85,4643.84
663,06/28/2026 06:24:32,14.58,6136.32
664,06/28/2026 06:39:32,15.48,7582.72
665,06/28/2026 06:54:32,17.37,8883.20
666,06/28/2026 07:09:32,18.79,10380.80
667,06/28/2026 07:24:32,18.92,11714.56
668,06/28/2026 07:39:32,16.47,15959.04
669,06/28/2026 07:54:32,16.13,13890.56
670,06/28/2026 08:09:32,16.21,18421.76
671,06/28/2026 08:24:32,16.43,17925.12
672,06/28/2026 08:39:32,16.21,17003.52
673,06/28/2026 08:54:32,16.13,17925.12
674,06/28/2026 09:09:32,16.21,19302.40
675,06/28/2026 09:24:32,16.30,21913.60
676,06/28/2026 09:39:32,16.51,19317.76
677,06/28/2026 09:54:32,16.51,20853.76
678,06/28/2026 10:09:32,16.47,24832.00
679,06/28/2026 10:24:32,16.56,31150.08
680,06/28/2026 10:39:32,16.73,34846.72
681,06/28/2026 10:54:32,16.69,20526.08
682,06/28/2026 11:09:32,16.81,48066.56
683,06/28/2026 11:24:32,16.99,42270.72
684,06/28/2026 11:39:32,17.07,36679.68
685,06/28/2026 11:54:32,17.63,47124.48
686,06/28/2026 12:09:32,17.76,38103.04
687,06/28/2026 12:24:32,18.10,42577.92
688,06/28/2026 12:39:32,18.27,45916.16
689,06/28/2026 12:54:32,18.40,37314.56
690,06/28/2026 13:09:32,18.96,51814.40
691,06/28/2026 13:24:32,19.22,43233.28
692,06/28/2026 13:39:32,18.62,29480.96
693,06/28/2026 13:54:32,18.53,14269.44
694,06/28/2026 14:09:32,19.35,23101.44
695,06/28/2026 14:24:32,19.13,29122.56
696,06/28/2026 14:39:32,19.17,28006.40
697,06/28/2026 14:54:32,18.62,28129.28
698,06/28/2026 15:09:32,18.49,31928.32
699,06/28/2026 15:24:32,18.74,46120.96
700,06/28/2026 15:39:32,17.76,37570.56
701,06/28/2026 15:54:32,17.24,49090.56
702,06/28/2026 16:09:32,15.78,39598.08
703,06/28/2026 16:24:32,16.56,36085.76
704,06/28/2026 16:39:32,15.44,39444.48
705,06/28/2026 16:54:32,14.37,35983.36
706,06/28/2026 17:09:32,14.41,28446.72
707,06/28/2026 17:24:32,13.98,15370.24
708,06/28/2026 17:39:32,14.07,27473.92
709,06/28/2026 17:54:32,14.15,24125.44
710,06/28/2026 18:09:32,14.11,17034.24
711,06/28/2026 18:24:32,13.81,13158.40
712,06/28/2026 18:39:32,14.67,9287.68
713,06/28/2026 18:54:32,14.97,7846.40
714,06/28/2026 19:09:32,14.71,13204.48
715,06/28/2026 19:24:32,14.58,5760.00
716,06/28/2026 19:39:32,15.31,5194.24
717,06/28/2026 19:54:32,14.84,3820.80
718,06/28/2026 20:09:32,14.41,3421.44
719,06/28/2026 20:24:32,14.63,2280.32
720,06/28/2026 20:39:32,14.54,1672.96
721,06/28/2026 20:54:32,14.37,1179.20
722,06/28/2026 21:09:32,13.17,721.60
723,06/28/2026 21:24:32,12.48,395.84
724,06/28/2026 21:39:32,12.44,163.44
725,06/28/2026 21:54:32,12.27,52.50
726,06/28/2026 22:09:32,11.49,13.89
727,06/28/2026 22:24:32,11.49,2.28
728,06/28/2026 22:39:32,11.54,0.20
729,06/28/2026 22:54:32,11.58,0.00
730,06/28/2026 23:09:32,11.71,0.00
731,06/28/2026 23:24:32,12.35,0.00
732,06/28/2026 23:39:32,11.71,0.00
733,06/28/2026 23:54:32,12.05,0.00
734,06/29/2026 00:09:32,11.84,0.00
735,06/29/2026 00:24:32,12.31,0.00
736,06/29/2026 00:39:32,12.40,0.00
737,06/29/2026 00:54:32,12.82,0.00
738,06/29/2026 01:09:32,13.04,0.00
739,06/29/2026 01:24:32,13.08,0.00
740,06/29/2026 01:39:32,13.04,0.00
741,06/29/2026 01:54:32,13.00,0.00
742,06/29/2026 02:09:32,12.95,0.00
743,06/29/2026 02:24:32,12.82,0.00
744,06/29/2026 02:39:32,12.01,0.00
745,06/29/2026 02:54:32,11.07,0.00
746,06/29/2026 03:09:32,10.42,0.00
747,06/29/2026 03:24:32,10.51,0.00
748,06/29/2026 03:39:32,10.29,0.00
749,06/29/2026 03:54:32,10.12,0.62
750,06/29/2026 04:09:32,9.86,3.93
751,06/29/2026 04:24:32,9.35,19.98
752,06/29/2026 04:39:32,9.56,86.76
753,06/29/2026 04:54:32,9.18,281.28
754,06/29/2026 05:09:32,9.35,779.84
755,06/29/2026 05:24:32,10.16,1412.48
756,06/29/2026 05:39:32,10.46,2406.40
757,06/29/2026 05:54:32,11.58,3681.28
758,06/29/2026 06:09:32,12.95,4341.76
759,06/29/2026 06:24:32,12.35,5319.68
760,06/29/2026 06:39:32,14.11,7183.36
761,06/29/2026 06:54:32,14.41,9472.00
762,06/29/2026 07:09:32,16.17,12098.56
763,06/29/2026 07:24:32,17.20,12272.64
764,06/29/2026 07:39:32,17.76,11755.52
765,06/29/2026 07:54:32,17.93,11499.52
766,06/29/2026 08:09:32,19.39,15861.76
767,06/29/2026 08:24:32,15.57,17812.48
768,06/29/2026 08:39:32,15.18,10414.08
769,06/29/2026 08:54:32,14.93,10716.16
770,06/29/2026 09:09:32,14.63,16332.80
771,06/29/2026 09:24:32,14.80,26439.68
772,06/29/2026 09:39:32,14.58,13665.28
773,06/29/2026 09:54:32,14.88,20551.68
774,06/29/2026 10:09:32,14.58,17976.32
775,06/29/2026 10:24:32,15.06,31559.68
776,06/29/2026 10:39:32,14.71,9167.36
777,06/29/2026 10:54:32,15.06,11084.80
778,06/29/2026 11:09:32,15.57,12779.52
779,06/29/2026 11:24:32,15.01,19015.68
780,06/29/2026 11:39:32,14.20,18775.04
781,06/29/2026 11:54:32,13.04,24115.20
782,06/29/2026 12:09:32,13.04,23644.16
783,06/29/2026 12:24:32,14.41,24401.92
784,06/29/2026 12:39:32,15.27,22251.52
785,06/29/2026 12:54:32,15.40,18641.92
786,06/29/2026 13:09:32,15.40,13199.36
787,06/29/2026 13:24:32,15.70,13511.68
788,06/29/2026 13:39:32,15.87,14341.12
789,06/29/2026 13:54:32,16.04,10618.88
790,06/29/2026 14:09:32,16.17,11540.48
791,06/29/2026 14:24:32,16.39,15687.68
792,06/29/2026 14:39:32,16.26,10946.56
793,06/29/2026 14:54:32,16.34,10547.20
794,06/29/2026 15:09:32,16.69,10567.68
795,06/29/2026 15:24:32,16.56,10813.44
796,06/29/2026 15:39:32,16.43,7408.64
797,06/29/2026 15:54:32,16.43,8849.92
798,06/29/2026 16:09:32,16.30,7216.64
799,06/29/2026 16:24:32,16.04,4696.32
800,06/29/2026 16:39:32,16.00,2593.92
801,06/29/2026 16:54:32,15.70,3744.00
802,06/29/2026 17:09:32,15.48,2807.04
803,06/29/2026 17:24:32,15.61,2252.16
804,06/29/2026 17:39:32,15.61,1859.20
805,06/29/2026 17:54:32,14.75,2670.08
806,06/29/2026 18:09:32,13.60,4736.00
807,06/29/2026 18:24:32,10.85,5064.96
808,06/29/2026 18:39:32,9.44,5015.04
809,06/29/2026 18:54:32,9.09,2520.96
810,06/29/2026 19:09:32,9.14,3312.64
811,06/29/2026 19:24:32,9.14,2107.52
812,06/29/2026 19:39:32,9.05,1447.04
813,06/29/2026 19:54:32,8.92,1053.12
814,06/29/2026 20:09:32,8.88,1406.08
815,06/29/2026 20:24:32,8.83,1132.80
816,06/29/2026 20:39:32,8.79,751.04
817,06/29/2026 20:54:32,8.79,273.44
818,06/29/2026 21:09:32,8.62,61.26
819,06/29/2026 21:24:32,8.71,66.22
820,06/29/2026 21:39:32,8.66,37.83
821,06/29/2026 21:54:32,8.58,14.74
822,06/29/2026 22:09:32,8.53,5.18
823,06/29/2026 22:24:32,8.58,0.41
824,06/29/2026 22:39:32,8.53,0.00
825,06/29/2026 22:54:32,8.49,0.00
826,06/29/2026 23:09:32,8.49,0.00
827,06/29/2026 23:24:32,8.45,0.00
828,06/29/2026 23:39:32,8.41,0.00
829,06/29/2026 23:54:32,8.45,0.00
830,06/30/2026 00:09:32,8.36,0.00
831,06/30/2026 00:24:32,8.45,0.00
832,06/30/2026 00:39:32,8.41,0.00
833,06/30/2026 00:54:32,8.41,0.00
834,06/30/2026 01:09:32,8.32,0.00
835,06/30/2026 01:24:32,8.23,0.00
836,06/30/2026 01:39:32,8.19,0.00
837,06/30/2026 01:54:32,8.28,0.00
838,06/30/2026 02:09:32,8.19,0.00
839,06/30/2026 02:24:32,9.39,0.00
840,06/30/2026 02:39:32,9.61,0.00
841,06/30/2026 02:54:32,9.86,0.00
842,06/30/2026 03:09:32,10.12,0.00
843,06/30/2026 03:24:32,10.89,0.00
844,06/30/2026 03:39:32,11.62,0.00
845,06/30/2026 03:54:32,13.55,0.41
846,06/30/2026 04:09:32,14.58,3.10
847,06/30/2026 04:24:32,16.39,16.81
848,06/30/2026 04:39:32,16.43,73.80
849,06/30/2026 04:54:32,16.77,174.32
850,06/30/2026 05:09:32,16.86,291.84
851,06/30/2026 05:24:32,17.03,479.68
852,06/30/2026 05:39:32,17.24,665.92
853,06/30/2026 05:54:32,17.37,1427.20
854,06/30/2026 06:09:32,17.59,1950.08
855,06/30/2026 06:24:32,17.72,3299.84
856,06/30/2026 06:39:32,17.97,1952.00
857,06/30/2026 06:54:32,16.43,1799.04
858,06/30/2026 07:09:32,17.54,6330.88
859,06/30/2026 07:24:32,17.84,7421.44
860,06/30/2026 07:39:32,17.76,9254.40
861,06/30/2026 07:54:32,17.16,10506.24
862,06/30/2026 08:09:32,20.33,23070.72
863,06/30/2026 08:24:32,19.82,29388.80
864,06/30/2026 08:39:32,10.77,20106.24
865,06/30/2026 08:54:32,10.04,14653.44
866,06/30/2026 09:09:32,9.61,13235.20
867,06/30/2026 09:24:32,9.35,12912.64
868,06/30/2026 09:39:32,9.39,16409.60
869,06/30/2026 09:54:32,9.44,14361.60
870,06/30/2026 10:09:32,9.78,29491.20
871,06/30/2026 10:24:32,9.95,32808.96
872,06/30/2026 10:39:32,9.95,26757.12
873,06/30/2026 10:54:32,10.46,30443.52
874,06/30/2026 11:09:32,10.16,26664.96
875,06/30/2026 11:24:32,10.51,13286.40
876,06/30/2026 11:39:32,10.77,18109.44
877,06/30/2026 11:54:32,11.49,14863.36
878,06/30/2026 12:09:32,11.54,16174.08
879,06/30/2026 12:24:32,11.28,6743.04
880,06/30/2026 12:39:32,11.58,10347.52
881,06/30/2026 12:54:32,11.92,18836.48
882,06/30/2026 13:09:32,11.92,17464.32
883,06/30/2026 13:24:32,12.27,20300.80
884,06/30/2026 13:39:32,11.88,10414.08
885,06/30/2026 13:54:32,11.92,10772.48
886,06/30/2026 14:09:32,12.14,5713.92
887,06/30/2026 14:24:32,12.14,8058.88
888,06/30/2026 14:39:32,12.01,5678.08
889,06/30/2026 14:54:32,11.88,6597.12
890,06/30/2026 15:09:32,12.40,4823.04
891,06/30/2026 15:24:32,13.00,2328.32
892,06/30/2026 15:39:32,12.91,3774.72
893,06/30/2026 15:54:32,12.95,7733.76
894,06/30/2026 16:09:32,12.57,9838.08
895,06/30/2026 16:24:32,13.30,27791.36
896,06/30/2026 16:39:32,12.82,7713.28
897,06/30/2026 16:54:32,13.08,8232.96
898,06/30/2026 17:09:32,13.34,13655.04
899,06/30/2026 17:24:32,13.43,12359.68
900,06/30/2026 17:39:32,13.34,10880.00
901,06/30/2026 17:54:32,13.17,9121.28
902,06/30/2026 18:09:32,12.91,7879.68
903,06/30/2026 18:24:32,13.51,10700.80
904,06/30/2026 18:39:32,13.47,7874.56
905,06/30/2026 18:54:32,13.73,11586.56
906,06/30/2026 19:09:32,13.51,6842.88
907,06/30/2026 19:24:32,13.25,4869.12
908,06/30/2026 19:39:32,13.25,5148.16
909,06/30/2026 19:54:32,13.17,2359.68
910,06/30/2026 20:09:32,13.12,1238.08
911,06/30/2026 20:24:32,12.95,667.84
912,06/30/2026 20:39:32,12.78,337.60
913,06/30/2026 20:54:32,12.65,222.64
914,06/30/2026 21:09:32,12.52,152.56
915,06/30/2026 21:24:32,12.35,188.40
916,06/30/2026 21:39:32,12.18,103.24
917,06/30/2026 21:54:32,11.92,26.17
918,06/30/2026 22:09:32,11.79,6.45
919,06/30/2026 22:24:32,11.75,0.62
920,06/30/2026 22:39:32,11.58,0.00
921,06/30/2026 22:54:32,11.49,0.00
922,06/30/2026 23:09:32,11.41,0.00
923,06/30/2026 23:24:32,11.41,0.00
924,06/30/2026 23:39:32,11.41,0.00
925,06/30/2026 23:54:32,11.41,0.00
926,07/01/2026 00:09:32,11.28,0.00
927,07/01/2026 00:24:32,11.24,0.00
928,07/01/2026 00:39:32,11.28,0.00
929,07/01/2026 00:54:32,11.19,0.00
930,07/01/2026 01:09:32,11.28,0.00
931,07/01/2026 01:24:32,11.37,0.00
932,07/01/2026 01:39:32,11.37,0.00
933,07/01/2026 01:54:32,11.41,0.00
934,07/01/2026 02:09:32,11.41,0.00
935,07/01/2026 02:24:32,11.49,0.00
936,07/01/2026 02:39:32,11.67,0.00
937,07/01/2026 02:54:32,11.88,0.00
938,07/01/2026 03:09:32,11.67,0.00
939,07/01/2026 03:24:32,11.75,0.00
940,07/01/2026 03:39:32,11.67,0.00
941,07/01/2026 03:54:32,12.10,0.00
942,07/01/2026 04:09:32,11.28,1.45
943,07/01/2026 04:24:32,12.61,9.32
944,07/01/2026 04:39:32,11.24,66.28
945,07/01/2026 04:54:32,12.40,233.44
946,07/01/2026 05:09:32,12.87,560.16
947,07/01/2026 05:24:32,12.40,1132.80
948,07/01/2026 05:39:32,12.05,2009.60
949,07/01/2026 05:54:32,12.14,2767.36
950,07/01/2026 06:09:32,12.61,4281.60
951,07/01/2026 06:24:32,12.74,4546.56
952,07/01/2026 06:39:32,12.87,4523.52
953,07/01/2026 06:54:32,12.78,4079.36
954,07/01/2026 07:09:32,12.70,5913.60
955,07/01/2026 07:24:32,12.52,7733.76
956,07/01/2026 07:39:32,12.57,8942.08
957,07/01/2026 07:54:32,12.70,12083.20
958,07/01/2026 08:09:32,12.65,10577.92
959,07/01/2026 08:24:32,12.87,12272.64
960,07/01/2026 08:39:32,12.78,12180.48
961,07/01/2026 08:54:32,12.61,12707.84
962,07/01/2026 09:09:32,12.65,13895.68
963,07/01/2026 09:24:32,12.91,14545.92
964,07/01/2026 09:39:32,12.95,12876.80
965,07/01/2026 09:54:32,13.12,15447.04
966,07/01/2026 10:09:32,13.21,15616.00
967,07/01/2026 10:24:32,13.47,17254.40
968,07/01/2026 10:39:32,13.85,18611.20
969,07/01/2026 10:54:32,14.07,27187.20
970,07/01/2026 11:09:32,13.64,19635.20
971,07/01/2026 11:24:32,12.44,25999.36
972,07/01/2026 11:39:32,12.31,24473.60
973,07/01/2026 11:54:32,11.75,9418.24
974,07/01/2026 12:09:32,12.22,28508.16
975,07/01/2026 12:24:32,11.88,27750.40
976,07/01/2026 12:39:32,11.79,25344.00
977,07/01/2026 12:54:32,11.67,21053.44
978,07/01/2026 13:09:32,11.84,28497.92
979,07/01/2026 13:24:32,12.27,27996.16
980,07/01/2026 13:39:32,13.04,39229.44
981,07/01/2026 13:54:32,13.85,28149.76
982,07/01/2026 14:09:32,13.64,18201.60
983,07/01/2026 14:24:32,13.43,23336.96
984,07/01/2026 14:39:32,13.43,26091.52
985,07/01/2026 14:54:32,13.12,19829.76
986,07/01/2026 15:09:32,12.35,9797.12
987,07/01/2026 15:24:32,12.27,12472.32
988,07/01/2026 15:39:32,12.91,11514.88
989,07/01/2026 15:54:32,13.17,18631.68
990,07/01/2026 16:09:32,13.68,15667.20
991,07/01/2026 16:24:32,13.85,37672.96
992,07/01/2026 16:39:32,14.33,27351.04
993,07/01/2026 16:54:32,14.67,31365.12
994,07/01/2026 17:09:32,14.80,20382.72
995,07/01/2026 17:24:32,14.75,24320.00
996,07/01/2026 17:39:32,14.75,22333.44
997,07/01/2026 17:54:32,14.37,16793.60
998,07/01/2026 18:09:32,14.03,9346.56
999,07/01/2026 18:24:32,13.90,7357.44
1000,07/01/2026 18:39:32,13.60,6609.92
1001,07/01/2026 18:54:32,13.51,4663.04
1002,07/01/2026 19:09:32,13.38,5171.20
1003,07/01/2026 19:24:32,13.55,4158.72
1004,07/01/2026 19:39:32,13.51,3281.92
1005,07/01/2026 19:54:32,13.21,3244.80
1006,07/01/2026 20:09:32,13.30,2016.64
1007,07/01/2026 20:24:32,13.30,1565.44
1008,07/01/2026 20:39:32,13.25,1450.24
1009,07/01/2026 20:54:32,12.95,755.20
1010,07/01/2026 21:09:32,12.82,441.44
1011,07/01/2026 21:24:32,12.74,251.68
1012,07/01/2026 21:39:32,12.87,115.76
1013,07/01/2026 21:54:32,12.70,37.00
1014,07/01/2026 22:09:32,14.03,7.67
1015,07/01/2026 22:24:32,13.00,1.03
1016,07/01/2026 22:39:32,12.82,0.00
1017,07/01/2026 22:54:32,13.04,0.00
1018,07/01/2026 23:09:32,12.91,0.00
1019,07/01/2026 23:24:32,12.91,0.00
1020,07/01/2026 23:39:32,12.91,0.00
1021,07/01/2026 23:54:32,12.61,0.00
1022,07/02/2026 00:09:32,12.52,0.00
1023,07/02/2026 00:24:32,12.52,0.00
1024,07/02/2026 00:39:32,12.22,0.00
1025,07/02/2026 00:54:32,11.84,0.00
1026,07/02/2026 01:09:32,11.71,0.00
1027,07/02/2026 01:24:32,11.79,0.00
1028,07/02/2026 01:39:32,11.97,0.00
1029,07/02/2026 01:54:32,10.81,0.00
1030,07/02/2026 02:09:32,11.75,0.00
1031,07/02/2026 02:24:32,11.54,0.00
1032,07/02/2026 02:39:32,11.79,0.00
1033,07/02/2026 02:54:32,11.49,0.00
1034,07/02/2026 03:09:32,11.67,0.00
1035,07/02/2026 03:24:32,11.28,0.00
1036,07/02/2026 03:39:32,11.15,0.00
1037,07/02/2026 03:54:32,12.14,0.00
1038,07/02/2026 04:09:32,13.00,1.45
1039,07/02/2026 04:24:32,13.21,9.97
1040,07/02/2026 04:39:32,13.00,27.44
1041,07/02/2026 04:54:32,13.17,65.86
1042,07/02/2026 05:09:32,13.12,275.92
1043,07/02/2026 05:24:32,13.90,929.60
1044,07/02/2026 05:39:32,14.24,1721.60
1045,07/02/2026 05:54:32,14.54,3374.08
1046,07/02/2026 06:09:32,14.58,4988.16
1047,07/02/2026 06:24:32,13.12,2805.76
1048,07/02/2026 06:39:32,11.88,5849.60
1049,07/02/2026 06:54:32,11.84,550.56
1050,07/02/2026 07:09:32,12.01,1280.96
1051,07/02/2026 07:24:32,12.18,4264.96
1052,07/02/2026 07:39:32,11.88,5440.00
1053,07/02/2026 07:54:32,12.31,5731.84
1054,07/02/2026 08:09:32,12.78,5905.92
1055,07/02/2026 08:24:32,12.14,8842.24
1056,07/02/2026 08:39:32,11.84,12748.80
1057,07/02/2026 08:54:32,12.27,19599.36
1058,07/02/2026 09:09:32,12.01,14638.08
1059,07/02/2026 09:24:32,12.61,29296.64
1060,07/02/2026 09:39:32,12.22,22487.04
1061,07/02/2026 09:54:32,12.44,28712.96
1062,07/02/2026 10:09:32,12.35,18780.16
1063,07/02/2026 10:24:32,12.22,18017.28
1064,07/02/2026 10:39:32,12.44,19665.92
1065,07/02/2026 10:54:32,12.65,23736.32
1066,07/02/2026 11:09:32,12.31,11740.16
1067,07/02/2026 11:24:32,12.27,10083.84
1068,07/02/2026 11:39:32,12.52,19527.68
1069,07/02/2026 11:54:32,12.61,13967.36
1070,07/02/2026 12:09:32,12.44,7859.20
1071,07/02/2026 12:24:32,12.48,12707.84
1072,07/02/2026 12:39:32,12.48,10577.92
1073,07/02/2026 12:54:32,12.48,14202.88
1074,07/02/2026 13:09:32,12.48,12544.00
1075,07/02/2026 13:24:32,12.35,8801.28
1076,07/02/2026 13:39:32,12.14,6632.96
1077,07/02/2026 13:54:32,12.05,6361.60
1078,07/02/2026 14:09:32,11.54,3475.20
1079,07/02/2026 14:24:32,11.37,3668.48
1080,07/02/2026 14:39:32,11.32,8842.24
1081,07/02/2026 14:54:32,11.45,13327.36
1082,07/02/2026 15:09:32,11.49,8066.56
1083,07/02/2026 15:24:32,12.05,5708.80
1084,07/02/2026 15:39:32,11.84,2165.76
1085,07/02/2026 15:54:32,12.10,2981.12
1086,07/02/2026 16:09:32,12.27,5542.40
1087,07/02/2026 16:24:32,12.48,10685.44
1088,07/02/2026 16:39:32,12.57,15349.76
1089,07/02/2026 16:54:32,12.44,11284.48
1090,07/02/2026 17:09:32,12.35,11801.60
1091,07/02/2026 17:24:32,12.10,7953.92
1092,07/02/2026 17:39:32,11.84,7070.72
1093,07/02/2026 17:54:32,12.44,14950.40
1094,07/02/2026 18:09:32,12.74,8565.76
1095,07/02/2026 18:24:32,12.27,7528.96
1096,07/02/2026 18:39:32,11.58,4417.28
1097,07/02/2026 18:54:32,10.34,2236.80
1098,07/02/2026 19:09:32,10.72,1578.88
1099,07/02/2026 19:24:32,10.89,1427.84
1100,07/02/2026 19:39:32,10.42,1605.76
1101,07/02/2026 19:54:32,10.77,1857.28
1102,07/02/2026 20:09:32,10.98,2472.32
1103,07/02/2026 20:24:32,11.41,1128.64
1104,07/02/2026 20:39:32,11.19,895.36
1105,07/02/2026 20:54:32,11.19,580.48
1106,07/02/2026 21:09:32,11.11,379.36
1107,07/02/2026 21:24:32,10.98,212.64
1108,07/02/2026 21:39:32,11.15,99.92
1109,07/02/2026 21:54:32,11.41,37.00
1110,07/02/2026 22:09:32,11.32,7.69
1111,07/02/2026 22:24:32,11.49,1.24
1112,07/02/2026 22:39:32,11.62,0.00
1113,07/02/2026 22:54:32,11.58,0.00
1114,07/02/2026 23:09:32,11.49,0.00
1115,07/02/2026 23:24:32,11.49,0.00
1116,07/02/2026 23:39:32,11.49,0.00
1117,07/02/2026 23:54:32,11.58,0.00
1118,07/03/2026 00:09:32,11.58,0.00
1119,07/03/2026 00:24:32,11.49,0.00
1120,07/03/2026 00:39:32,11.49,0.00
1121,07/03/2026 00:54:32,11.49,0.00
1122,07/03/2026 01:09:32,11.41,0.00
1123,07/03/2026 01:24:32,11.28,0.00
1124,07/03/2026 01:39:32,10.64,0.00
1125,07/03/2026 01:54:32,10.59,0.00
1126,07/03/2026 02:09:32,10.59,0.00
1127,07/03/2026 02:24:32,10.64,0.00
1128,07/03/2026 02:39:32,10.51,0.00
1129,07/03/2026 02:54:32,10.94,0.00
1130,07/03/2026 03:09:32,11.07,0.00
1131,07/03/2026 03:24:32,11.07,0.00
1132,07/03/2026 03:39:32,10.98,0.00
1133,07/03/2026 03:54:32,10.94,0.00
1134,07/03/2026 04:09:32,10.89,0.41
1135,07/03/2026 04:24:32,10.85,3.93
1136,07/03/2026 04:39:32,10.85,17.02
1137,07/03/2026 04:54:32,10.85,49.54
1138,07/03/2026 05:09:32,10.85,123.32
1139,07/03/2026 05:24:32,10.81,192.80
1140,07/03/2026 05:39:32,10.81,349.44
1141,07/03/2026 05:54:32,10.77,519.52
1142,07/03/2026 06:09:32,10.81,809.60
1143,07/03/2026 06:24:32,10.81,1500.80
1144,07/03/2026 06:39:32,12.10,3102.72
1145,07/03/2026 06:54:32,12.27,4606.72
1146,07/03/2026 07:09:32,12.40,6154.24
1147,07/03/2026 07:24:32,12.48,7587.84
1148,07/03/2026 07:39:32,12.65,9984.00
1149,07/03/2026 07:54:32,12.78,11535.36
1150,07/03/2026 08:09:32,12.35,6118.40
1151,07/03/2026 08:24:32,12.44,5255.68
1152,07/03/2026 08:39:32,12.35,8304.64
1153,07/03/2026 08:54:32,12.35,6927.36
1154,07/03/2026 09:09:32,12.52,9333.76
1155,07/03/2026 09:24:32,12.52,8238.08
1156,07/03/2026 09:39:32,12.22,8232.96
1157,07/03/2026 09:54:32,12.18,9446.40
1158,07/03/2026 10:09:32,11.71,5711.36
1159,07/03/2026 10:24:32,11.62,9425.92
1160,07/03/2026 10:39:32,11.75,9730.56
1161,07/03/2026 10:54:32,11.79,14192.64
1162,07/03/2026 11:09:32,11.62,15267.84
1163,07/03/2026 11:24:32,11.49,16721.92
1164,07/03/2026 11:39:32,11.49,10634.24
1165,07/03/2026 11:54:32,11.41,8770.56
1166,07/03/2026 12:09:32,11.37,11694.08
1167,07/03/2026 12:24:32,11.58,16092.16
1168,07/03/2026 12:39:32,11.49,15303.68
1169,07/03/2026 12:54:32,11.19,24719.36
1170,07/03/2026 13:09:32,11.15,18826.24
1171,07/03/2026 13:24:32,11.15,12677.12
1172,07/03/2026 13:39:32,10.51,8942.08
1173,07/03/2026 13:54:32,10.59,5655.04
1174,07/03/2026 14:09:32,10.34,3816.96
1175,07/03/2026 14:24:32,10.34,4879.36
1176,07/03/2026 14:39:32,10.77,5824.00
1177,07/03/2026 14:54:32,10.98,6172.16
1178,07/03/2026 15:09:32,10.85,5396.48
1179,07/03/2026 15:24:32,10.51,3694.08
1180,07/03/2026 15:39:32,10.51,5301.76
1181,07/03/2026 15:54:32,10.64,7229.44
1182,07/03/2026 16:09:32,10.46,8079.36
1183,07/03/2026 16:24:32,10.34,8330.24
1184,07/03/2026 16:39:32,10.08,8642.56
1185,07/03/2026 16:54:32,10.25,13025.28
1186,07/03/2026 17:09:32,10.59,16645.12
1187,07/03/2026 17:24:32,10.85,14412.80
1188,07/03/2026 17:39:32,10.64,10088.96
1189,07/03/2026 17:54:32,10.29,8604.16
1190,07/03/2026 18:09:32,9.91,8524.80
1191,07/03/2026 18:24:32,9.82,10670.08
1192,07/03/2026 18:39:32,9.78,6254.08
1193,07/03/2026 18:54:32,9.69,4514.56
1194,07/03/2026 19:09:32,9.35,2658.56
1195,07/03/2026 19:24:32,9.22,3308.80
1196,07/03/2026 19:39:32,9.39,3065.60
1197,07/03/2026 19:54:32,9.31,2527.36
1198,07/03/2026 20:09:32,9.09,1770.88
1199,07/03/2026 20:24:32,9.14,1420.80
1200,07/03/2026 20:39:32,9.22,969.28
1201,07/03/2026 20:54:32,9.31,829.44
1202,07/03/2026 21:09:32,9.09,479.20
1203,07/03/2026 21:24:32,8.92,280.88
1204,07/03/2026 21:39:32,8.79,135.88
1205,07/03/2026 21:54:32,8.92,47.52
1206,07/03/2026 22:09:32,9.05,9.95
1207,07/03/2026 22:24:32,9.14,1.86
1208,07/03/2026 22:39:32,9.09,0.20
1209,07/03/2026 22:54:32,9.05,0.00
1210,07/03/2026 23:09:32,8.96,0.00
1211,07/03/2026 23:24:32,8.96,0.00
1212,07/03/2026 23:39:32,8.92,0.00
1213,07/03/2026 23:54:32,8.88,0.00
1214,07/04/2026 00:09:32,8.83,0.00
1215,07/04/2026 00:24:32,8.79,0.00
1216,07/04/2026 00:39:32,8.79,0.00
1217,07/04/2026 00:54:32,8.66,0.00
1218,07/04/2026 01:09:32,8.66,0.00
1219,07/04/2026 01:24:32,8.58,0.00
1220,07/04/2026 01:39:32,8.53,0.00
1221,07/04/2026 01:54:32,8.49,0.00
1222,07/04/2026 02:09:32,8.45,0.00
1223,07/04/2026 02:24:32,8.53,0.00
1224,07/04/2026 02:39:32,8.49,0.00
1225,07/04/2026 02:54:32,8.41,0.00
1226,07/04/2026 03:09:32,8.41,0.00
1227,07/04/2026 03:24:32,8.41,0.00
1228,07/04/2026 03:39:32,8.41,0.00
1229,07/04/2026 03:54:32,8.36,0.00
1230,07/04/2026 04:09:32,8.36,0.41
1231,07/04/2026 04:24:32,8.32,3.31
1232,07/04/2026 04:39:32,8.28,16.81
1233,07/04/2026 04:54:32,8.28,52.08
1234,07/04/2026 05:09:32,8.19,128.32
1235,07/04/2026 05:24:32,8.19,220.96
1236,07/04/2026 05:39:32,8.11,449.44
1237,07/04/2026 05:54:32,8.15,885.44
1238,07/04/2026 06:09:32,8.19,1393.92
1239,07/04/2026 06:24:32,8.11,1324.80
1240,07/04/2026 06:39:32,8.11,2200.32
1241,07/04/2026 06:54:32,8.06,2530.56
1242,07/04/2026 07:09:32,8.02,3200.00
1243,07/04/2026 07:24:32,8.02,3608.32
1244,07/04/2026 07:39:32,8.06,5455.36
1245,07/04/2026 07:54:32,8.15,7137.28
1246,07/04/2026 08:09:32,8.32,9221.12
1247,07/04/2026 08:24:32,8.36,8788.48
1248,07/04/2026 08:39:32,8.45,10931.20
1249,07/04/2026 08:54:32,8.71,13552.64
1250,07/04/2026 09:09:32,8.88,11673.60
1251,07/04/2026 09:24:32,9.09,16532.48
1252,07/04/2026 09:39:32,9.39,16747.52
1253,07/04/2026 09:54:32,9.65,16097.28
1254,07/04/2026 10:09:32,9.86,17310.72
1255,07/04/2026 10:24:32,9.91,11612.16
1256,07/04/2026 10:39:32,9.99,27258.88
1257,07/04/2026 10:54:32,9.99,26531.84
1258,07/04/2026 11:09:32,9.82,38225.92
1259,07/04/2026 11:24:32,9.74,8616.96
1260,07/04/2026 11:39:32,9.74,16128.00
1261,07/04/2026 11:54:32,9.69,16092.16
1262,07/04/2026 12:09:32,9.78,31057.92
1263,07/04/2026 12:24:32,10.12,31180.80
1264,07/04/2026 12:39:32,10.12,21770.24
1265,07/04/2026 12:54:32,10.16,33515.52
1266,07/04/2026 13:09:32,10.29,33607.68
1267,07/04/2026 13:24:32,10.38,20638.72
1268,07/04/2026 13:39:32,10.38,27555.84
1269,07/04/2026 13:54:32,10.42,30668.80
1270,07/04/2026 14:09:32,10.38,32501.76
1271,07/04/2026 14:24:32,10.42,23500.80
1272,07/04/2026 14:39:32,10.59,36730.88
1273,07/04/2026 14:54:32,10.81,21135.36
1274,07/04/2026 15:09:32,10.77,24739.84
1275,07/04/2026 15:24:32,10.85,19338.24
1276,07/04/2026 15:39:32,11.19,25333.76
1277,07/04/2026 15:54:32,11.11,33095.68
1278,07/04/2026 16:09:32,10.94,24606.72
1279,07/04/2026 16:24:32,11.28,31508.48
1280,07/04/2026 16:39:32,11.67,26081.28
1281,07/04/2026 16:54:32,12.14,23173.12
1282,07/04/2026 17:09:32,12.14,18529.28
1283,07/04/2026 17:24:32,11.75,16040.96
1284,07/04/2026 17:39:32,12.01,22036.48
1285,07/04/2026 17:54:32,11.88,19809.28
1286,07/04/2026 18:09:32,12.14,19404.80
1287,07/04/2026 18:24:32,12.18,15636.48
1288,07/04/2026 18:39:32,11.84,25507.84
1289,07/04/2026 18:54:32,11.45,12359.68
1290,07/04/2026 19:09:32,10.89,10334.72
1291,07/04/2026 19:24:32,10.98,17105.92
1292,07/04/2026 19:39:32,11.07,9192.96
1293,07/04/2026 19:54:32,11.15,6174.72
1294,07/04/2026 20:09:32,11.11,8796.16
1295,07/04/2026 20:24:32,10.68,5237.76
1296,07/04/2026 20:39:32,10.55,2527.36
1297,07/04/2026 20:54:32,10.59,1682.56
1298,07/04/2026 21:09:32,10.38,1053.76
1299,07/04/2026 21:24:32,10.21,589.12
1300,07/04/2026 21:39:32,9.99,255.20
1301,07/04/2026 21:54:32,9.99,80.84
1302,07/04/2026 22:09:32,9.95,17.67
1303,07/04/2026 22:24:32,9.91,3.31
1304,07/04/2026 22:39:32,9.82,0.41
1305,07/04/2026 22:54:32,9.86,0.00
1306,07/04/2026 23:09:32,9.78,0.00
1307,07/04/2026 23:24:32,9.78,0.00
1308,07/04/2026 23:39:32,9.74,0.00
1309,07/04/2026 23:54:32,9.56,0.00
1310,07/05/2026 00:09:32,9.56,0.00
1311,07/05/2026 00:24:32,9.48,0.00
1312,07/05/2026 00:39:32,9.52,0.00
1313,07/05/2026 00:54:32,9.52,0.00
1314,07/05/2026 01:09:32,9.69,0.00
1315,07/05/2026 01:24:32,9.86,0.00
1316,07/05/2026 01:39:32,9.99,0.00
1317,07/05/2026 01:54:32,10.04,0.00
1318,07/05/2026 02:09:32,10.04,0.00
1319,07/05/2026 02:24:32,10.04,0.00
1320,07/05/2026 02:39:32,9.95,0.00
1321,07/05/2026 02:54:32,9.95,0.00
1322,07/05/2026 03:09:32,9.99,0.00
1323,07/05/2026 03:24:32,9.95,0.00
1324,07/05/2026 03:39:32,9.95,0.00
1325,07/05/2026 03:54:32,9.99,0.00
1326,07/05/2026 04:09:32,9.99,0.82
1327,07/05/2026 04:24:32,9.99,5.39
1328,07/05/2026 04:39:32,9.95,32.03
1329,07/05/2026 04:54:32,9.95,128.32
1330,07/05/2026 05:09:32,9.91,333.44
1331,07/05/2026 05:24:32,9.91,685.12
1332,07/05/2026 05:39:32,9.95,1084.48
1333,07/05/2026 05:54:32,9.95,2048.00
1334,07/05/2026 06:09:32,9.86,3416.32
1335,07/05/2026 06:24:32,9.78,4888.32
1336,07/05/2026 06:39:32,11.15,10022.40
1337,07/05/2026 06:54:32,13.51,12282.88
1338,07/05/2026 07:09:32,15.01,14223.36
1339,07/05/2026 07:24:32,16.77,16092.16
1340,07/05/2026 07:39:32,17.76,18585.60
1341,07/05/2026 07:54:32,18.27,20787.20
1342,07/05/2026 08:09:32,19.00,23736.32
1343,07/05/2026 08:24:32,19.52,26091.52
1344,07/05/2026 08:39:32,20.07,28784.64
1345,07/05/2026 08:54:32,20.68,30208.00
1346,07/05/2026 09:09:32,21.10,32061.44
1347,07/05/2026 09:24:32,21.79,33802.24
1348,07/05/2026 09:39:32,22.31,35860.48
1349,07/05/2026 09:54:32,22.52,38246.40
1350,07/05/2026 10:09:32,22.95,40529.92
1351,07/05/2026 10:24:32,23.29,42926.08
1352,07/05/2026 10:39:32,23.12,45035.52
1353,07/05/2026 10:54:32,24.02,47349.76
1354,07/05/2026 11:09:32,24.58,49520.64
1355,07/05/2026 11:24:32,24.66,51834.88
1356,07/05/2026 11:39:32,17.93,55480.32
1357,07/05/2026 11:54:32,13.47,49582.08
1358,07/05/2026 12:09:32,12.95,46837.76
1359,07/05/2026 12:24:32,13.08,45465.60
1360,07/05/2026 12:39:32,13.12,42905.60
1361,07/05/2026 12:54:32,13.17,41431.04
1362,07/05/2026 13:09:32,13.04,41472.00
1363,07/05/2026 13:24:32,13.04,33024.00
1364,07/05/2026 13:39:32,13.34,45731.84
1365,07/05/2026 13:54:32,13.47,54763.52
1366,07/05/2026 14:09:32,13.55,35133.44
1367,07/05/2026 14:24:32,13.81,33904.64
1368,07/05/2026 14:39:32,14.15,42516.48
1369,07/05/2026 14:54:32,14.11,40888.32
1370,07/05/2026 15:09:32,14.37,54763.52
1371,07/05/2026 15:24:32,15.14,32460.80
1372,07/05/2026 15:39:32,15.10,38195.20
1373,07/05/2026 15:54:32,14.63,24125.44
1374,07/05/2026 16:09:32,14.11,34785.28
1375,07/05/2026 16:24:32,14.20,29358.08
1376,07/05/2026 16:39:32,14.33,40878.08
1377,07/05/2026 16:54:32,14.80,23244.80
1378,07/05/2026 17:09:32,14.80,27576.32
1379,07/05/2026 17:24:32,14.80,15897.60
1380,07/05/2026 17:39:32,14.67,23541.76
1381,07/05/2026 17:54:32,14.54,18846.72
1382,07/05/2026 18:09:32,15.10,29665.28
1383,07/05/2026 18:24:32,14.80,17996.80
1384,07/05/2026 18:39:32,14.75,20090.88
1385,07/05/2026 18:54:32,14.50,15242.24
1386,07/05/2026 19:09:32,14.54,15247.36
1387,07/05/2026 19:24:32,13.98,13204.48
1388,07/05/2026 19:39:32,14.37,9664.00
1389,07/05/2026 19:54:32,14.11,11330.56
1390,07/05/2026 20:09:32,13.85,8271.36
1391,07/05/2026 20:24:32,13.60,3336.96
1392,07/05/2026 20:39:32,13.25,3783.68
1393,07/05/2026 20:54:32,13.51,4185.60
1394,07/05/2026 21:09:32,13.21,1754.24
1395,07/05/2026 21:24:32,12.65,1162.56
1396,07/05/2026 21:39:32,12.78,470.56
1397,07/05/2026 21:54:32,11.15,174.56
1398,07/05/2026 22:09:32,10.59,42.08
1399,07/05/2026 22:24:32,11.84,8.08
1400,07/05/2026 22:39:32,11.84,1.24
1401,07/05/2026 22:54:32,11.75,0.00
1402,07/05/2026 23:09:32,12.87,0.00
1403,07/05/2026 23:24:32,13.21,0.00
1404,07/05/2026 23:39:32,13.08,0.00
1405,07/05/2026 23:54:32,13.04,0.00
1406,07/06/2026 00:09:32,13.00,0.00
1407,07/06/2026 00:24:32,12.91,0.00
1408,07/06/2026 00:39:32,12.95,0.00
1409,07/06/2026 00:54:32,12.87,0.00
1410,07/06/2026 01:09:32,12.82,0.00
1411,07/06/2026 01:24:32,12.82,0.00
1412,07/06/2026 01:39:32,12.78,0.00
1413,07/06/2026 01:54:32,12.70,0.00
1414,07/06/2026 02:09:32,12.70,0.00
1415,07/06/2026 02:24:32,12.65,0.00
1416,07/06/2026 02:39:32,12.61,0.00
1417,07/06/2026 02:54:32,12.61,0.00
1418,07/06/2026 03:09:32,12.57,0.00
1419,07/06/2026 03:24:32,12.48,0.00
1420,07/06/2026 03:39:32,12.48,0.00
1421,07/06/2026 03:54:32,12.44,0.00
1422,07/06/2026 04:09:32,12.40,1.03
1423,07/06/2026 04:24:32,12.35,5.62
1424,07/06/2026 04:39:32,12.31,32.44
1425,07/06/2026 04:54:32,12.22,160.24
1426,07/06/2026 05:09:32,12.14,519.04
1427,07/06/2026 05:24:32,12.14,1159.04
1428,07/06/2026 05:39:32,12.61,3727.36
1429,07/06/2026 05:54:32,13.60,5642.24
1430,07/06/2026 06:09:32,15.48,8284.16
1431,07/06/2026 06:24:32,17.07,10380.80
1432,07/06/2026 06:39:32,17.93,11857.92
1433,07/06/2026 06:54:32,17.76,13378.56
1434,07/06/2026 07:09:32,19.82,17500.16
1435,07/06/2026 07:24:32,20.03,19456.00
1436,07/06/2026 07:39:32,18.02,21964.80
1437,07/06/2026 07:54:32,18.74,24371.20
1438,07/06/2026 08:09:32,18.87,27699.20
1439,07/06/2026 08:24:32,18.74,30289.92
1440,07/06/2026 08:39:32,19.73,33269.76
1441,07/06/2026 08:54:32,19.35,34969.60
1442,07/06/2026 09:09:32,20.03,37488.64
1443,07/06/2026 09:24:32,20.50,39321.60
1444,07/06/2026 09:39:32,21.70,42147.84
1445,07/06/2026 09:54:32,22.39,44441.60
1446,07/06/2026 10:09:32,23.29,46612.48
1447,07/06/2026 10:24:32,23.64,49295.36
1448,07/06/2026 10:39:32,24.97,52224.00
1449,07/06/2026 10:54:32,24.84,54702.08
1450,07/06/2026 11:09:32,25.18,56258.56
1451,07/06/2026 11:24:32,25.48,58920.96
1452,07/06/2026 11:39:32,25.27,60129.28
1453,07/06/2026 11:54:32,25.22,62484.48
1454,07/06/2026 12:09:32,25.39,64798.72
1455,07/06/2026 12:24:32,24.66,66621.44
1456,07/06/2026 12:39:32,25.52,68280.32
1457,07/06/2026 12:54:32,26.47,69365.76
1458,07/06/2026 13:09:32,27.15,71127.04
1459,07/06/2026 13:24:32,22.99,72171.52
1460,07/06/2026 13:39:32,21.15,72273.92
1461,07/06/2026 13:54:32,17.67,54517.76
1462,07/06/2026 14:09:32,18.40,61562.88
1463,07/06/2026 14:24:32,19.00,56258.56
1464,07/06/2026 14:39:32,18.92,45854.72
1465,07/06/2026 14:54:32,18.19,50339.84
1466,07/06/2026 15:09:32,18.32,50339.84
1467,07/06/2026 15:24:32,18.70,67768.32
1468,07/06/2026 15:39:32,18.87,39106.56
1469,07/06/2026 15:54:32,19.26,42700.80
1470,07/06/2026 16:09:32,19.35,44830.72
1471,07/06/2026 16:24:32,19.56,39147.52
1472,07/06/2026 16:39:32,19.56,34068.48
1473,07/06/2026 16:54:32,19.47,38656.00
1474,07/06/2026 17:09:32,19.09,31703.04
1475,07/06/2026 17:24:32,18.62,31764.48
1476,07/06/2026 17:39:32,18.79,30177.28
1477,07/06/2026 17:54:32,18.79,33003.52
1478,07/06/2026 18:09:32,18.92,28108.80
1479,07/06/2026 18:24:32,21.66,59596.80
1480,07/06/2026 18:39:32,23.38,54784.00
1481,07/06/2026 18:54:32,23.16,50790.40
1482,07/06/2026 19:09:32,25.22,44339.20
1483,07/06/2026 19:24:32,27.84,40171.52
1484,07/06/2026 19:39:32,27.63,32460.80
1485,07/06/2026 19:54:32,27.07,27525.12
1486,07/06/2026 20:09:32,24.75,17172.48
1487,07/06/2026 20:24:32,22.05,8138.24
1488,07/06/2026 20:39:32,20.93,7587.84
1489,07/06/2026 20:54:32,20.59,4215.04
1490,07/06/2026 21:09:32,20.50,2821.12
1491,07/06/2026 21:24:32,19.82,1706.24
1492,07/06/2026 21:39:32,19.69,624.32
1493,07/06/2026 21:54:32,19.73,181.76
1494,07/06/2026 22:09:32,18.27,41.62
1495,07/06/2026 22:24:32,17.50,8.31
1496,07/06/2026 22:39:32,18.14,1.65
1497,07/06/2026 22:54:32,19.52,0.20
1498,07/06/2026 23:09:32,20.25,0.00
1499,07/06/2026 23:24:32,19.82,0.00
1500,07/06/2026 23:39:32,19.69,0.20
1501,07/06/2026 23:54:32,20.46,0.00
1502,07/07/2026 00:09:32,20.25,0.00
1503,07/07/2026 00:24:32,19.56,0.00
1504,07/07/2026 00:39:32,18.02,0.00
1505,07/07/2026 00:54:32,18.27,0.00
1506,07/07/2026 01:09:32,18.02,0.00
1507,07/07/2026 01:24:32,17.89,0.00
1508,07/07/2026 01:39:32,17.63,0.00
1509,07/07/2026 01:54:32,17.29,0.00
1510,07/07/2026 02:09:32,16.99,0.00
1511,07/07/2026 02:24:32,16.69,0.00
1512,07/07/2026 02:39:32,16.47,0.00
1513,07/07/2026 02:54:32,16.34,0.00
1514,07/07/2026 03:09:32,16.26,0.00
1515,07/07/2026 03:24:32,16.00,0.00
1516,07/07/2026 03:39:32,15.96,0.00
1517,07/07/2026 03:54:32,15.83,0.00
1518,07/07/2026 04:09:32,15.83,1.03
1519,07/07/2026 04:24:32,15.87,6.01
1520,07/07/2026 04:39:32,15.78,33.27
1521,07/07/2026 04:54:32,15.70,135.88
1522,07/07/2026 05:09:32,15.66,378.08
1523,07/07/2026 05:24:32,15.57,730.56
1524,07/07/2026 05:39:32,15.74,975.04
1525,07/07/2026 05:54:32,15.74,1832.32
1526,07/07/2026 06:09:32,15.78,1540.48
1527,07/07/2026 06:24:32,15.96,3348.48
1528,07/07/2026 06:39:32,15.74,4766.72
1529,07/07/2026 06:54:32,15.31,7508.48
1530,07/07/2026 07:09:32,14.37,9241.60
1531,07/07/2026 07:24:32,13.81,6888.96
1532,07/07/2026 07:39:32,13.64,6702.08
1533,07/07/2026 07:54:32,13.85,8696.32
1534,07/07/2026 08:09:32,14.71,15349.76
1535,07/07/2026 08:24:32,15.18,15308.80
1536,07/07/2026 08:39:32,15.83,15866.88
1537,07/07/2026 08:54:32,16.08,19742.72
1538,07/07/2026 09:09:32,17.84,28866.56
1539,07/07/2026 09:24:32,18.92,38912.00
1540,07/07/2026 09:39:32,18.57,33935.36
1541,07/07/2026 09:54:32,19.17,43253.76
1542,07/07/2026 10:09:32,18.66,35502.08
1543,07/07/2026 10:24:32,19.86,44093.44
1544,07/07/2026 10:39:32,19.52,43786.24
1545,07/07/2026 10:54:32,17.50,26583.04
1546,07/07/2026 11:09:32,22.43,66785.28
1547,07/07/2026 11:24:32,19.05,27443.20
1548,07/07/2026 11:39:32,17.33,25917.44
1549,07/07/2026 11:54:32,16.73,26245.12
1550,07/07/2026 12:09:32,22.78,71905.28
1551,07/07/2026 12:24:32,22.18,65433.60
1552,07/07/2026 12:39:32,24.11,65269.76
1553,07/07/2026 12:54:32,21.53,67297.28
1554,07/07/2026 13:09:32,19.77,55930.88
1555,07/07/2026 13:24:32,20.07,52346.88
1556,07/07/2026 13:39:32,19.30,53473.28
1557,07/07/2026 13:54:32,19.13,44728.32
1558,07/07/2026 14:09:32,19.17,41328.64
1559,07/07/2026 14:24:32,19.05,37120.00
1560,07/07/2026 14:39:32,18.96,33792.00
1561,07/07/2026 14:54:32,18.44,28866.56
1562,07/07/2026 15:09:32,18.70,29102.08
1563,07/07/2026 15:24:32,18.57,28559.36
1564,07/07/2026 15:39:32,18.49,32901.12
1565,07/07/2026 15:54:32,18.40,29296.64
1566,07/07/2026 16:09:32,18.66,25303.04
1567,07/07/2026 16:24:32,18.70,24330.24
1568,07/07/2026 16:39:32,18.62,29440.00
1569,07/07/2026 16:54:32,18.57,23726.08
1570,07/07/2026 17:09:32,18.70,21534.72
1571,07/07/2026 17:24:32,18.66,18472.96
1572,07/07/2026 17:39:32,18.70,19880.96
1573,07/07/2026 17:54:32,18.70,19435.52
1574,07/07/2026 18:09:32,18.83,17213.44
1575,07/07/2026 18:24:32,18.79,16645.12
1576,07/07/2026 18:39:32,18.62,12395.52
1577,07/07/2026 18:54:32,18.53,14187.52
1578,07/07/2026 19:09:32,18.36,14627.84
1579,07/07/2026 19:24:32,18.19,10329.60
1580,07/07/2026 19:39:32,18.02,7608.32
1581,07/07/2026 19:54:32,17.97,7370.24
1582,07/07/2026 20:09:32,17.84,7083.52
1583,07/07/2026 20:24:32,17.63,3421.44
1584,07/07/2026 20:39:32,17.50,1789.44
1585,07/07/2026 20:54:32,17.41,771.84
1586,07/07/2026 21:09:32,17.37,483.36
1587,07/07/2026 21:24:32,17.37,231.76
1588,07/07/2026 21:39:32,17.29,122.52
1589,07/07/2026 21:54:32,17.20,42.86
1590,07/07/2026 22:09:32,17.11,10.00
1591,07/07/2026 22:24:32,17.24,2.28
1592,07/07/2026 22:39:32,17.16,0.41
1593,07/07/2026 22:54:32,17.03,0.00
1594,07/07/2026 23:09:32,16.90,0.00
1595,07/07/2026 23:24:32,16.73,0.00
1596,07/07/2026 23:39:32,16.56,0.00
1597,07/07/2026 23:54:32,16.51,0.00
1598,07/08/2026 00:09:32,16.51,0.00
1599,07/08/2026 00:24:32,16.39,0.00
1600,07/08/2026 00:39:32,16.43,0.00
1601,07/08/2026 00:54:32,16.39,0.00
1602,07/08/2026 01:09:32,16.43,0.00
1603,07/08/2026 01:24:32,16.43,0.00
1604,07/08/2026 01:39:32,16.47,0.00
1605,07/08/2026 01:54:32,16.43,0.00
1606,07/08/2026 02:09:32,16.43,0.00
1607,07/08/2026 02:24:32,16.47,0.00
1608,07/08/2026 02:39:32,16.47,0.00
1609,07/08/2026 02:54:32,16.43,0.20
1610,07/08/2026 03:09:32,16.43,0.00
1611,07/08/2026 03:24:32,16.30,0.00
1612,07/08/2026 03:39:32,16.21,0.00
1613,07/08/2026 03:54:32,16.04,0.00
1614,07/08/2026 04:09:32,15.96,0.41
1615,07/08/2026 04:24:32,15.66,2.90
1616,07/08/2026 04:39:32,15.36,18.47
1617,07/08/2026 04:54:32,14.93,73.74
1618,07/08/2026 05:09:32,14.63,212.48
1619,07/08/2026 05:24:32,14.75,462.24
1620,07/08/2026 05:39:32,14.80,688.96
1621,07/08/2026 05:54:32,14.80,1184.96
1622,07/08/2026 06:09:32,14.71,2058.24
1623,07/08/2026 06:24:32,14.63,1726.08
1624,07/08/2026 06:39:32,14.67,1815.68
1625,07/08/2026 06:54:32,14.63,1983.36
1626,07/08/2026 07:09:32,14.80,4677.12
1627,07/08/2026 07:24:32,14.80,4185.60
1628,07/08/2026 07:39:32,14.75,8005.12
1629,07/08/2026 07:54:32,14.24,201.92
1630,07/08/2026 08:09:32,14.11,8509.44
1631,07/08/2026 08:24:32,14.33,11048.96
1632,07/08/2026 08:39:32,14.80,28252.16
1633,07/08/2026 08:54:32,14.75,32256.00
1634,07/08/2026 09:09:32,14.75,28108.80
1635,07/08/2026 09:24:32,14.75,28774.40
1636,07/08/2026 09:39:32,14.93,34734.08
1637,07/08/2026 09:54:32,14.63,22917.12
1638,07/08/2026 10:09:32,15.14,27576.32
1639,07/08/2026 10:24:32,15.83,26316.80
1640,07/08/2026 10:39:32,15.57,13834.24
1641,07/08/2026 10:54:32,14.45,14638.08
1642,07/08/2026 11:09:32,15.70,14300.16
1643,07/08/2026 11:24:32,15.70,19261.44
1644,07/08/2026 11:39:32,16.26,20372.48
1645,07/08/2026 11:54:32,16.64,48680.96
1646,07/08/2026 12:09:32,16.99,56709.12
1647,07/08/2026 12:24:32,16.94,40110.08
1648,07/08/2026 12:39:32,16.77,25507.84
1649,07/08/2026 12:54:32,17.46,53166.08
1650,07/08/2026 13:09:32,16.39,15134.72
1651,07/08/2026 13:24:32,16.69,17152.00
1652,07/08/2026 13:39:32,16.73,24115.20
1653,07/08/2026 13:54:32,16.64,18887.68
1654,07/08/2026 14:09:32,16.73,46837.76
1655,07/08/2026 14:24:32,17.11,34099.20
1656,07/08/2026 14:39:32,17.07,36505.60
1657,07/08/2026 14:54:32,16.51,16655.36
1658,07/08/2026 15:09:32,16.34,20495.36
1659,07/08/2026 15:24:32,16.26,18652.16
1660,07/08/2026 15:39:32,16.30,31856.64
1661,07/08/2026 15:54:32,16.47,28282.88
1662,07/08/2026 16:09:32,16.47,25282.56
1663,07/08/2026 16:24:32,16.56,24821.76
1664,07/08/2026 16:39:32,16.47,19450.88
1665,07/08/2026 16:54:32,16.47,24832.00
1666,07/08/2026 17:09:32,16.43,22190.08
1667,07/08/2026 17:24:32,15.87,7595.52
1668,07/08/2026 17:39:32,15.78,7521.28
1669,07/08/2026 17:54:32,15.78,8942.08
1670,07/08/2026 18:09:32,15.61,5905.92
1671,07/08/2026 18:24:32,15.87,17146.88
1672,07/08/2026 18:39:32,15.78,11059.20
1673,07/08/2026 18:54:32,15.61,10731.52
1674,07/08/2026 19:09:32,15.36,2705.92
1675,07/08/2026 19:24:32,15.01,2260.48
1676,07/08/2026 19:39:32,15.06,2310.40
1677,07/08/2026 19:54:32,14.97,820.16
1678,07/08/2026 20:09:32,14.88,554.24
1679,07/08/2026 20:24:32,14.88,760.64
1680,07/08/2026 20:39:32,14.88,420.80
1681,07/08/2026 20:54:32,15.83,739.20
1682,07/08/2026 21:09:32,16.39,390.08
1683,07/08/2026 21:24:32,16.69,193.36
1684,07/08/2026 21:39:32,16.77,102.40
1685,07/08/2026 21:54:32,16.77,27.44
1686,07/08/2026 22:09:32,16.73,4.56
1687,07/08/2026 22:24:32,16.77,0.41
1688,07/08/2026 22:39:32,16.69,0.00
1689,07/08/2026 22:54:32,16.64,0.00
1690,07/08/2026 23:09:32,16.69,0.00
1691,07/08/2026 23:24:32,16.51,0.00
1692,07/08/2026 23:39:32,16.51,0.00
1693,07/08/2026 23:54:32,16.51,0.00
1694,07/09/2026 00:09:32,16.47,0.00
1695,07/09/2026 00:24:32,16.34,0.00
1696,07/09/2026 00:39:32,16.21,0.00
1697,07/09/2026 00:54:32,16.00,0.00
1698,07/09/2026 01:09:32,15.87,0.00
1699,07/09/2026 01:24:32,15.87,0.00
1700,07/09/2026 01:39:32,15.78,0.00
1701,07/09/2026 01:54:32,15.57,0.00
1702,07/09/2026 02:09:32,15.57,0.00
1703,07/09/2026 02:24:32,15.61,0.00
1704,07/09/2026 02:39:32,15.53,0.00
1705,07/09/2026 02:54:32,15.53,0.00
1706,07/09/2026 03:09:32,15.61,0.00
1707,07/09/2026 03:24:32,15.53,0.00
1708,07/09/2026 03:39:32,15.57,0.00
1709,07/09/2026 03:54:32,15.53,0.00
1710,07/09/2026 04:09:32,15.40,0.00
1711,07/09/2026 04:24:32,15.27,1.03
1712,07/09/2026 04:39:32,15.36,6.21
1713,07/09/2026 04:54:32,15.36,27.00
1714,07/09/2026 05:09:32,15.36,81.58
1715,07/09/2026 05:24:32,15.36,165.84
1716,07/09/2026 05:39:32,15.14,375.04
1717,07/09/2026 05:54:32,15.14,453.12
1718,07/09/2026 06:09:32,15.31,747.52
1719,07/09/2026 06:24:32,15.40,1385.60
1720,07/09/2026 06:39:32,15.27,1149.12
1721,07/09/2026 06:54:32,15.48,1451.52
1722,07/09/2026 07:09:32,15.48,1577.60
1723,07/09/2026 07:24:32,15.44,1450.24
1724,07/09/2026 07:39:32,15.40,1562.88
1725,07/09/2026 07:54:32,15.31,1417.60
1726,07/09/2026 08:09:32,15.10,1689.60
1727,07/09/2026 08:24:32,15.06,3735.04
1728,07/09/2026 08:39:32,15.01,4168.96
1729,07/09/2026 08:54:32,14.97,3880.96
1730,07/09/2026 09:09:32,14.97,5711.36
1731,07/09/2026 09:24:32,14.97,5296.64
1732,07/09/2026 09:39:32,14.88,5296.64
1733,07/09/2026 09:54:32,14.84,4846.08
1734,07/09/2026 10:09:32,14.71,5376.00
1735,07/09/2026 10:24:32,14.45,5690.88
1736,07/09/2026 10:39:32,14.45,6766.08
1737,07/09/2026 10:54:32,14.45,6443.52
1738,07/09/2026 11:09:32,14.54,7408.64
1739,07/09/2026 11:24:32,14.54,6778.88
1740,07/09/2026 11:39:32,14.58,6878.72
1741,07/09/2026 11:54:32,14.67,7521.28
1742,07/09/2026 12:09:32,14.63,7813.12
1743,07/09/2026 12:24:32,14.75,9313.28
1744,07/09/2026 12:39:32,14.71,12190.72
1745,07/09/2026 12:54:32,14.67,9512.96
1746,07/09/2026 13:09:32,14.54,11028.48
1747,07/09/2026 13:24:32,14.50,9466.88
1748,07/09/2026 13:39:32,14.67,11566.08
1749,07/09/2026 13:54:32,14.75,10931.20
1750,07/09/2026 14:09:32,14.67,9871.36
1751,07/09/2026 14:24:32,14.67,9597.44
1752,07/09/2026 14:39:32,14.71,10593.28
1753,07/09/2026 14:54:32,14.45,9917.44
1754,07/09/2026 15:09:32,14.28,6656.00
1755,07/09/2026 15:24:32,14.28,6461.44
1756,07/09/2026 15:39:32,14.11,6202.88
1757,07/09/2026 15:54:32,13.98,4062.72
1758,07/09/2026 16:09:32,13.94,3814.40
1759,07/09/2026 16:24:32,13.81,3491.84
1760,07/09/2026 16:39:32,13.73,3927.04
1761,07/09/2026 16:54:32,13.68,3242.24
1762,07/09/2026 17:09:32,13.55,2597.12
1763,07/09/2026 17:24:32,13.47,2726.40
1764,07/09/2026 17:39:32,13.43,2734.08
1765,07/09/2026 17:54:32,13.55,4302.08
1766,07/09/2026 18:09:32,13.47,5547.52
1767,07/09/2026 18:24:32,13.60,6440.96
1768,07/09/2026 18:39:32,13.60,5114.88
1769,07/09/2026 18:54:32,13.38,4417.28
1770,07/09/2026 19:09:32,13.51,3966.72
1771,07/09/2026 19:24:32,13.51,2888.96
1772,07/09/2026 19:39:32,13.55,3316.48
1773,07/09/2026 19:54:32,14.33,2936.32
1774,07/09/2026 20:09:32,14.71,4550.40
1775,07/09/2026 20:24:32,14.67,2705.92
1776,07/09/2026 20:39:32,14.67,1762.56
1777,07/09/2026 20:54:32,14.63,1330.56
1778,07/09/2026 21:09:32,14.63,737.60
1779,07/09/2026 21:24:32,14.54,385.12
1780,07/09/2026 21:39:32,14.54,179.28
1781,07/09/2026 21:54:32,14.41,49.54
1782,07/09/2026 22:09:32,14.45,9.14
1783,07/09/2026 22:24:32,14.54,1.65
1784,07/09/2026 22:39:32,14.54,0.20
1785,07/09/2026 22:54:32,14.58,0.00
1786,07/09/2026 23:09:32,14.67,0.00
1787,07/09/2026 23:24:32,14.58,0.00
1788,07/09/2026 23:39:32,14.37,0.00
1789,07/09/2026 23:54:32,14.50,0.00
1790,07/10/2026 00:09:32,14.58,0.00
1791,07/10/2026 00:24:32,14.50,0.00
1792,07/10/2026 00:39:32,14.54,0.00
1793,07/10/2026 00:54:32,14.58,0.20
1794,07/10/2026 01:09:32,14.50,0.00
1795,07/10/2026 01:24:32,14.37,0.00
1796,07/10/2026 01:39:32,14.37,0.00
1797,07/10/2026 01:54:32,14.33,0.00
1798,07/10/2026 02:09:32,14.28,0.00
1799,07/10/2026 02:24:32,14.24,0.00
1800,07/10/2026 02:39:32,14.20,0.00
1801,07/10/2026 02:54:32,14.20,0.00
1802,07/10/2026 03:09:32,14.11,0.00
1803,07/10/2026 03:24:32,14.03,0.00
1804,07/10/2026 03:39:32,13.85,0.00
1805,07/10/2026 03:54:32,13.73,0.00
1806,07/10/2026 04:09:32,13.60,0.20
1807,07/10/2026 04:24:32,13.55,3.10
1808,07/10/2026 04:39:32,13.43,18.27
1809,07/10/2026 04:54:32,13.34,74.98
1810,07/10/2026 05:09:32,13.25,235.92
1811,07/10/2026 05:24:32,13.25,500.80
1812,07/10/2026 05:39:32,13.17,871.36
1813,07/10/2026 05:54:32,13.17,1280.96
1814,07/10/2026 06:09:32,13.12,1676.80
1815,07/10/2026 06:24:32,13.17,2127.36
1816,07/10/2026 06:39:32,13.12,3215.36
1817,07/10/2026 06:54:32,13.04,4398.08
1818,07/10/2026 07:09:32,13.12,3070.72
1819,07/10/2026 07:24:32,13.00,4222.72
1820,07/10/2026 07:39:32,12.91,4942.08
1821,07/10/2026 07:54:32,12.48,6499.84
1822,07/10/2026 08:09:32,12.82,7534.08
1823,07/10/2026 08:24:32,12.78,9287.68
1824,07/10/2026 08:39:32,12.70,7475.20
1825,07/10/2026 08:54:32,12.87,13378.56
1826,07/10/2026 09:09:32,12.82,17070.08
1827,07/10/2026 09:24:32,12.87,28088.32
1828,07/10/2026 09:39:32,13.08,16962.56
1829,07/10/2026 09:54:32,13.21,22958.08
1830,07/10/2026 10:09:32,13.21,35665.92
1831,07/10/2026 10:24:32,13.34,21954.56
1832,07/10/2026 10:39:32,13.12,36904.96
1833,07/10/2026 10:54:32,13.08,48455.68
1834,07/10/2026 11:09:32,13.30,40570.88
1835,07/10/2026 11:24:32,12.61,57036.80
1836,07/10/2026 11:39:32,12.78,43438.08
1837,07/10/2026 11:54:32,12.74,52879.36
1838,07/10/2026 12:09:32,12.78,42024.96
1839,07/10/2026 12:24:32,12.95,31313.92
1840,07/10/2026 12:39:32,13.21,41072.64
1841,07/10/2026 12:54:32,13.34,44298.24
1842,07/10/2026 13:09:32,13.55,43479.04
1843,07/10/2026 13:24:32,13.77,40785.92
1844,07/10/2026 13:39:32,13.81,34652.16
1845,07/10/2026 13:54:32,13.81,45998.08
1846,07/10/2026 14:09:32,13.98,42577.92
1847,07/10/2026 14:24:32,14.03,35205.12
1848,07/10/2026 14:39:32,14.37,35624.96
1849,07/10/2026 14:54:32,14.63,38717.44
1850,07/10/2026 15:09:32,15.18,33740.80
1851,07/10/2026 15:24:32,15.18,30955.52
1852,07/10/2026 15:39:32,15.06,26511.36
1853,07/10/2026 15:54:32,14.93,34877.44
1854,07/10/2026 16:09:32,14.63,35819.52
1855,07/10/2026 16:24:32,14.50,26183.68
1856,07/10/2026 16:39:32,14.28,18314.24
1857,07/10/2026 16:54:32,14.33,25907.20
1858,07/10/2026 17:09:32,14.33,22169.60
1859,07/10/2026 17:24:32,14.33,18263.04
1860,07/10/2026 17:39:32,14.33,18892.80
1861,07/10/2026 17:54:32,14.28,20597.76
1862,07/10/2026 18:09:32,14.24,10050.56
1863,07/10/2026 18:24:32,14.15,10803.20
1864,07/10/2026 18:39:32,14.11,9472.00
1865,07/10/2026 18:54:32,13.98,6958.08
1866,07/10/2026 19:09:32,14.11,7841.28
1867,07/10/2026 19:24:32,14.20,7144.96
1868,07/10/2026 19:39:32,14.07,5708.80
1869,07/10/2026 19:54:32,13.85,5084.16
1870,07/10/2026 20:09:32,13.73,3860.48
1871,07/10/2026 20:24:32,13.73,2366.72
1872,07/10/2026 20:39:32,13.51,2069.76
1873,07/10/2026 20:54:32,13.64,1376.00
1874,07/10/2026 21:09:32,13.68,810.88
1875,07/10/2026 21:24:32,13.68,427.36
1876,07/10/2026 21:39:32,13.68,180.16
1877,07/10/2026 21:54:32,13.73,53.32
1878,07/10/2026 22:09:32,13.77,10.62
1879,07/10/2026 22:24:32,13.85,1.65
1880,07/10/2026 22:39:32,13.81,0.20
1881,07/10/2026 22:54:32,13.77,0.00
1882,07/10/2026 23:09:32,13.77,0.00
1883,07/10/2026 23:24:32,13.73,0.00
1884,07/10/2026 23:39:32,13.81,0.00
1885,07/10/2026 23:54:32,13.85,0.00
1886,07/11/2026 00:09:32,13.81,0.00
1887,07/11/2026 00:24:32,13.81,0.00
1888,07/11/2026 00:39:32,13.73,0.00
1889,07/11/2026 00:54:32,13.68,0.00
1890,07/11/2026 01:09:32,13.64,0.00
1891,07/11/2026 01:24:32,13.68,0.00
1892,07/11/2026 01:39:32,14.24,0.00
1893,07/11/2026 01:54:32,14.33,0.00
1894,07/11/2026 02:09:32,14.33,0.00
1895,07/11/2026 02:24:32,14.20,0.00
1896,07/11/2026 02:39:32,13.90,0.00
1897,07/11/2026 02:54:32,14.28,0.00
1898,07/11/2026 03:09:32,14.45,0.00
1899,07/11/2026 03:24:32,14.37,0.00
1900,07/11/2026 03:39:32,14.33,0.00
1901,07/11/2026 03:54:32,14.28,0.00
1902,07/11/2026 04:09:32,14.24,1.03
1903,07/11/2026 04:24:32,14.24,5.20
1904,07/11/2026 04:39:32,13.94,28.71
1905,07/11/2026 04:54:32,14.03,126.76
1906,07/11/2026 05:09:32,13.98,376.80
1907,07/11/2026 05:24:32,13.94,707.52
1908,07/11/2026 05:39:32,13.94,1131.84
1909,07/11/2026 05:54:32,13.77,1644.16
1910,07/11/2026 06:09:32,13.68,2524.16
1911,07/11/2026 06:24:32,13.81,3253.76
1912,07/11/2026 06:39:32,13.81,4152.32
1913,07/11/2026 06:54:32,13.94,5058.56
1914,07/11/2026 07:09:32,13.90,3973.12
1915,07/11/2026 07:24:32,14.07,7516.16
1916,07/11/2026 07:39:32,14.24,7900.16
1917,07/11/2026 07:54:32,14.20,10485.76
1918,07/11/2026 08:09:32,14.50,14494.72
1919,07/11/2026 08:24:32,14.54,12687.36
1920,07/11/2026 08:39:32,14.58,17300.48
1921,07/11/2026 08:54:32,14.58,17781.76
1922,07/11/2026 09:09:32,14.97,24944.64
1923,07/11/2026 09:24:32,15.23,19619.84
1924,07/11/2026 09:39:32,15.40,29409.28
1925,07/11/2026 09:54:32,15.74,33587.20
1926,07/11/2026 10:09:32,15.91,31682.56
1927,07/11/2026 10:24:32,15.91,33843.20
1928,07/11/2026 10:39:32,16.34,38195.20
1929,07/11/2026 10:54:32,16.77,40826.88
1930,07/11/2026 11:09:32,16.77,44892.16
1931,07/11/2026 11:24:32,17.11,48373.76
1932,07/11/2026 11:39:32,17.11,48783.36
1933,07/11/2026 11:54:32,18.19,58593.28
1934,07/11/2026 12:09:32,17.76,65822.72
1935,07/11/2026 12:24:32,17.67,53288.96
1936,07/11/2026 12:39:32,17.97,58695.68
1937,07/11/2026 12:54:32,17.84,57425.92
1938,07/11/2026 13:09:32,18.06,49704.96
1939,07/11/2026 13:24:32,17.93,54108.16
1940,07/11/2026 13:39:32,18.19,60026.88
1941,07/11/2026 13:54:32,17.84,61132.80
1942,07/11/2026 14:09:32,18.14,64655.36
1943,07/11/2026 14:24:32,18.06,54947.84
1944,07/11/2026 14:39:32,18.36,57262.08
1945,07/11/2026 14:54:32,18.10,50585.60
1946,07/11/2026 15:09:32,18.10,48189.44
1947,07/11/2026 15:24:32,18.44,48025.60
1948,07/11/2026 15:39:32,18.32,30924.80
1949,07/11/2026 15:54:32,18.74,34211.84
1950,07/11/2026 16:09:32,18.27,39813.12
1951,07/11/2026 16:24:32,17.76,32307.20
1952,07/11/2026 16:39:32,17.72,34365.44
1953,07/11/2026 16:54:32,17.59,22835.20
1954,07/11/2026 17:09:32,17.03,42209.28
1955,07/11/2026 17:24:32,16.81,25548.80
1956,07/11/2026 17:39:32,16.77,25835.52
1957,07/11/2026 17:54:32,16.64,17310.72
1958,07/11/2026 18:09:32,16.60,20894.72
1959,07/11/2026 18:24:32,16.56,20608.00
1960,07/11/2026 18:39:32,16.43,13025.28
1961,07/11/2026 18:54:32,16.17,10880.00
1962,07/11/2026 19:09:32,16.04,5918.72
1963,07/11/2026 19:24:32,16.21,8299.52
1964,07/11/2026 19:39:32,16.17,6658.56
1965,07/11/2026 19:54:32,16.21,5015.04
1966,07/11/2026 20:09:32,15.96,4352.00
1967,07/11/2026 20:24:32,15.78,2286.72
1968,07/11/2026 20:39:32,16.17,1955.20
1969,07/11/2026 20:54:32,16.21,1493.76
1970,07/11/2026 21:09:32,16.17,846.08
1971,07/11/2026 21:24:32,16.39,443.20
1972,07/11/2026 21:39:32,16.39,185.12
1973,07/11/2026 21:54:32,16.60,49.08
1974,07/11/2026 22:09:32,16.77,9.77
1975,07/11/2026 22:24:32,16.77,2.07
1976,07/11/2026 22:39:32,17.20,0.20
1977,07/11/2026 22:54:32,17.29,0.00
1978,07/11/2026 23:09:32,17.33,0.20
1979,07/11/2026 23:24:32,17.33,0.00
1980,07/11/2026 23:39:32,17.33,0.00
1981,07/11/2026 23:54:32,17.41,0.00
1982,07/12/2026 00:09:32,17.50,0.00
1983,07/12/2026 00:24:32,17.67,0.00
1984,07/12/2026 00:39:32,17.67,0.00
1985,07/12/2026 00:54:32,17.54,0.00
1986,07/12/2026 01:09:32,17.20,0.00
1987,07/12/2026 01:24:32,16.26,0.00
1988,07/12/2026 01:39:32,15.18,0.00
1989,07/12/2026 01:54:32,14.80,0.00
1990,07/12/2026 02:09:32,14.33,0.00
1991,07/12/2026 02:24:32,14.67,0.00
1992,07/12/2026 02:39:32,14.84,0.00
1993,07/12/2026 02:54:32,15.14,0.00
1994,07/12/2026 03:09:32,15.53,0.00
1995,07/12/2026 03:24:32,15.91,0.00
1996,07/12/2026 03:39:32,16.17,0.00
1997,07/12/2026 03:54:32,16.34,0.00
1998,07/12/2026 04:09:32,16.47,0.62
1999,07/12/2026 04:24:32,16.30,3.73
2000,07/12/2026 04:39:32,15.96,23.50
2001,07/12/2026 04:54:32,15.78,113.40
2002,07/12/2026 05:09:32,15.01,352.80
2003,07/12/2026 05:24:32,14.37,858.24
2004,07/12/2026 05:39:32,14.67,1229.76
2005,07/12/2026 05:54:32,14.54,1448.32
2006,07/12/2026 06:09:32,14.20,1835.52
2007,07/12/2026 06:24:32,13.98,2856.96
2008,07/12/2026 06:39:32,13.64,3255.04
2009,07/12/2026 06:54:32,13.43,3595.52
2010,07/12/2026 07:09:32,13.60,7600.64
2011,07/12/2026 07:24:32,13.55,4450.56
2012,07/12/2026 07:39:32,13.77,5580.80
2013,07/12/2026 07:54:32,13.85,10129.92
2014,07/12/2026 08:09:32,13.98,7114.24
2015,07/12/2026 08:24:32,14.33,12093.44
2016,07/12/2026 08:39:32,14.58,11381.76
2017,07/12/2026 08:54:32,14.80,11432.96
2018,07/12/2026 09:09:32,15.01,13506.56
2019,07/12/2026 09:24:32,15.14,13911.04
2020,07/12/2026 09:39:32,15.10,14044.16
2021,07/12/2026 09:54:32,15.27,15549.44
2022,07/12/2026 10:09:32,15.48,22302.72
2023,07/12/2026 10:24:32,15.44,15175.68
2024,07/12/2026 10:39:32,15.40,14228.48
2025,07/12/2026 10:54:32,15.70,15974.40
2026,07/12/2026 11:09:32,15.78,17592.32
2027,07/12/2026 11:24:32,15.87,16916.48
2028,07/12/2026 11:39:32,16.13,20101.12
2029,07/12/2026 11:54:32,16.51,26296.32
2030,07/12/2026 12:09:32,16.73,26705.92
2031,07/12/2026 12:24:32,17.16,41379.84
2032,07/12/2026 12:39:32,17.54,43929.60
2033,07/12/2026 12:54:32,17.80,34785.28
2034,07/12/2026 13:09:32,17.50,28057.60
2035,07/12/2026 13:24:32,18.83,40386.56
2036,07/12/2026 13:39:32,18.23,25968.64
2037,07/12/2026 13:54:32,18.83,26388.48
2038,07/12/2026 14:09:32,17.89,14433.28
2039,07/12/2026 14:24:32,18.27,23961.60
2040,07/12/2026 14:39:32,18.06,16204.80
2041,07/12/2026 14:54:32,18.87,37785.60
2042,07/12/2026 15:09:32,18.62,27351.04
2043,07/12/2026 15:24:32,18.57,33392.64
2044,07/12/2026 15:39:32,19.00,28692.48
2045,07/12/2026 15:54:32,19.13,28641.28
2046,07/12/2026 16:09:32,18.44,21381.12
2047,07/12/2026 16:24:32,17.76,25354.24
2048,07/12/2026 16:39:32,17.76,38338.56
2049,07/12/2026 16:54:32,17.63,24360.96
2050,07/12/2026 17:09:32,17.59,25036.80
2051,07/12/2026 17:24:32,17.67,17904.64
2052,07/12/2026 17:39:32,17.59,17592.32
2053,07/12/2026 17:54:32,17.54,16609.28
2054,07/12/2026 18:09:32,17.07,8371.20
2055,07/12/2026 18:24:32,16.90,9825.28
2056,07/12/2026 18:39:32,16.77,8020.48
2057,07/12/2026 18:54:32,16.51,3883.52
2058,07/12/2026 19:09:32,16.13,2205.44
2059,07/12/2026 19:24:32,16.17,2947.84
2060,07/12/2026 19:39:32,16.08,1395.20
2061,07/12/2026 19:54:32,16.13,1784.32
2062,07/12/2026 20:09:32,16.04,334.88
2063,07/12/2026 20:24:32,16.08,137.44
2064,07/12/2026 20:39:32,16.13,203.36
2065,07/12/2026 20:54:32,16.13,138.28
2066,07/12/2026 21:09:32,16.21,129.96
2067,07/12/2026 21:24:32,16.34,110.80
2068,07/12/2026 21:39:32,16.30,41.20
2069,07/12/2026 21:54:32,16.21,11.03
2070,07/12/2026 22:09:32,16.26,1.65
2071,07/12/2026 22:24:32,16.30,0.20
2072,07/12/2026 22:39:32,16.21,0.00
2073,07/12/2026 22:54:32,16.13,0.00
2074,07/12/2026 23:09:32,16.30,0.00
2075,07/12/2026 23:24:32,16.26,0.00
2076,07/12/2026 23:39:32,16.34,0.00
2077,07/12/2026 23:54:32,15.70,0.00
2078,07/13/2026 00:09:32,15.48,0.00
2079,07/13/2026 00:24:32,15.74,0.00
2080,07/13/2026 00:39:32,15.61,0.00
2081,07/13/2026 00:54:32,15.66,0.00
2082,07/13/2026 01:09:32,15.27,0.00
2083,07/13/2026 01:24:32,14.67,0.00
2084,07/13/2026 01:39:32,15.40,0.00
2085,07/13/2026 01:54:32,15.66,0.00
2086,07/13/2026 02:09:32,15.91,0.00
2087,07/13/2026 02:24:32,16.08,0.00
2088,07/13/2026 02:39:32,16.34,0.20
2089,07/13/2026 02:54:32,16.21,0.00
2090,07/13/2026 03:09:32,16.13,0.00
2091,07/13/2026 03:24:32,14.84,0.00
2092,07/13/2026 03:39:32,15.70,0.00
2093,07/13/2026 03:54:32,13.55,0.00
2094,07/13/2026 04:09:32,13.04,0.62
2095,07/13/2026 04:24:32,12.95,3.73
2096,07/13/2026 04:39:32,11.62,21.04
2097,07/13/2026 04:54:32,11.15,99.28
2098,07/13/2026 05:09:32,11.15,292.88
2099,07/13/2026 05:24:32,11.28,608.64
2100,07/13/2026 05:39:32,11.97,1404.80
2101,07/13/2026 05:54:32,11.88,1618.56
2102,07/13/2026 06:09:32,11.79,3187.20
2103,07/13/2026 06:24:32,13.85,5905.92
2104,07/13/2026 06:39:32,15.91,4467.20
2105,07/13/2026 06:54:32,16.04,5480.96
2106,07/13/2026 07:09:32,16.17,6574.08
2107,07/13/2026 07:24:32,16.17,6474.24
2108,07/13/2026 07:39:32,16.17,8238.08
2109,07/13/2026 07:54:32,16.04,7946.24
2110,07/13/2026 08:09:32,15.91,5501.44
2111,07/13/2026 08:24:32,15.83,8604.16
2112,07/13/2026 08:39:32,16.17,13752.32
2113,07/13/2026 08:54:32,16.30,12912.64
2114,07/13/2026 09:09:32,16.73,15211.52
2115,07/13/2026 09:24:32,16.64,14837.76
2116,07/13/2026 09:39:32,15.91,6958.08
2117,07/13/2026 09:54:32,15.96,6182.40
2118,07/13/2026 10:09:32,16.13,6512.64
2119,07/13/2026 10:24:32,16.43,16276.48
2120,07/13/2026 10:39:32,16.99,22415.36
2121,07/13/2026 10:54:32,16.94,22681.60
2122,07/13/2026 11:09:32,17.72,22794.24
2123,07/13/2026 11:24:32,17.63,26142.72
2124,07/13/2026 11:39:32,17.59,25303.04
2125,07/13/2026 11:54:32,17.54,22118.40
2126,07/13/2026 12:09:32,17.54,18273.28
2127,07/13/2026 12:24:32,18.02,20285.44
2128,07/13/2026 12:39:32,17.76,13783.04
2129,07/13/2026 12:54:32,18.10,17879.04
2130,07/13/2026 13:09:32,18.06,12636.16
2131,07/13/2026 13:24:32,17.72,2435.84
2132,07/13/2026 13:39:32,17.84,13608.96
2133,07/13/2026 13:54:32,18.66,39321.60
2134,07/13/2026 14:09:32,18.53,26286.08
2135,07/13/2026 14:24:32,17.89,12001.28
2136,07/13/2026 14:39:32,17.46,8391.68
2137,07/13/2026 14:54:32,17.59,17008.64
2138,07/13/2026 15:09:32,17.41,10700.80
2139,07/13/2026 15:24:32,17.50,10792.96
2140,07/13/2026 15:39:32,17.54,13260.80
2141,07/13/2026 15:54:32,17.54,15078.40
2142,07/13/2026 16:09:32,17.54,11811.84
2143,07/13/2026 16:24:32,17.29,10772.48
2144,07/13/2026 16:39:32,17.11,14499.84
2145,07/13/2026 16:54:32,17.03,14863.36
2146,07/13/2026 17:09:32,16.81,6950.40
2147,07/13/2026 17:24:32,16.81,7562.24
2148,07/13/2026 17:39:32,16.69,5608.96
2149,07/13/2026 17:54:32,16.51,2428.16
2150,07/13/2026 18:09:32,16.34,918.72
2151,07/13/2026 18:24:32,16.13,569.28
2152,07/13/2026 18:39:32,16.08,459.36
2153,07/13/2026 18:54:32,15.96,2625.28
2154,07/13/2026 19:09:32,15.96,1680.00
2155,07/13/2026 19:24:32,15.61,690.24
2156,07/13/2026 19:39:32,15.40,341.60
2157,07/13/2026 19:54:32,15.10,448.96
2158,07/13/2026 20:09:32,15.06,468.48
2159,07/13/2026 20:24:32,15.31,1671.68
2160,07/13/2026 20:39:32,15.23,875.20
2161,07/13/2026 20:54:32,15.10,215.76
2162,07/13/2026 21:09:32,15.70,128.20
2163,07/13/2026 21:24:32,15.74,46.58
2164,07/13/2026 21:39:32,15.74,27.83
2165,07/13/2026 21:54:32,15.70,4.35
2166,07/13/2026 22:09:32,15.70,0.00
2167,07/13/2026 22:24:32,15.61,0.00
2168,07/13/2026 22:39:32,15.74,0.00
2169,07/13/2026 22:54:32,15.78,0.00
2170,07/13/2026 23:09:32,15.91,0.00
2171,07/13/2026 23:24:32,15.91,0.00
2172,07/13/2026 23:39:32,16.08,0.00
2173,07/13/2026 23:54:32,16.13,0.00
2174,07/14/2026 00:09:32,16.17,0.00
2175,07/14/2026 00:24:32,16.21,0.00
2176,07/14/2026 00:39:32,16.21,0.00
2177,07/14/2026 00:54:32,16.21,0.00
2178,07/14/2026 01:09:32,16.39,0.00
2179,07/14/2026 01:24:32,16.39,0.00
2180,07/14/2026 01:39:32,16.34,0.00
2181,07/14/2026 01:54:32,16.17,0.00
2182,07/14/2026 02:09:32,16.08,0.00
2183,07/14/2026 02:24:32,16.04,0.00
2184,07/14/2026 02:39:32,16.00,0.00
2185,07/14/2026 02:54:32,15.87,0.00
2186,07/14/2026 03:09:32,15.78,0.00
2187,07/14/2026 03:24:32,15.70,0.00
2188,07/14/2026 03:39:32,15.66,0.00
2189,07/14/2026 03:54:32,15.48,0.00
2190,07/14/2026 04:09:32,15.48,0.20
2191,07/14/2026 04:24:32,15.40,1.65
2192,07/14/2026 04:39:32,15.40,3.31
2193,07/14/2026 04:54:32,15.40,61.66
2194,07/14/2026 05:09:32,15.36,213.68
2195,07/14/2026 05:24:32,15.36,189.44
2196,07/14/2026 05:39:32,15.10,392.16
2197,07/14/2026 05:54:32,14.97,501.60
2198,07/14/2026 06:09:32,14.84,954.24
2199,07/14/2026 06:24:32,14.75,1388.16
2200,07/14/2026 06:39:32,14.63,1905.28
2201,07/14/2026 06:54:32,14.67,1989.76
2202,07/14/2026 07:09:32,14.67,2572.16
2203,07/14/2026 07:24:32,14.58,4218.88
2204,07/14/2026 07:39:32,14.28,3987.20
2205,07/14/2026 07:54:32,13.77,4520.96
2206,07/14/2026 08:09:32,13.90,3452.16
2207,07/14/2026 08:24:32,14.11,5934.08
2208,07/14/2026 08:39:32,14.15,2180.48
2209,07/14/2026 08:54:32,14.33,4448.00
2210,07/14/2026 09:09:32,14.24,5329.92
2211,07/14/2026 09:24:32,13.98,2426.24
2212,07/14/2026 09:39:32,13.85,4168.96
2213,07/14/2026 09:54:32,14.15,6141.44
2214,07/14/2026 10:09:32,14.28,3555.84
2215,07/14/2026 10:24:32,14.63,7383.04
2216,07/14/2026 10:39:32,14.75,14940.16
2217,07/14/2026 10:54:32,14.54,4208.64
2218,07/14/2026 11:09:32,14.41,6456.32
2219,07/14/2026 11:24:32,14.28,9379.84
2220,07/14/2026 11:39:32,13.43,6901.76
2221,07/14/2026 11:54:32,12.95,8404.48
2222,07/14/2026 12:09:32,11.84,5957.12
2223,07/14/2026 12:24:32,12.18,4782.08
2224,07/14/2026 12:39:32,12.52,4636.16
2225,07/14/2026 12:54:32,12.48,3454.72
2226,07/14/2026 13:09:32,12.70,4725.76
2227,07/14/2026 13:24:32,12.78,5237.76
2228,07/14/2026 13:39:32,12.95,8783.36
2229,07/14/2026 13:54:32,12.95,8304.64
2230,07/14/2026 14:09:32,13.30,15493.12
2231,07/14/2026 14:24:32,13.43,16424.96
2232,07/14/2026 14:39:32,13.25,31180.80
2233,07/14/2026 14:54:32,12.87,25374.72
2234,07/14/2026 15:09:32,12.95,15851.52
2235,07/14/2026 15:24:32,12.91,25292.80
2236,07/14/2026 15:39:32,12.87,16762.88
2237,07/14/2026 15:54:32,12.74,11658.24
2238,07/14/2026 16:09:32,12.82,14387.20
2239,07/14/2026 16:24:32,12.48,7641.60
2240,07/14/2026 16:39:32,12.52,8506.88
2241,07/14/2026 16:54:32,12.35,6062.08
2242,07/14/2026 17:09:32,12.31,6103.04
2243,07/14/2026 17:24:32,12.22,4856.32
2244,07/14/2026 17:39:32,12.22,4702.72
2245,07/14/2026 17:54:32,12.18,3774.72
2246,07/14/2026 18:09:32,12.22,4448.00
2247,07/14/2026 18:24:32,12.27,3645.44
2248,07/14/2026 18:39:32,12.18,2963.20
2249,07/14/2026 18:54:32,12.27,1885.44
2250,07/14/2026 19:09:32,12.10,1290.24
2251,07/14/2026 19:24:32,12.27,1457.28
2252,07/14/2026 19:39:32,12.61,1238.72
2253,07/14/2026 19:54:32,12.78,618.56
2254,07/14/2026 20:09:32,12.91,456.00
2255,07/14/2026 20:24:32,13.08,361.76
2256,07/14/2026 20:39:32,12.82,225.92
2257,07/14/2026 20:54:32,12.91,121.56
2258,07/14/2026 21:09:32,12.82,84.16
2259,07/14/2026 21:24:32,12.65,38.66
2260,07/14/2026 21:39:32,12.70,17.00
2261,07/14/2026 21:54:32,12.65,3.52
2262,07/14/2026 22:09:32,13.17,0.62
2263,07/14/2026 22:24:32,13.17,0.00
2264,07/14/2026 22:39:32,13.21,0.00
2265,07/14/2026 22:54:32,13.17,0.00
2266,07/14/2026 23:09:32,13.17,0.00
2267,07/14/2026 23:24:32,13.25,0.00
2268,07/14/2026 23:39:32,13.21,0.00
2269,07/14/2026 23:54:32,13.25,0.00
2270,07/15/2026 00:09:32,13.25,0.00
2271,07/15/2026 00:24:32,13.12,0.00
2272,07/15/2026 00:39:32,13.17,0.00
2273,07/15/2026 00:54:32,13.17,0.00
2274,07/15/2026 01:09:32,13.04,0.00
2275,07/15/2026 01:24:32,12.44,0.00
2276,07/15/2026 01:39:32,12.18,0.00
2277,07/15/2026 01:54:32,12.31,0.00
2278,07/15/2026 02:09:32,12.31,0.00
2279,07/15/2026 02:24:32,13.43,0.00
2280,07/15/2026 02:39:32,13.73,0.00
2281,07/15/2026 02:54:32,14.03,0.00
2282,07/15/2026 03:09:32,13.94,0.00
2283,07/15/2026 03:24:32,13.68,0.00
2284,07/15/2026 03:39:32,13.51,0.00
2285,07/15/2026 03:54:32,13.77,0.00
2286,07/15/2026 04:09:32,13.81,0.00
2287,07/15/2026 04:24:32,14.15,0.00
2288,07/15/2026 04:39:32,14.07,1.65
2289,07/15/2026 04:54:32,13.81,13.32
2290,07/15/2026 05:09:32,13.38,37.42
2291,07/15/2026 05:24:32,13.12,129.04
2292,07/15/2026 05:39:32,12.95,202.48
2293,07/15/2026 05:54:32,12.74,460.96
2294,07/15/2026 06:09:32,12.87,1066.24
2295,07/15/2026 06:24:32,13.04,1341.44
2296,07/15/2026 06:39:32,12.57,1888.64
2297,07/15/2026 06:54:32,11.97,2679.04
2298,07/15/2026 07:09:32,12.52,3416.32
2299,07/15/2026 07:24:32,11.37,2641.92
2300,07/15/2026 07:39:32,11.07,2677.76
2301,07/15/2026 07:54:32,10.98,3175.68
2302,07/15/2026 08:09:32,10.94,4056.32
2303,07/15/2026 08:24:32,11.15,4775.68
2304,07/15/2026 08:39:32,11.71,4593.92
2305,07/15/2026 08:54:32,11.84,6259.20
2306,07/15/2026 09:09:32,11.49,5760.00
2307,07/15/2026 09:24:32,11.54,4656.64
2308,07/15/2026 09:39:32,11.45,4331.52
2309,07/15/2026 09:54:32,11.54,6272.00
2310,07/15/2026 10:09:32,11.67,5496.32
2311,07/15/2026 10:24:32,11.62,6353.92
2312,07/15/2026 10:39:32,11.24,4977.92
2313,07/15/2026 10:54:32,11.49,5180.16
2314,07/15/2026 11:09:32,11.92,5296.64
2315,07/15/2026 11:24:32,12.01,5534.72
2316,07/15/2026 11:39:32,12.01,4497.92
2317,07/15/2026 11:54:32,12.05,3820.80
2318,07/15/2026 12:09:32,12.10,5213.44
2319,07/15/2026 12:24:32,12.10,6131.20
2320,07/15/2026 12:39:32,12.10,7879.68
2321,07/15/2026 12:54:32,12.01,5980.16
2322,07/15/2026 13:09:32,12.10,6115.84
2323,07/15/2026 13:24:32,12.05,5519.36
2324,07/15/2026 13:39:32,12.14,5834.24
2325,07/15/2026 13:54:32,12.18,4172.80
2326,07/15/2026 14:09:32,12.18,5021.44
2327,07/15/2026 14:24:32,12.10,6305.28
2328,07/15/2026 14:39:32,12.10,6878.72
2329,07/15/2026 14:54:32,12.01,8709.12
2330,07/15/2026 15:09:32,11.88,6625.28
2331,07/15/2026 15:24:32,11.84,7216.64
2332,07/15/2026 15:39:32,11.88,7296.00
2333,07/15/2026 15:54:32,12.01,10229.76
2334,07/15/2026 16:09:32,11.97,9484.80
2335,07/15/2026 16:24:32,11.92,12794.88
2336,07/15/2026 16:39:32,12.05,7567.36
2337,07/15/2026 16:54:32,12.05,7700.48
2338,07/15/2026 17:09:32,11.97,9359.36
2339,07/15/2026 17:24:32,12.01,7987.20
2340,07/15/2026 17:39:32,11.97,4483.84
2341,07/15/2026 17:54:32,11.97,4921.60
2342,07/15/2026 18:09:32,11.97,4241.92
2343,07/15/2026 18:24:32,11.92,4570.88
2344,07/15/2026 18:39:32,11.92,4400.64
2345,07/15/2026 18:54:32,11.88,3558.40
2346,07/15/2026 19:09:32,11.92,2699.52
2347,07/15/2026 19:24:32,11.84,2513.92
2348,07/15/2026 19:39:32,11.62,2973.44
2349,07/15/2026 19:54:32,11.67,1559.04
2350,07/15/2026 20:09:32,11.62,1135.04
2351,07/15/2026 20:24:32,11.58,800.00
2352,07/15/2026 20:39:32,11.49,566.72
2353,07/15/2026 20:54:32,11.41,345.92
2354,07/15/2026 21:09:32,11.28,188.40
2355,07/15/2026 21:24:32,11.32,89.96
2356,07/15/2026 21:39:32,11.19,31.61
2357,07/15/2026 21:54:32,11.24,6.01
2358,07/15/2026 22:09:32,11.24,0.82
2359,07/15/2026 22:24:32,11.32,0.00
2360,07/15/2026 22:39:32,11.41,0.00
2361,07/15/2026 22:54:32,11.49,0.00
2362,07/15/2026 23:09:32,11.41,0.00
2363,07/15/2026 23:24:32,11.45,0.00
2364,07/15/2026 23:39:32,11.41,0.00
2365,07/15/2026 23:54:32,11.37,0.00
2366,07/16/2026 00:09:32,11.24,0.00
2367,07/16/2026 00:24:32,11.11,0.00
2368,07/16/2026 00:39:32,11.07,0.00
2369,07/16/2026 00:54:32,11.07,0.00
2370,07/16/2026 01:09:32,11.07,0.00
2371,07/16/2026 01:24:32,11.02,0.00
2372,07/16/2026 01:39:32,10.98,0.00
2373,07/16/2026 01:54:32,11.02,0.00
2374,07/16/2026 02:09:32,10.98,0.00
2375,07/16/2026 02:24:32,10.85,0.00
2376,07/16/2026 02:39:32,10.81,0.00
2377,07/16/2026 02:54:32,10.81,0.00
2378,07/16/2026 03:09:32,10.77,0.00
2379,07/16/2026 03:24:32,10.64,0.00
2380,07/16/2026 03:39:32,10.64,0.00
2381,07/16/2026 03:54:32,10.64,0.00
2382,07/16/2026 04:09:32,10.42,0.00
2383,07/16/2026 04:24:32,10.29,0.00
2384,07/16/2026 04:39:32,10.59,1.03
2385,07/16/2026 04:54:32,9.18,5.80
2386,07/16/2026 05:09:32,9.95,19.35
2387,07/16/2026 05:24:32,10.29,53.74
2388,07/16/2026 05:39:32,10.46,88.20
2389,07/16/2026 05:54:32,10.72,120.76
2390,07/16/2026 06:09:32,10.59,149.16
2391,07/16/2026 06:24:32,10.46,213.28
2392,07/16/2026 06:39:32,10.21,346.72
2393,07/16/2026 06:54:32,10.59,516.16
2394,07/16/2026 07:09:32,10.42,594.56
2395,07/16/2026 07:24:32,9.78,485.12
2396,07/16/2026 07:39:32,8.11,1411.20
2397,07/16/2026 07:54:32,8.11,669.76
2398,07/16/2026 08:09:32,8.15,1193.92
2399,07/16/2026 08:24:32,8.88,850.24
2400,07/16/2026 08:39:32,9.01,1347.84
2401,07/16/2026 08:54:32,9.35,3198.72
2402,07/16/2026 09:09:32,9.65,3422.72
2403,07/16/2026 09:24:32,9.65,2749.44
2404,07/16/2026 09:39:32,9.82,3621.12
2405,07/16/2026 09:54:32,10.08,4371.20
2406,07/16/2026 10:09:32,10.34,4181.76
2407,07/16/2026 10:24:32,10.55,5744.64
2408,07/16/2026 10:39:32,10.72,4977.92
2409,07/16/2026 10:54:32,10.72,4252.16
2410,07/16/2026 11:09:32,10.68,5127.68
2411,07/16/2026 11:24:32,10.68,4725.76
2412,07/16/2026 11:39:32,10.77,4633.60
2413,07/16/2026 11:54:32,10.89,6446.08
2414,07/16/2026 12:09:32,10.94,6466.56
2415,07/16/2026 12:24:32,10.89,5995.52
2416,07/16/2026 12:39:32,10.98,4506.88
2417,07/16/2026 12:54:32,11.02,6720.00
2418,07/16/2026 13:09:32,11.07,7383.04
2419,07/16/2026 13:24:32,11.02,5486.08
2420,07/16/2026 13:39:32,10.98,4958.72
2421,07/16/2026 13:54:32,11.02,5041.92
2422,07/16/2026 14:09:32,10.89,4835.84
2423,07/16/2026 14:24:32,10.68,6407.68
2424,07/16/2026 14:39:32,10.77,7421.44
2425,07/16/2026 14:54:32,10.72,9930.24
2426,07/16/2026 15:09:32,10.81,10222.08
2427,07/16/2026 15:24:32,10.81,9200.64
2428,07/16/2026 15:39:32,10.77,7375.36
2429,07/16/2026 15:54:32,10.89,12431.36
2430,07/16/2026 16:09:32,10.64,11432.96
2431,07/16/2026 16:24:32,10.64,7032.32
2432,07/16/2026 16:39:32,10.68,11171.84
2433,07/16/2026 16:54:32,10.55,7096.32
2434,07/16/2026 17:09:32,10.55,5570.56
2435,07/16/2026 17:24:32,10.51,4977.92
2436,07/16/2026 17:39:32,10.46,4325.12
2437,07/16/2026 17:54:32,10.59,3463.68
2438,07/16/2026 18:09:32,10.59,7854.08
2439,07/16/2026 18:24:32,10.59,7219.20
2440,07/16/2026 18:39:32,10.59,4421.12
2441,07/16/2026 18:54:32,10.51,4483.84
2442,07/16/2026 19:09:32,10.51,4344.32
2443,07/16/2026 19:24:32,10.42,3056.64
2444,07/16/2026 19:39:32,10.34,2295.04
2445,07/16/2026 19:54:32,10.25,1613.44
2446,07/16/2026 20:09:32,10.25,1249.60
2447,07/16/2026 20:24:32,10.21,919.68
2448,07/16/2026 20:39:32,10.08,696.00
2449,07/16/2026 20:54:32,10.12,406.72
2450,07/16/2026 21:09:32,10.04,257.68
2451,07/16/2026 21:24:32,9.91,102.40
2452,07/16/2026 21:39:32,9.86,34.51
2453,07/16/2026 21:54:32,9.74,7.07
2454,07/16/2026 22:09:32,9.74,0.82
2455,07/16/2026 22:24:32,9.82,0.00
2456,07/16/2026 22:39:32,9.82,0.00
2457,07/16/2026 22:54:32,9.91,0.00
2458,07/16/2026 23:09:32,9.91,0.00
2459,07/16/2026 23:24:32,9.86,0.00
2460,07/16/2026 23:39:32,9.78,0.00
2461,07/16/2026 23:54:32,9.69,0.00
2462,07/17/2026 00:09:32,9.74,0.00
2463,07/17/2026 00:24:32,9.74,0.00
2464,07/17/2026 00:39:32,9.82,0.00
2465,07/17/2026 00:54:32,9.91,0.00
2466,07/17/2026 01:09:32,9.95,0.00
2467,07/17/2026 01:24:32,9.99,0.00
2468,07/17/2026 01:39:32,9.99,0.00
2469,07/17/2026 01:54:32,9.99,0.00
2470,07/17/2026 02:09:32,9.99,0.00
2471,07/17/2026 02:24:32,10.04,0.00
2472,07/17/2026 02:39:32,10.25,0.00
2473,07/17/2026 02:54:32,10.34,0.00
2474,07/17/2026 03:09:32,10.21,0.00
2475,07/17/2026 03:24:32,10.16,0.00
2476,07/17/2026 03:39:32,10.12,0.00
2477,07/17/2026 03:54:32,10.08,0.00
2478,07/17/2026 04:09:32,10.12,0.00
2479,07/17/2026 04:24:32,10.08,0.20
2480,07/17/2026 04:39:32,9.99,2.48
2481,07/17/2026 04:54:32,10.04,12.85
2482,07/17/2026 05:09:32,9.99,55.40
2483,07/17/2026 05:24:32,9.95,161.08
2484,07/17/2026 05:39:32,9.82,363.84
2485,07/17/2026 05:54:32,9.61,513.60
2486,07/17/2026 06:09:32,9.39,753.28
2487,07/17/2026 06:24:32,9.48,1214.08
2488,07/17/2026 06:39:32,9.48,1442.56
2489,07/17/2026 06:54:32,9.44,2636.80
2490,07/17/2026 07:09:32,9.56,4229.12
2491,07/17/2026 07:24:32,9.82,8138.24
2492,07/17/2026 07:39:32,9.86,9254.40
2493,07/17/2026 07:54:32,9.56,12482.56
2494,07/17/2026 08:09:32,10.16,18452.48
2495,07/17/2026 08:24:32,11.62,29194.24
2496,07/17/2026 08:39:32,13.98,30402.56
2497,07/17/2026 08:54:32,13.73,27791.36
2498,07/17/2026 09:09:32,13.77,28815.36
2499,07/17/2026 09:24:32,14.80,32266.24
2500,07/17/2026 09:39:32,16.43,36853.76
2501,07/17/2026 09:54:32,15.57,33177.60
2502,07/17/2026 10:09:32,12.52,20884.48
2503,07/17/2026 10:24:32,11.71,13393.92
2504,07/17/2026 10:39:32,11.79,14648.32
2505,07/17/2026 10:54:32,11.97,16046.08
2506,07/17/2026 11:09:32,12.27,19681.28
2507,07/17/2026 11:24:32,12.35,17085.44
2508,07/17/2026 11:39:32,12.31,15150.08
2509,07/17/2026 11:54:32,12.57,13916.16
2510,07/17/2026 12:09:32,12.35,12697.60
2511,07/17/2026 12:24:32,12.05,9533.44
2512,07/17/2026 12:39:32,12.01,8980.48
2513,07/17/2026 12:54:32,12.05,11535.36
2514,07/17/2026 13:09:32,12.40,12211.20
2515,07/17/2026 13:24:32,12.52,12800.00
2516,07/17/2026 13:39:32,12.91,22220.80
2517,07/17/2026 13:54:32,13.08,17218.56
2518,07/17/2026 14:09:32,13.34,22241.28
2519,07/17/2026 14:24:32,13.60,17300.48
2520,07/17/2026 14:39:32,13.55,16266.24
2521,07/17/2026 14:54:32,13.98,22149.12
2522,07/17/2026 15:09:32,14.07,16747.52
2523,07/17/2026 15:24:32,13.73,16133.12
2524,07/17/2026 15:39:32,13.94,16163.84
2525,07/17/2026 15:54:32,14.24,23162.88
2526,07/17/2026 16:09:32,14.37,17228.80
2527,07/17/2026 16:24:32,14.67,17208.32
2528,07/17/2026 16:39:32,14.80,22753.28
2529,07/17/2026 16:54:32,14.84,19814.40
2530,07/17/2026 17:09:32,14.88,30873.60
2531,07/17/2026 17:24:32,15.01,22794.24
2532,07/17/2026 17:39:32,15.06,22630.40
2533,07/17/2026 17:54:32,15.06,21657.60
2534,07/17/2026 18:09:32,14.80,18734.08
2535,07/17/2026 18:24:32,14.84,13414.40
2536,07/17/2026 18:39:32,14.50,15032.32
2537,07/17/2026 18:54:32,14.54,11658.24
2538,07/17/2026 19:09:32,13.81,9100.80
2539,07/17/2026 19:24:32,14.11,7336.96
2540,07/17/2026 19:39:32,14.15,4291.84
2541,07/17/2026 19:54:32,14.15,4099.84
2542,07/17/2026 20:09:32,14.15,3432.96
2543,07/17/2026 20:24:32,14.28,2218.88
2544,07/17/2026 20:39:32,14.07,1472.64
2545,07/17/2026 20:54:32,14.20,840.64
2546,07/17/2026 21:09:32,13.94,488.80
2547,07/17/2026 21:24:32,13.68,184.24
2548,07/17/2026 21:39:32,13.77,66.70
2549,07/17/2026 21:54:32,13.81,15.13
2550,07/17/2026 22:09:32,13.85,2.07
2551,07/17/2026 22:24:32,13.85,0.20
2552,07/17/2026 22:39:32,13.85,0.00
2553,07/17/2026 22:54:32,13.55,0.00
2554,07/17/2026 23:09:32,13.64,0.00
2555,07/17/2026 23:24:32,13.43,0.00
2556,07/17/2026 23:39:32,13.30,0.00
2557,07/17/2026 23:54:32,13.17,0.00
2558,07/18/2026 00:09:32,13.08,0.00
2559,07/18/2026 00:24:32,13.12,0.00
2560,07/18/2026 00:39:32,12.70,0.00
2561,07/18/2026 00:54:32,12.61,0.00
2562,07/18/2026 01:09:32,12.70,0.00
2563,07/18/2026 01:24:32,12.52,0.00
2564,07/18/2026 01:39:32,11.58,0.00
2565,07/18/2026 01:54:32,10.98,0.00
2566,07/18/2026 02:09:32,10.68,0.00
2567,07/18/2026 02:24:32,10.12,0.00
2568,07/18/2026 02:39:32,9.95,0.00
2569,07/18/2026 02:54:32,9.82,0.00
2570,07/18/2026 03:09:32,9.78,0.00
2571,07/18/2026 03:24:32,11.54,0.00
2572,07/18/2026 03:39:32,11.67,0.00
2573,07/18/2026 03:54:32,11.58,0.00
2574,07/18/2026 04:09:32,11.97,0.00
2575,07/18/2026 04:24:32,11.88,0.00
2576,07/18/2026 04:39:32,11.79,0.00
2577,07/18/2026 04:54:32,11.79,2.48
2578,07/18/2026 05:09:32,11.62,8.31
2579,07/18/2026 05:24:32,11.54,24.10
2580,07/18/2026 05:39:32,11.32,73.38
2581,07/18/2026 05:54:32,11.58,100.84
2582,07/18/2026 06:09:32,11.41,241.92
2583,07/18/2026 06:24:32,11.49,527.84
2584,07/18/2026 06:39:32,11.41,1116.16
2585,07/18/2026 06:54:32,11.32,1320.96
2586,07/18/2026 07:09:32,11.15,1472.64
2587,07/18/2026 07:24:32,11.24,1699.84
2588,07/18/2026 07:39:32,11.24,2375.04
2589,07/18/2026 07:54:32,11.45,5025.28
2590,07/18/2026 08:09:32,11.32,6520.32
2591,07/18/2026 08:24:32,11.24,4656.64
2592,07/18/2026 08:39:32,11.45,9630.72
2593,07/18/2026 08:54:32,11.28,5614.08
2594,07/18/2026 09:09:32,12.01,21852.16
2595,07/18/2026 09:24:32,12.27,29573.12
2596,07/18/2026 09:39:32,14.24,33351.68
2597,07/18/2026 09:54:32,12.52,27514.88
2598,07/18/2026 10:09:32,12.70,30924.80
2599,07/18/2026 10:24:32,12.52,26880.00
2600,07/18/2026 10:39:32,12.61,31897.60
2601,07/18/2026 10:54:32,12.31,27412.48
2602,07/18/2026 11:09:32,12.10,29521.92
2603,07/18/2026 11:24:32,11.79,25579.52
2604,07/18/2026 11:39:32,11.88,32716.80
2605,07/18/2026 11:54:32,12.05,25528.32
2606,07/18/2026 12:09:32,11.84,22630.40
2607,07/18/2026 12:24:32,11.58,28784.64
2608,07/18/2026 12:39:32,11.58,29030.40
2609,07/18/2026 12:54:32,11.62,24043.52
2610,07/18/2026 13:09:32,11.88,22128.64
2611,07/18/2026 13:24:32,12.14,28590.08
2612,07/18/2026 13:39:32,12.10,19614.72
2613,07/18/2026 13:54:32,12.05,20259.84
2614,07/18/2026 14:09:32,12.10,20720.64
2615,07/18/2026 14:24:32,11.71,20638.72
2616,07/18/2026 14:39:32,11.58,20449.28
2617,07/18/2026 14:54:32,11.97,25425.92
2618,07/18/2026 15:09:32,11.49,22302.72
2619,07/18/2026 15:24:32,11.41,21719.04
2620,07/18/2026 15:39:32,11.41,17792.00
2621,07/18/2026 15:54:32,10.89,9418.24
2622,07/18/2026 16:09:32,11.32,17233.92
2623,07/18/2026 16:24:32,11.79,12216.32
2624,07/18/2026 16:39:32,12.10,15754.24
2625,07/18/2026 16:54:32,12.18,16691.20
2626,07/18/2026 17:09:32,12.57,16133.12
2627,07/18/2026 17:24:32,12.31,11115.52
2628,07/18/2026 17:39:32,12.65,17280.00
2629,07/18/2026 17:54:32,12.82,12600.32
2630,07/18/2026 18:09:32,12.74,13486.08
2631,07/18/2026 18:24:32,12.44,11366.40
2632,07/18/2026 18:39:32,12.44,10961.92
2633,07/18/2026 18:54:32,12.48,10309.12
2634,07/18/2026 19:09:32,12.27,7308.80
2635,07/18/2026 19:24:32,12.22,5890.56
2636,07/18/2026 19:39:32,12.18,3800.32
2637,07/18/2026 19:54:32,12.05,4102.40
2638,07/18/2026 20:09:32,12.01,2844.16
2639,07/18/2026 20:24:32,11.88,2328.32
2640,07/18/2026 20:39:32,11.88,1313.92
2641,07/18/2026 20:54:32,11.92,815.36
2642,07/18/2026 21:09:32,11.88,465.92
2643,07/18/2026 21:24:32,11.84,225.92
2644,07/18/2026 21:39:32,11.79,63.80
2645,07/18/2026 21:54:32,11.75,14.71
2646,07/18/2026 22:09:32,11.67,1.45
2647,07/18/2026 22:24:32,11.67,0.00
2648,07/18/2026 22:39:32,11.58,0.00
2649,07/18/2026 22:54:32,11.49,0.00
2650,07/18/2026 23:09:32,11.32,0.00
2651,07/18/2026 23:24:32,11.19,0.00
2652,07/18/2026 23:39:32,10.55,0.00
2653,07/18/2026 23:54:32,10.29,0.00
2654,07/19/2026 00:09:32,10.29,0.00
2655,07/19/2026 00:24:32,10.42,0.00
2656,07/19/2026 00:39:32,10.38,0.00
2657,07/19/2026 00:54:32,10.42,0.00
2658,07/19/2026 01:09:32,10.34,0.00
2659,07/19/2026 01:24:32,10.34,0.00
2660,07/19/2026 01:39:32,10.29,0.00
2661,07/19/2026 01:54:32,10.34,0.00
2662,07/19/2026 02:09:32,10.29,0.00
2663,07/19/2026 02:24:32,10.29,0.00
2664,07/19/2026 02:39:32,10.29,0.00
2665,07/19/2026 02:54:32,10.25,0.00
2666,07/19/2026 03:09:32,10.21,0.00
2667,07/19/2026 03:24:32,10.38,0.00
2668,07/19/2026 03:39:32,10.64,0.00
2669,07/19/2026 03:54:32,10.85,0.00
2670,07/19/2026 04:09:32,10.59,0.00
2671,07/19/2026 04:24:32,10.46,0.00
2672,07/19/2026 04:39:32,10.46,1.24
2673,07/19/2026 04:54:32,10.38,9.14
2674,07/19/2026 05:09:32,10.29,46.58
2675,07/19/2026 05:24:32,10.21,170.80
2676,07/19/2026 05:39:32,10.12,305.12
2677,07/19/2026 05:54:32,10.08,529.44
2678,07/19/2026 06:09:32,9.95,726.40
2679,07/19/2026 06:24:32,9.95,1502.08
2680,07/19/2026 06:39:32,10.04,2611.84
2681,07/19/2026 06:54:32,9.99,3208.96
2682,07/19/2026 07:09:32,10.04,4775.68
2683,07/19/2026 07:24:32,10.04,4782.08
2684,07/19/2026 07:39:32,10.12,5383.68
2685,07/19/2026 07:54:32,10.16,6947.84
2686,07/19/2026 08:09:32,10.21,9850.88
2687,07/19/2026 08:24:32,10.29,12774.40
2688,07/19/2026 08:39:32,10.68,17710.08
2689,07/19/2026 08:54:32,10.64,14453.76
2690,07/19/2026 09:09:32,10.42,7037.44
2691,07/19/2026 09:24:32,10.51,9292.80
2692,07/19/2026 09:39:32,11.02,13957.12
2693,07/19/2026 09:54:32,11.45,19169.28
2694,07/19/2026 10:09:32,13.12,35000.32
2695,07/19/2026 10:24:32,13.25,35092.48
2696,07/19/2026 10:39:32,12.48,21268.48
2697,07/19/2026 10:54:32,11.62,13921.28
2698,07/19/2026 11:09:32,11.71,34600.96
2699,07/19/2026 11:24:32,11.37,15191.04
2700,07/19/2026 11:39:32,11.32,24606.72
2701,07/19/2026 11:54:32,10.89,10142.72
2702,07/19/2026 12:09:32,10.94,10480.64
2703,07/19/2026 12:24:32,10.94,8378.88
2704,07/19/2026 12:39:32,10.89,7541.76
2705,07/19/2026 12:54:32,10.68,4702.72
2706,07/19/2026 13:09:32,10.59,4441.60
2707,07/19/2026 13:24:32,10.59,6988.80
2708,07/19/2026 13:39:32,10.64,5463.04
2709,07/19/2026 13:54:32,10.68,6202.88
2710,07/19/2026 14:09:32,10.64,8087.04
2711,07/19/2026 14:24:32,10.72,5734.40
2712,07/19/2026 14:39:32,10.81,7633.92
2713,07/19/2026 14:54:32,11.54,5675.52
2714,07/19/2026 15:09:32,11.71,5946.88
2715,07/19/2026 15:24:32,11.67,4729.60
2716,07/19/2026 15:39:32,11.71,5670.40
2717,07/19/2026 15:54:32,11.75,6970.88
2718,07/19/2026 16:09:32,11.75,5634.56
2719,07/19/2026 16:24:32,11.88,6645.76
2720,07/19/2026 16:39:32,11.88,9226.24
2721,07/19/2026 16:54:32,11.97,9413.12
2722,07/19/2026 17:09:32,11.71,8942.08
2723,07/19/2026 17:24:32,11.67,11064.32
2724,07/19/2026 17:39:32,11.67,8396.80
2725,07/19/2026 17:54:32,11.62,8995.84
2726,07/19/2026 18:09:32,11.62,6174.72
2727,07/19/2026 18:24:32,11.67,7449.60
2728,07/19/2026 18:39:32,11.79,7162.88
2729,07/19/2026 18:54:32,11.84,6261.76
2730,07/19/2026 19:09:32,11.79,5171.20
2731,07/19/2026 19:24:32,11.92,6356.48
2732,07/19/2026 19:39:32,11.97,3909.12
2733,07/19/2026 19:54:32,12.01,3264.00
2734,07/19/2026 20:09:32,12.05,2762.24
2735,07/19/2026 20:24:32,12.01,1603.84
2736,07/19/2026 20:39:32,11.92,783.04
2737,07/19/2026 20:54:32,11.84,465.92
2738,07/19/2026 21:09:32,11.79,263.44
2739,07/19/2026 21:24:32,11.75,155.88
2740,07/19/2026 21:39:32,11.58,55.82
2741,07/19/2026 21:54:32,11.49,11.61
2742,07/19/2026 22:09:32,11.49,1.65
2743,07/19/2026 22:24:32,11.28,0.20
2744,07/19/2026 22:39:32,11.19,0.00
2745,07/19/2026 22:54:32,11.11,0.00
2746,07/19/2026 23:09:32,11.58,0.00
2747,07/19/2026 23:24:32,11.62,0.00
2748,07/19/2026 23:39:32,11.67,0.00
2749,07/19/2026 23:54:32,11.67,0.00
2750,07/20/2026 00:09:32,11.71,0.00
2751,07/20/2026 00:24:32,11.75,0.00
2752,07/20/2026 00:39:32,11.84,0.00
2753,07/20/2026 00:54:32,11.88,0.00
2754,07/20/2026 01:09:32,11.88,0.00
2755,07/20/2026 01:24:32,11.79,0.00
2756,07/20/2026 01:39:32,11.75,0.00
2757,07/20/2026 01:54:32,11.79,0.00
2758,07/20/2026 02:09:32,11.79,0.00
2759,07/20/2026 02:24:32,11.75,0.00
2760,07/20/2026 02:39:32,11.79,0.00
2761,07/20/2026 02:54:32,11.97,0.20
2762,07/20/2026 03:09:32,11.97,0.00
2763,07/20/2026 03:24:32,11.97,0.00
2764,07/20/2026 03:39:32,11.88,0.00
2765,07/20/2026 03:54:32,11.84,0.00
2766,07/20/2026 04:09:32,11.88,0.00
2767,07/20/2026 04:24:32,11.88,0.00
2768,07/20/2026 04:39:32,11.92,1.03
2769,07/20/2026 04:54:32,11.88,7.90
2770,07/20/2026 05:09:32,11.79,31.15
2771,07/20/2026 05:24:32,11.75,93.28
2772,07/20/2026 05:39:32,11.71,303.52
2773,07/20/2026 05:54:32,11.62,643.04
2774,07/20/2026 06:09:32,11.58,1003.20
2775,07/20/2026 06:24:32,11.49,1736.32
2776,07/20/2026 06:39:32,11.41,2101.12
2777,07/20/2026 06:54:32,11.32,2661.12
2778,07/20/2026 07:09:32,11.45,4206.08
2779,07/20/2026 07:24:32,11.58,4454.40
2780,07/20/2026 07:39:32,11.88,6205.44
2781,07/20/2026 07:54:32,11.97,10670.08
2782,07/20/2026 08:09:32,12.31,12293.12
2783,07/20/2026 08:24:32,12.44,20101.12
2784,07/20/2026 08:39:32,12.87,8916.48
2785,07/20/2026 08:54:32,14.37,41369.60
2786,07/20/2026 09:09:32,15.83,44298.24
2787,07/20/2026 09:24:32,15.66,41697.28
2788,07/20/2026 09:39:32,15.87,41676.80
2789,07/20/2026 09:54:32,16.39,42618.88
2790,07/20/2026 10:09:32,18.44,41779.20
2791,07/20/2026 10:24:32,19.99,42803.20
2792,07/20/2026 10:39:32,19.00,52142.08
2793,07/20/2026 10:54:32,18.74,53432.32
2794,07/20/2026 11:09:32,17.76,53903.36
2795,07/20/2026 11:24:32,17.80,53903.36
2796,07/20/2026 11:39:32,18.66,55214.08
2797,07/20/2026 11:54:32,17.72,51118.08
2798,07/20/2026 12:09:32,16.34,32768.00
2799,07/20/2026 12:24:32,15.14,30668.80
2800,07/20/2026 12:39:32,14.75,26880.00
2801,07/20/2026 12:54:32,14.58,36055.04
2802,07/20/2026 13:09:32,14.24,29480.96
2803,07/20/2026 13:24:32,14.07,25640.96
2804,07/20/2026 13:39:32,13.51,18022.40
2805,07/20/2026 13:54:32,14.03,27607.04
2806,07/20/2026 14:09:32,13.43,26654.72
2807,07/20/2026 14:24:32,13.73,27115.52
2808,07/20/2026 14:39:32,14.07,20495.36
2809,07/20/2026 14:54:32,14.15,18293.76
2810,07/20/2026 15:09:32,14.15,21422.08
2811,07/20/2026 15:24:32,14.28,21288.96
2812,07/20/2026 15:39:32,14.24,14028.80
2813,07/20/2026 15:54:32,14.41,16655.36
2814,07/20/2026 16:09:32,14.58,13424.64
2815,07/20/2026 16:24:32,14.37,12236.80
2816,07/20/2026 16:39:32,13.81,10421.76
2817,07/20/2026 16:54:32,13.77,10767.36
2818,07/20/2026 17:09:32,13.64,8834.56
2819,07/20/2026 17:24:32,13.34,5240.32
2820,07/20/2026 17:39:32,13.30,4523.52
2821,07/20/2026 17:54:32,13.47,4377.60
2822,07/20/2026 18:09:32,13.60,4881.92
2823,07/20/2026 18:24:32,14.50,5396.48
2824,07/20/2026 18:39:32,14.58,4198.40
2825,07/20/2026 18:54:32,14.84,3059.20
2826,07/20/2026 19:09:32,14.93,2082.56
2827,07/20/2026 19:24:32,15.36,1522.56
2828,07/20/2026 19:39:32,15.01,1211.52
2829,07/20/2026 19:54:32,14.75,711.04
2830,07/20/2026 20:09:32,14.63,552.64
2831,07/20/2026 20:24:32,14.71,326.08
2832,07/20/2026 20:39:32,14.63,155.88
2833,07/20/2026 20:54:32,14.45,110.80
2834,07/20/2026 21:09:32,14.45,42.44
2835,07/20/2026 21:24:32,14.03,22.65
2836,07/20/2026 21:39:32,13.43,13.68
2837,07/20/2026 21:54:32,12.95,1.45
2838,07/20/2026 22:09:32,12.65,0.20
2839,07/20/2026 22:24:32,12.31,0.00
2840,07/20/2026 22:39:32,12.27,0.00
2841,07/20/2026 22:54:32,12.27,0.00
2842,07/20/2026 23:09:32,12.01,0.00
2843,07/20/2026 23:24:32,11.92,0.00
2844,07/20/2026 23:39:32,11.62,0.00
2845,07/20/2026 23:54:32,11.41,0.00
2846,07/21/2026 00:09:32,11.32,0.00
2847,07/21/2026 00:24:32,11.11,0.00
2848,07/21/2026 00:39:32,11.11,0.00
2849,07/21/2026 00:54:32,11.07,0.00
2850,07/21/2026 01:09:32,11.15,0.00
2851,07/21/2026 01:24:32,11.37,0.00
2852,07/21/2026 01:39:32,11.32,0.00
2853,07/21/2026 01:54:32,11.37,0.00
2854,07/21/2026 02:09:32,11.32,0.00
2855,07/21/2026 02:24:32,11.28,0.00
2856,07/21/2026 02:39:32,11.24,0.00
2857,07/21/2026 02:54:32,11.19,0.00
2858,07/21/2026 03:09:32,11.24,0.00
2859,07/21/2026 03:24:32,11.37,0.00
2860,07/21/2026 03:39:32,11.28,0.00
2861,07/21/2026 03:54:32,11.32,0.00
2862,07/21/2026 04:09:32,11.28,0.00
2863,07/21/2026 04:24:32,11.28,0.00
2864,07/21/2026 04:39:32,11.24,0.00
2865,07/21/2026 04:54:32,11.15,0.62
2866,07/21/2026 05:09:32,11.11,2.28
2867,07/21/2026 05:24:32,11.07,7.25
2868,07/21/2026 05:39:32,11.02,19.72
2869,07/21/2026 05:54:32,11.02,53.68
2870,07/21/2026 06:09:32,10.98,170.80
2871,07/21/2026 06:24:32,10.98,562.56
2872,07/21/2026 06:39:32,10.89,501.60
2873,07/21/2026 06:54:32,11.02,830.72
2874,07/21/2026 07:09:32,11.19,832.32
2875,07/21/2026 07:24:32,11.28,577.60
2876,07/21/2026 07:39:32,11.49,978.56
2877,07/21/2026 07:54:32,11.62,1304.32
2878,07/21/2026 08:09:32,11.92,4494.08
2879,07/21/2026 08:24:32,11.58,4981.76
2880,07/21/2026 08:39:32,11.37,2582.40
2881,07/21/2026 08:54:32,11.49,2268.80
2882,07/21/2026 09:09:32,11.62,5826.56
2883,07/21/2026 09:24:32,11.58,5634.56
2884,07/21/2026 09:39:32,11.58,3159.04
2885,07/21/2026 09:54:32,11.84,3591.68
2886,07/21/2026 10:09:32,11.79,3860.48
2887,07/21/2026 10:24:32,12.27,5278.72
2888,07/21/2026 10:39:32,12.27,5194.24
2889,07/21/2026 10:54:32,12.22,9126.40
2890,07/21/2026 11:09:32,12.01,8145.92
2891,07/21/2026 11:24:32,11.92,5568.00
2892,07/21/2026 11:39:32,11.88,3112.96
2893,07/21/2026 11:54:32,11.97,3381.76
2894,07/21/2026 12:09:32,12.05,1151.04
2895,07/21/2026 12:24:32,12.27,1996.80
2896,07/21/2026 12:39:32,12.10,1127.68
2897,07/21/2026 12:54:32,11.97,800.00
2898,07/21/2026 13:09:32,11.97,714.56
2899,07/21/2026 13:24:32,12.05,459.84
2900,07/21/2026 13:39:32,12.27,559.20
2901,07/21/2026 13:54:32,12.27,584.16
2902,07/21/2026 14:09:32,12.22,530.72
2903,07/21/2026 14:24:32,11.97,534.88
2904,07/21/2026 14:39:32,11.15,811.84
2905,07/21/2026 14:54:32,10.98,789.76
2906,07/21/2026 15:09:32,10.94,788.80
2907,07/21/2026 15:24:32,11.07,1056.32
2908,07/21/2026 15:39:32,11.15,842.56
2909,07/21/2026 15:54:32,11.11,810.88
2910,07/21/2026 16:09:32,10.89,457.28
2911,07/21/2026 16:24:32,10.85,376.48
2912,07/21/2026 16:39:32,11.07,626.40
2913,07/21/2026 16:54:32,11.15,423.20
2914,07/21/2026 17:09:32,11.07,989.12
2915,07/21/2026 17:24:32,11.15,816.64
2916,07/21/2026 17:39:32,11.15,703.04
2917,07/21/2026 17:54:32,10.98,580.80
2918,07/21/2026 18:09:32,10.85,653.44
2919,07/21/2026 18:24:32,10.81,458.88
2920,07/21/2026 18:39:32,10.81,504.96
2921,07/21/2026 18:54:32,10.81,588.32
2922,07/21/2026 19:09:32,10.81,301.60
2923,07/21/2026 19:24:32,10.77,249.20
2924,07/21/2026 19:39:32,10.68,209.12
2925,07/21/2026 19:54:32,10.38,212.48
2926,07/21/2026 20:09:32,10.12,178.40
2927,07/21/2026 20:24:32,9.78,134.12
2928,07/21/2026 20:39:32,9.65,50.32
2929,07/21/2026 20:54:32,9.35,21.61
2930,07/21/2026 21:09:32,9.91,21.38
2931,07/21/2026 21:24:32,9.69,8.50
2932,07/21/2026 21:39:32,9.74,3.52
2933,07/21/2026 21:54:32,9.69,0.00
2934,07/21/2026 22:09:32,9.05,0.00
2935,07/21/2026 22:24:32,9.18,0.00
2936,07/21/2026 22:39:32,9.95,0.00
2937,07/21/2026 22:54:32,10.21,0.00
2938,07/21/2026 23:09:32,9.91,0.00
2939,07/21/2026 23:24:32,9.86,0.00
2940,07/21/2026 23:39:32,10.64,0.00
2941,07/21/2026 23:54:32,10.89,0.00
2942,07/22/2026 00:09:32,11.07,0.00
2943,07/22/2026 00:24:32,11.15,0.00
2944,07/22/2026 00:39:32,10.94,0.00
2945,07/22/2026 00:54:32,10.55,0.00
2946,07/22/2026 01:09:32,10.85,0.00
2947,07/22/2026 01:24:32,10.98,0.00
2948,07/22/2026 01:39:32,10.89,0.20
2949,07/22/2026 01:54:32,10.72,0.00
2950,07/22/2026 02:09:32,10.51,0.00
2951,07/22/2026 02:24:32,10.38,0.00
2952,07/22/2026 02:39:32,10.38,0.00
2953,07/22/2026 02:54:32,10.38,0.00
2954,07/22/2026 03:09:32,10.21,0.00
2955,07/22/2026 03:24:32,10.04,0.00
2956,07/22/2026 03:39:32,10.12,0.00
2957,07/22/2026 03:54:32,10.08,0.00
2958,07/22/2026 04:09:32,10.16,0.00
2959,07/22/2026 04:24:32,10.16,0.00
2960,07/22/2026 04:39:32,9.99,0.00
2961,07/22/2026 04:54:32,9.91,0.20
2962,07/22/2026 05:09:32,9.69,3.31
2963,07/22/2026 05:24:32,9.74,18.03
2964,07/22/2026 05:39:32,9.86,59.54
2965,07/22/2026 05:54:32,10.04,79.08
2966,07/22/2026 06:09:32,10.08,181.76
2967,07/22/2026 06:24:32,10.04,126.56
2968,07/22/2026 06:39:32,9.91,319.20
2969,07/22/2026 06:54:32,9.86,126.56
2970,07/22/2026 07:09:32,9.82,379.04
2971,07/22/2026 07:24:32,9.82,267.44
2972,07/22/2026 07:39:32,9.82,361.92
2973,07/22/2026 07:54:32,9.74,789.44
2974,07/22/2026 08:09:32,9.69,1630.08
2975,07/22/2026 08:24:32,9.61,594.08
2976,07/22/2026 08:39:32,9.48,1580.16
2977,07/22/2026 08:54:32,9.44,761.92
2978,07/22/2026 09:09:32,9.26,2094.72
2979,07/22/2026 09:24:32,9.09,875.84
2980,07/22/2026 09:39:32,9.09,2593.92
2981,07/22/2026 09:54:32,8.96,4043.52
2982,07/22/2026 10:09:32,8.92,3399.68
2983,07/22/2026 10:24:32,8.96,1806.08
2984,07/22/2026 10:39:32,9.09,2675.20
2985,07/22/2026 10:54:32,9.14,1331.84
2986,07/22/2026 11:09:32,9.14,2582.40
2987,07/22/2026 11:24:32,9.18,3164.16
2988,07/22/2026 11:39:32,9.18,1890.56
2989,07/22/2026 11:54:32,9.22,2051.20
2990,07/22/2026 12:09:32,9.31,2777.60
2991,07/22/2026 12:24:32,9.26,5434.88
2992,07/22/2026 12:39:32,9.22,1769.60
2993,07/22/2026 12:54:32,9.31,5568.00
2994,07/22/2026 13:09:32,9.35,5463.04
2995,07/22/2026 13:24:32,9.39,4043.52
2996,07/22/2026 13:39:32,9.44,3552.00
2997,07/22/2026 13:54:32,9.48,1933.44
2998,07/22/2026 14:09:32,9.48,2354.56
2999,07/22/2026 14:24:32,9.48,4023.04
3000,07/22/2026 14:39:32,9.61,2598.40
3001,07/22/2026 14:54:32,9.61,3399.68
3002,07/22/2026 15:09:32,9.52,4368.64
3003,07/22/2026 15:24:32,9.48,1557.12
3004,07/22/2026 15:39:32,9.56,1232.96
3005,07/22/2026 15:54:32,9.61,3205.12
3006,07/22/2026 16:09:32,9.56,3037.44
3007,07/22/2026 16:24:32,9.48,1651.84
3008,07/22/2026 16:39:32,9.56,1015.68
3009,07/22/2026 16:54:32,9.65,1948.80
3010,07/22/2026 17:09:32,9.61,1927.04
3011,07/22/2026 17:24:32,9.61,2880.00
3012,07/22/2026 17:39:32,9.61,921.28
3013,07/22/2026 17:54:32,9.52,1812.48
3014,07/22/2026 18:09:32,9.52,2109.44
3015,07/22/2026 18:24:32,9.52,1093.76
3016,07/22/2026 18:39:32,9.52,578.40
3017,07/22/2026 18:54:32,9.48,976.00
3018,07/22/2026 19:09:32,9.44,1146.88
3019,07/22/2026 19:24:32,9.48,728.32
3020,07/22/2026 19:39:32,9.44,578.40
3021,07/22/2026 19:54:32,9.35,382.56
3022,07/22/2026 20:09:32,9.35,186.64
3023,07/22/2026 20:24:32,9.22,185.92
3024,07/22/2026 20:39:32,9.14,80.74
3025,07/22/2026 20:54:32,9.05,68.72
3026,07/22/2026 21:09:32,9.05,53.28
3027,07/22/2026 21:24:32,8.92,7.07
3028,07/22/2026 21:39:32,8.92,4.14
3029,07/22/2026 21:54:32,8.88,0.62
3030,07/22/2026 22:09:32,8.83,0.20
3031,07/22/2026 22:24:32,8.79,0.00
3032,07/22/2026 22:39:32,8.75,0.00
3033,07/22/2026 22:54:32,8.71,0.00
3034,07/22/2026 23:09:32,8.71,0.00
3035,07/22/2026 23:24:32,8.62,0.00
3036,07/22/2026 23:39:32,8.66,0.00
3037,07/22/2026 23:54:32,8.62,0.00
3038,07/23/2026 00:09:32,8.62,0.00
3039,07/23/2026 00:24:32,8.53,0.00
3040,07/23/2026 00:39:32,8.49,0.00
3041,07/23/2026 00:54:32,8.45,0.00
3042,07/23/2026 01:09:32,8.49,0.00
3043,07/23/2026 01:24:32,8.45,0.00
3044,07/23/2026 01:39:32,8.41,0.00
3045,07/23/2026 01:54:32,8.49,0.00
3046,07/23/2026 02:09:32,8.45,0.00
3047,07/23/2026 02:24:32,8.45,0.00
3048,07/23/2026 02:39:32,8.45,0.00
3049,07/23/2026 02:54:32,8.41,0.00
3050,07/23/2026 03:09:32,8.41,0.00
3051,07/23/2026 03:24:32,8.53,0.00
3052,07/23/2026 03:39:32,8.75,0.00
3053,07/23/2026 03:54:32,8.66,0.00
3054,07/23/2026 04:09:32,8.83,0.00
3055,07/23/2026 04:24:32,8.83,0.00
3056,07/23/2026 04:39:32,8.79,0.00
3057,07/23/2026 04:54:32,8.88,0.62
3058,07/23/2026 05:09:32,8.79,3.73
3059,07/23/2026 05:24:32,8.75,36.59
3060,07/23/2026 05:39:32,8.75,55.34
3061,07/23/2026 05:54:32,8.83,141.60
3062,07/23/2026 06:09:32,8.96,208.32
3063,07/23/2026 06:24:32,8.71,480.96
3064,07/23/2026 06:39:32,8.71,578.40
3065,07/23/2026 06:54:32,8.41,1784.32
3066,07/23/2026 07:09:32,8.41,1352.96
3067,07/23/2026 07:24:32,8.45,2777.60
3068,07/23/2026 07:39:32,8.45,2585.60
3069,07/23/2026 07:54:32,8.58,1227.20
3070,07/23/2026 08:09:32,8.49,2878.72
3071,07/23/2026 08:24:32,8.58,1759.36
3072,07/23/2026 08:39:32,8.62,4327.68
3073,07/23/2026 08:54:32,9.09,4281.60
3074,07/23/2026 09:09:32,9.26,5913.60
3075,07/23/2026 09:24:32,9.35,4043.52
3076,07/23/2026 09:39:32,9.35,6410.24
3077,07/23/2026 09:54:32,9.39,1961.60
3078,07/23/2026 10:09:32,9.48,3572.48
3079,07/23/2026 10:24:32,9.74,5854.72
3080,07/23/2026 10:39:32,9.78,8000.00
3081,07/23/2026 10:54:32,9.95,16384.00
3082,07/23/2026 11:09:32,10.85,36177.92
3083,07/23/2026 11:24:32,10.72,13424.64
3084,07/23/2026 11:39:32,10.64,5760.00
3085,07/23/2026 11:54:32,10.55,7357.44
3086,07/23/2026 12:09:32,10.46,6300.16
3087,07/23/2026 12:24:32,10.42,7843.84
3088,07/23/2026 12:39:32,10.34,9792.00
3089,07/23/2026 12:54:32,10.55,14213.12
3090,07/23/2026 13:09:32,10.51,7833.60
3091,07/23/2026 13:24:32,10.46,3466.24
3092,07/23/2026 13:39:32,10.29,1157.44
3093,07/23/2026 13:54:32,10.25,2006.40
3094,07/23/2026 14:09:32,10.34,3900.16
3095,07/23/2026 14:24:32,10.34,4212.48
3096,07/23/2026 14:39:32,10.51,3159.04
3097,07/23/2026 14:54:32,10.42,912.96
3098,07/23/2026 15:09:32,10.38,1135.04
3099,07/23/2026 15:24:32,10.34,1137.60
3100,07/23/2026 15:39:32,10.38,1008.32
3101,07/23/2026 15:54:32,10.46,4431.36
3102,07/23/2026 16:09:32,10.04,2263.68
3103,07/23/2026 16:24:32,9.91,3160.32
3104,07/23/2026 16:39:32,9.69,2026.24
3105,07/23/2026 16:54:32,9.95,3054.08
3106,07/23/2026 17:09:32,9.86,987.52
3107,07/23/2026 17:24:32,9.74,1442.56
3108,07/23/2026 17:39:32,9.74,2545.92
3109,07/23/2026 17:54:32,9.78,1867.52
3110,07/23/2026 18:09:32,9.99,1587.20
3111,07/23/2026 18:24:32,10.08,2499.20
3112,07/23/2026 18:39:32,9.86,1588.48
3113,07/23/2026 18:54:32,9.78,1238.72
3114,07/23/2026 19:09:32,9.95,1466.88
3115,07/23/2026 19:24:32,9.78,1228.80
3116,07/23/2026 19:39:32,9.74,800.96
3117,07/23/2026 19:54:32,9.65,1067.20
3118,07/23/2026 20:09:32,9.95,1349.12
3119,07/23/2026 20:24:32,10.08,1057.28
3120,07/23/2026 20:39:32,10.34,841.60
3121,07/23/2026 20:54:32,9.61,404.16
3122,07/23/2026 21:09:32,9.39,180.16
3123,07/23/2026 21:24:32,9.18,64.98
3124,07/23/2026 21:39:32,9.09,13.26
3125,07/23/2026 21:54:32,9.05,1.65
3126,07/23/2026 22:09:32,9.05,0.00
3127,07/23/2026 22:24:32,9.18,0.00
3128,07/23/2026 22:39:32,9.05,0.00
3129,07/23/2026 22:54:32,8.79,0.00
3130,07/23/2026 23:09:32,9.01,0.00
3131,07/23/2026 23:24:32,8.75,0.00
3132,07/23/2026 23:39:32,8.66,0.00
3133,07/23/2026 23:54:32,8.66,0.00
3134,07/24/2026 00:09:32,8.79,0.00
3135,07/24/2026 00:24:32,8.75,0.00
3136,07/24/2026 00:39:32,8.75,0.00
3137,07/24/2026 00:54:32,8.75,0.00
3138,07/24/2026 01:09:32,8.75,0.00
3139,07/24/2026 01:24:32,8.75,0.20
3140,07/24/2026 01:39:32,8.71,0.00
3141,07/24/2026 01:54:32,8.66,0.00
3142,07/24/2026 02:09:32,8.88,0.00
3143,07/24/2026 02:24:32,9.09,0.00
3144,07/24/2026 02:39:32,9.01,0.00
3145,07/24/2026 02:54:32,8.83,0.00
3146,07/24/2026 03:09:32,9.09,0.00
3147,07/24/2026 03:24:32,9.31,0.00
3148,07/24/2026 03:39:32,9.22,0.00
3149,07/24/2026 03:54:32,9.18,0.00
3150,07/24/2026 04:09:32,9.48,0.00
3151,07/24/2026 04:24:32,9.14,0.00
3152,07/24/2026 04:39:32,9.09,0.41
3153,07/24/2026 04:54:32,9.14,2.07
3154,07/24/2026 05:09:32,9.31,5.62
3155,07/24/2026 05:24:32,9.31,38.30
3156,07/24/2026 05:39:32,9.22,116.60
3157,07/24/2026 05:54:32,9.22,249.36
3158,07/24/2026 06:09:32,9.26,401.76
3159,07/24/2026 06:24:32,9.26,685.76
3160,07/24/2026 06:39:32,9.14,638.08
3161,07/24/2026 06:54:32,9.18,899.52
3162,07/24/2026 07:09:32,9.26,4520.96
3163,07/24/2026 07:24:32,9.35,5544.96
3164,07/24/2026 07:39:32,9.39,6709.76
3165,07/24/2026 07:54:32,9.35,7329.28
3166,07/24/2026 08:09:32,9.31,7303.68
3167,07/24/2026 08:24:32,9.61,10475.52
3168,07/24/2026 08:39:32,9.61,15354.88
3169,07/24/2026 08:54:32,9.52,11217.92
3170,07/24/2026 09:09:32,9.69,14013.44
3171,07/24/2026 09:24:32,10.08,24453.12
3172,07/24/2026 09:39:32,10.46,30423.04
3173,07/24/2026 09:54:32,10.25,31252.48
3174,07/24/2026 10:09:32,10.68,14448.64
3175,07/24/2026 10:24:32,10.77,22056.96
3176,07/24/2026 10:39:32,11.15,22282.24
3177,07/24/2026 10:54:32,11.45,30699.52
3178,07/24/2026 11:09:32,11.88,33300.48
3179,07/24/2026 11:24:32,12.35,39997.44
3180,07/24/2026 11:39:32,12.31,33003.52
3181,07/24/2026 11:54:32,12.35,32778.24
3182,07/24/2026 12:09:32,12.27,26501.12
3183,07/24/2026 12:24:32,12.27,13245.44
3184,07/24/2026 12:39:32,12.91,35952.64
3185,07/24/2026 12:54:32,13.30,43786.24
3186,07/24/2026 13:09:32,13.21,38113.28
3187,07/24/2026 13:24:32,13.21,40376.32
3188,07/24/2026 13:39:32,13.47,38860.80
3189,07/24/2026 13:54:32,13.64,48640.00
3190,07/24/2026 14:09:32,13.43,33566.72
3191,07/24/2026 14:24:32,13.21,36362.24
3192,07/24/2026 14:39:32,13.38,39034.88
3193,07/24/2026 14:54:32,13.43,38246.40
3194,07/24/2026 15:09:32,13.47,32235.52
3195,07/24/2026 15:24:32,13.12,26234.88
3196,07/24/2026 15:39:32,13.47,30248.96
3197,07/24/2026 15:54:32,13.38,19640.32
3198,07/24/2026 16:09:32,13.12,22558.72
3199,07/24/2026 16:24:32,12.74,16737.28
3200,07/24/2026 16:39:32,13.25,22609.92
3201,07/24/2026 16:54:32,13.25,20188.16
3202,07/24/2026 17:09:32,13.21,21227.52
3203,07/24/2026 17:24:32,13.08,15928.32
3204,07/24/2026 17:39:32,12.95,17310.72
3205,07/24/2026 17:54:32,12.82,14136.32
3206,07/24/2026 18:09:32,12.87,11187.20
3207,07/24/2026 18:24:32,12.61,10268.16
3208,07/24/2026 18:39:32,12.57,5378.56
3209,07/24/2026 18:54:32,12.22,7137.28
3210,07/24/2026 19:09:32,12.27,10455.04
3211,07/24/2026 19:24:32,12.27,5598.72
3212,07/24/2026 19:39:32,12.22,3256.32
3213,07/24/2026 19:54:32,12.14,3129.60
3214,07/24/2026 20:09:32,11.97,1619.84
3215,07/24/2026 20:24:32,11.97,873.60
3216,07/24/2026 20:39:32,11.92,971.84
3217,07/24/2026 20:54:32,12.01,571.36
3218,07/24/2026 21:09:32,11.97,203.36
3219,07/24/2026 21:24:32,12.01,66.64
3220,07/24/2026 21:39:32,11.92,19.51
3221,07/24/2026 21:54:32,12.01,3.52
3222,07/24/2026 22:09:32,12.01,0.41
3223,07/24/2026 22:24:32,12.14,0.00
3224,07/24/2026 22:39:32,12.31,0.00
3225,07/24/2026 22:54:32,12.18,0.00
3226,07/24/2026 23:09:32,12.52,0.00
3227,07/24/2026 23:24:32,12.74,0.00
3228,07/24/2026 23:39:32,12.31,0.00
3229,07/24/2026 23:54:32,12.27,0.00
3230,07/25/2026 00:09:32,12.22,0.00
3231,07/25/2026 00:24:32,12.22,0.00
3232,07/25/2026 00:39:32,12.27,0.00
3233,07/25/2026 00:54:32,12.31,0.00
3234,07/25/2026 01:09:32,12.35,0.00
3235,07/25/2026 01:24:32,12.35,0.00
3236,07/25/2026 01:39:32,12.35,0.00
3237,07/25/2026 01:54:32,12.35,0.00
3238,07/25/2026 02:09:32,12.70,0.00
3239,07/25/2026 02:24:32,13.34,0.00
3240,07/25/2026 02:39:32,13.55,0.00
3241,07/25/2026 02:54:32,13.68,0.00
3242,07/25/2026 03:09:32,13.90,0.00
3243,07/25/2026 03:24:32,13.73,0.00
3244,07/25/2026 03:39:32,13.64,0.00
3245,07/25/2026 03:54:32,13.68,0.00
3246,07/25/2026 04:09:32,13.51,0.00
3247,07/25/2026 04:24:32,13.12,0.00
3248,07/25/2026 04:39:32,13.21,0.00
3249,07/25/2026 04:54:32,12.91,1.65
3250,07/25/2026 05:09:32,12.82,7.87
3251,07/25/2026 05:24:32,12.65,50.36
3252,07/25/2026 05:39:32,12.57,96.68
3253,07/25/2026 05:54:32,12.61,342.88
3254,07/25/2026 06:09:32,12.44,72.50
3255,07/25/2026 06:24:32,12.44,114.96
3256,07/25/2026 06:39:32,12.40,210.00
3257,07/25/2026 06:54:32,12.40,259.12
3258,07/25/2026 07:09:32,12.31,195.92
3259,07/25/2026 07:24:32,12.31,155.80
3260,07/25/2026 07:39:32,12.35,682.24
3261,07/25/2026 07:54:32,12.31,380.96
3262,07/25/2026 08:09:32,12.35,883.52
3263,07/25/2026 08:24:32,12.22,1048.00
3264,07/25/2026 08:39:32,12.31,885.44
3265,07/25/2026 08:54:32,12.44,1253.76
3266,07/25/2026 09:09:32,12.52,1382.40
3267,07/25/2026 09:24:32,12.57,2537.60
3268,07/25/2026 09:39:32,12.57,2689.28
3269,07/25/2026 09:54:32,12.65,4019.20
3270,07/25/2026 10:09:32,12.70,4643.84
3271,07/25/2026 10:24:32,12.70,3668.48
3272,07/25/2026 10:39:32,12.74,7495.68
3273,07/25/2026 10:54:32,12.61,3662.08
3274,07/25/2026 11:09:32,12.78,4540.16
3275,07/25/2026 11:24:32,12.78,5352.96
3276,07/25/2026 11:39:32,12.74,6356.48
3277,07/25/2026 11:54:32,12.70,4258.56
3278,07/25/2026 12:09:32,12.65,3456.00
3279,07/25/2026 12:24:32,12.61,3760.64
3280,07/25/2026 12:39:32,12.44,2991.36
3281,07/25/2026 12:54:32,12.22,2732.80
3282,07/25/2026 13:09:32,12.14,2504.32
3283,07/25/2026 13:24:32,12.05,4839.68
3284,07/25/2026 13:39:32,11.97,4424.96
3285,07/25/2026 13:54:32,12.01,4825.60
3286,07/25/2026 14:09:32,11.79,3624.96
3287,07/25/2026 14:24:32,11.88,6026.24
3288,07/25/2026 14:39:32,12.10,9379.84
3289,07/25/2026 14:54:32,12.14,8463.36
3290,07/25/2026 15:09:32,12.01,7091.20
3291,07/25/2026 15:24:32,11.88,5736.96
3292,07/25/2026 15:39:32,11.88,5455.36
3293,07/25/2026 15:54:32,11.88,6348.80
3294,07/25/2026 16:09:32,11.79,6456.32
3295,07/25/2026 16:24:32,11.79,5134.08
3296,07/25/2026 16:39:32,11.67,3042.56
3297,07/25/2026 16:54:32,11.71,4371.20
3298,07/25/2026 17:09:32,11.62,3316.48
3299,07/25/2026 17:24:32,11.54,3552.00
3300,07/25/2026 17:39:32,11.71,6827.52
3301,07/25/2026 17:54:32,11.49,2709.76
3302,07/25/2026 18:09:32,11.58,5288.96
3303,07/25/2026 18:24:32,11.58,3011.84
3304,07/25/2026 18:39:32,11.49,3205.12
3305,07/25/2026 18:54:32,11.62,5562.88
3306,07/25/2026 19:09:32,11.58,3306.24
3307,07/25/2026 19:24:32,11.58,2565.76
3308,07/25/2026 19:39:32,11.49,2358.40
3309,07/25/2026 19:54:32,11.24,1747.84
3310,07/25/2026 20:09:32,11.24,1351.68
3311,07/25/2026 20:24:32,11.37,1018.88
3312,07/25/2026 20:39:32,11.45,682.24
3313,07/25/2026 20:54:32,11.49,345.76
3314,07/25/2026 21:09:32,11.41,180.96
3315,07/25/2026 21:24:32,11.45,62.04
3316,07/25/2026 21:39:32,11.41,16.61
3317,07/25/2026 21:54:32,11.41,2.28
3318,07/25/2026 22:09:32,11.37,0.20
3319,07/25/2026 22:24:32,11.32,0.00
3320,07/25/2026 22:39:32,11.32,0.00
3321,07/25/2026 22:54:32,11.32,0.00
3322,07/25/2026 23:09:32,11.24,0.00
3323,07/25/2026 23:24:32,11.28,0.00
3324,07/25/2026 23:39:32,11.19,0.00
3325,07/25/2026 23:54:32,11.24,0.00
3326,07/26/2026 00:09:32,11.15,0.20
3327,07/26/2026 00:24:32,11.15,0.00
3328,07/26/2026 00:39:32,11.11,0.00
3329,07/26/2026 00:54:32,11.11,0.00
3330,07/26/2026 01:09:32,11.07,0.00
3331,07/26/2026 01:24:32,11.07,0.00
3332,07/26/2026 01:39:32,11.07,0.00
3333,07/26/2026 01:54:32,11.07,0.00
3334,07/26/2026 02:09:32,11.02,0.00
3335,07/26/2026 02:24:32,11.07,0.00
3336,07/26/2026 02:39:32,11.11,0.00
3337,07/26/2026 02:54:32,11.32,0.00
3338,07/26/2026 03:09:32,11.15,0.00
3339,07/26/2026 03:24:32,11.15,0.00
3340,07/26/2026 03:39:32,11.15,0.00
3341,07/26/2026 03:54:32,11.11,0.00
3342,07/26/2026 04:09:32,11.02,0.00
3343,07/26/2026 04:24:32,10.98,0.00
3344,07/26/2026 04:39:32,11.02,0.82
3345,07/26/2026 04:54:32,11.02,5.62
3346,07/26/2026 05:09:32,10.89,39.96
3347,07/26/2026 05:24:32,10.94,151.84
3348,07/26/2026 05:39:32,10.94,404.96
3349,07/26/2026 05:54:32,10.94,816.32
3350,07/26/2026 06:09:32,10.98,1692.80
3351,07/26/2026 06:24:32,11.15,2170.88
3352,07/26/2026 06:39:32,11.15,3176.96
3353,07/26/2026 06:54:32,11.24,4175.36
3354,07/26/2026 07:09:32,11.41,5288.96
3355,07/26/2026 07:24:32,11.45,6551.04
3356,07/26/2026 07:39:32,11.58,8491.52
3357,07/26/2026 07:54:32,11.41,8750.08
3358,07/26/2026 08:09:32,11.62,8770.56
3359,07/26/2026 08:24:32,11.54,9625.60
3360,07/26/2026 08:39:32,11.58,11136.00
3361,07/26/2026 08:54:32,11.79,17960.96
3362,07/26/2026 09:09:32,11.97,19921.92
3363,07/26/2026 09:24:32,11.84,14525.44
3364,07/26/2026 09:39:32,12.01,15575.04
3365,07/26/2026 09:54:32,12.22,17413.12
3366,07/26/2026 10:09:32,12.65,30248.96
3367,07/26/2026 10:24:32,12.78,28057.60
3368,07/26/2026 10:39:32,12.87,35020.80
3369,07/26/2026 10:54:32,12.95,20111.36
3370,07/26/2026 11:09:32,13.04,35112.96
3371,07/26/2026 11:24:32,13.12,32358.40
3372,07/26/2026 11:39:32,13.38,30525.44
3373,07/26/2026 11:54:32,13.64,37335.04
3374,07/26/2026 12:09:32,13.81,25149.44
3375,07/26/2026 12:24:32,13.94,51138.56
3376,07/26/2026 12:39:32,14.07,43294.72
3377,07/26/2026 12:54:32,14.20,37836.80
3378,07/26/2026 13:09:32,14.28,34816.00
3379,07/26/2026 13:24:32,14.37,43581.44
3380,07/26/2026 13:39:32,14.50,42680.32
3381,07/26/2026 13:54:32,14.63,42823.68
3382,07/26/2026 14:09:32,14.71,37263.36
3383,07/26/2026 14:24:32,14.84,32931.84
3384,07/26/2026 14:39:32,14.97,27217.92
3385,07/26/2026 14:54:32,14.84,28876.80
3386,07/26/2026 15:09:32,14.80,34017.28
3387,07/26/2026 15:24:32,14.75,35409.92
3388,07/26/2026 15:39:32,14.75,33392.64
3389,07/26/2026 15:54:32,14.84,34488.32
3390,07/26/2026 16:09:32,14.97,42905.60
3391,07/26/2026 16:24:32,15.10,23848.96
3392,07/26/2026 16:39:32,15.10,23828.48
3393,07/26/2026 16:54:32,15.14,20259.84
3394,07/26/2026 17:09:32,15.40,16650.24
3395,07/26/2026 17:24:32,15.44,12508.16
3396,07/26/2026 17:39:32,15.06,18426.88
3397,07/26/2026 17:54:32,14.75,12933.12
3398,07/26/2026 18:09:32,14.54,14300.16
3399,07/26/2026 18:24:32,14.45,10342.40
3400,07/26/2026 18:39:32,14.24,8762.88
3401,07/26/2026 18:54:32,14.28,6410.24
3402,07/26/2026 19:09:32,14.11,1950.08
3403,07/26/2026 19:24:32,13.90,2411.52
3404,07/26/2026 19:39:32,13.98,4616.96
3405,07/26/2026 19:54:32,13.98,3612.16
3406,07/26/2026 20:09:32,13.98,1891.84
3407,07/26/2026 20:24:32,14.03,1094.40
3408,07/26/2026 20:39:32,14.07,751.68
3409,07/26/2026 20:54:32,14.03,425.76
3410,07/26/2026 21:09:32,14.07,221.60
3411,07/26/2026 21:24:32,13.94,74.98
3412,07/26/2026 21:39:32,13.81,16.40
3413,07/26/2026 21:54:32,13.77,2.28
3414,07/26/2026 22:09:32,13.77,0.20
3415,07/26/2026 22:24:32,13.81,0.00
3416,07/26/2026 22:39:32,13.85,0.00
3417,07/26/2026 22:54:32,13.85,0.00
3418,07/26/2026 23:09:32,13.81,0.00
3419,07/26/2026 23:24:32,13.73,0.00
3420,07/26/2026 23:39:32,13.73,0.00
3421,07/26/2026 23:54:32,13.81,0.00
3422,07/27/2026 00:09:32,13.81,0.00
3423,07/27/2026 00:24:32,13.85,0.00
3424,07/27/2026 00:39:32,13.64,0.00
3425,07/27/2026 00:54:32,13.51,0.00
3426,07/27/2026 01:09:32,13.38,0.00
3427,07/27/2026 01:24:32,13.25,0.00
3428,07/27/2026 01:39:32,13.38,0.00
3429,07/27/2026 01:54:32,13.43,0.00
3430,07/27/2026 02:09:32,13.47,0.00
3431,07/27/2026 02:24:32,13.43,0.00
3432,07/27/2026 02:39:32,13.43,0.00
3433,07/27/2026 02:54:32,13.43,0.00
3434,07/27/2026 03:09:32,13.38,0.00
3435,07/27/2026 03:24:32,13.38,0.00
3436,07/27/2026 03:39:32,13.38,0.00
3437,07/27/2026 03:54:32,13.17,0.00
3438,07/27/2026 04:09:32,12.78,0.20
3439,07/27/2026 04:24:32,12.05,0.00
3440,07/27/2026 04:39:32,11.54,0.62
3441,07/27/2026 04:54:32,11.62,5.39
3442,07/27/2026 05:09:32,11.62,34.10
3443,07/27/2026 05:24:32,11.58,150.92
3444,07/27/2026 05:39:32,11.49,412.48
3445,07/27/2026 05:54:32,11.41,858.56
3446,07/27/2026 06:09:32,11.11,1551.36
3447,07/27/2026 06:24:32,12.31,1960.32
3448,07/27/2026 06:39:32,12.61,2359.68
3449,07/27/2026 06:54:32,12.61,3824.64
3450,07/27/2026 07:09:32,12.57,4573.44
3451,07/27/2026 07:24:32,12.65,4839.68
3452,07/27/2026 07:39:32,12.74,7713.28
3453,07/27/2026 07:54:32,12.52,5665.28
3454,07/27/2026 08:09:32,12.14,7416.32
3455,07/27/2026 08:24:32,12.05,10823.68
3456,07/27/2026 08:39:32,12.27,7342.08
3457,07/27/2026 08:54:32,12.65,13465.60
3458,07/27/2026 09:09:32,12.74,10009.60
3459,07/27/2026 09:24:32,13.12,14049.28
3460,07/27/2026 09:39:32,13.25,16650.24
3461,07/27/2026 09:54:32,13.47,18647.04
3462,07/27/2026 10:09:32,13.04,21585.92
3463,07/27/2026 10:24:32,13.04,27699.20
3464,07/27/2026 10:39:32,13.25,24883.20
3465,07/27/2026 10:54:32,13.04,28160.00
3466,07/27/2026 11:09:32,13.51,22968.32
3467,07/27/2026 11:24:32,13.94,35993.60
3468,07/27/2026 11:39:32,13.34,21657.60
3469,07/27/2026 11:54:32,13.38,26112.00
3470,07/27/2026 12:09:32,13.00,18401.28
3471,07/27/2026 12:24:32,13.08,22702.08
3472,07/27/2026 12:39:32,13.73,48824.32
3473,07/27/2026 12:54:32,13.85,40847.36
3474,07/27/2026 13:09:32,14.45,34959.36
3475,07/27/2026 13:24:32,14.50,36136.96
3476,07/27/2026 13:39:32,14.45,44195.84
3477,07/27/2026 13:54:32,14.37,36771.84
3478,07/27/2026 14:09:32,14.58,45363.20
3479,07/27/2026 14:24:32,14.41,49868.80
3480,07/27/2026 14:39:32,14.71,55951.36
3481,07/27/2026 14:54:32,14.88,38144.00
3482,07/27/2026 15:09:32,14.63,35553.28
3483,07/27/2026 15:24:32,14.80,37191.68
3484,07/27/2026 15:39:32,15.06,42577.92
3485,07/27/2026 15:54:32,14.80,27965.44
3486,07/27/2026 16:09:32,14.97,31692.80
3487,07/27/2026 16:24:32,15.14,23255.04
3488,07/27/2026 16:39:32,14.80,28047.36
3489,07/27/2026 16:54:32,14.84,22374.40
3490,07/27/2026 17:09:32,14.37,14863.36
3491,07/27/2026 17:24:32,13.77,22282.24
3492,07/27/2026 17:39:32,13.68,15329.28
3493,07/27/2026 17:54:32,13.77,13066.24
3494,07/27/2026 18:09:32,13.90,11448.32
3495,07/27/2026 18:24:32,13.81,9930.24
3496,07/27/2026 18:39:32,13.90,6924.80
3497,07/27/2026 18:54:32,13.90,14525.44
3498,07/27/2026 19:09:32,13.81,9054.72
3499,07/27/2026 19:24:32,14.03,7022.08
3500,07/27/2026 19:39:32,14.11,4381.44
3501,07/27/2026 19:54:32,14.11,3445.76
3502,07/27/2026 20:09:32,14.07,2094.72
3503,07/27/2026 20:24:32,14.03,1157.44
3504,07/27/2026 20:39:32,13.98,818.88
3505,07/27/2026 20:54:32,13.98,490.88
3506,07/27/2026 21:09:32,13.94,184.24
3507,07/27/2026 21:24:32,13.98,52.44
3508,07/27/2026 21:39:32,13.98,12.28
3509,07/27/2026 21:54:32,14.03,1.65
3510,07/27/2026 22:09:32,14.07,0.00
3511,07/27/2026 22:24:32,14.07,0.00
3512,07/27/2026 22:39:32,14.07,0.20
3513,07/27/2026 22:54:32,14.20,0.00
3514,07/27/2026 23:09:32,14.15,0.00
3515,07/27/2026 23:24:32,14.11,0.00
3516,07/27/2026 23:39:32,14.11,0.00
3517,07/27/2026 23:54:32,14.03,0.00
3518,07/28/2026 00:09:32,13.98,0.00
3519,07/28/2026 00:24:32,13.94,0.00
3520,07/28/2026 00:39:32,13.85,0.00
3521,07/28/2026 00:54:32,13.90,0.00
3522,07/28/2026 01:09:32,13.98,0.00
3523,07/28/2026 01:24:32,14.07,0.00
3524,07/28/2026 01:39:32,14.15,0.00
3525,07/28/2026 01:54:32,14.37,0.00
3526,07/28/2026 02:09:32,14.58,0.00
3527,07/28/2026 02:24:32,14.67,0.00
3528,07/28/2026 02:39:32,14.75,0.00
3529,07/28/2026 02:54:32,15.10,0.00
3530,07/28/2026 03:09:32,15.27,0.00
3531,07/28/2026 03:24:32,14.97,0.00
3532,07/28/2026 03:39:32,14.71,0.00
3533,07/28/2026 03:54:32,14.41,0.00
3534,07/28/2026 04:09:32,14.37,0.00
3535,07/28/2026 04:24:32,14.20,0.00
3536,07/28/2026 04:39:32,14.11,0.41
3537,07/28/2026 04:54:32,14.15,6.01
3538,07/28/2026 05:09:32,14.37,44.56
3539,07/28/2026 05:24:32,14.33,195.28
3540,07/28/2026 05:39:32,14.24,527.36
3541,07/28/2026 05:54:32,14.20,1043.84
3542,07/28/2026 06:09:32,14.33,1406.08
3543,07/28/2026 06:24:32,14.45,2792.96
3544,07/28/2026 06:39:32,14.45,3966.72
3545,07/28/2026 06:54:32,14.37,4385.28
3546,07/28/2026 07:09:32,14.63,10129.92
3547,07/28/2026 07:24:32,14.50,7813.12
3548,07/28/2026 07:39:32,14.84,12723.20
3549,07/28/2026 07:54:32,15.10,14986.24
3550,07/28/2026 08:09:32,14.75,8975.36
3551,07/28/2026 08:24:32,14.97,11566.08
3552,07/28/2026 08:39:32,15.61,19128.32
3553,07/28/2026 08:54:32,15.48,15488.00
3554,07/28/2026 09:09:32,15.74,20398.08
3555,07/28/2026 09:24:32,15.53,14873.60
3556,07/28/2026 09:39:32,15.40,12272.64
3557,07/28/2026 09:54:32,15.10,12846.08
3558,07/28/2026 10:09:32,15.36,15119.36
3559,07/28/2026 10:24:32,15.61,19727.36
3560,07/28/2026 10:39:32,15.48,23306.24
3561,07/28/2026 10:54:32,15.23,19706.88
3562,07/28/2026 11:09:32,15.18,18887.68
3563,07/28/2026 11:24:32,15.36,22016.00
3564,07/28/2026 11:39:32,15.53,24340.48
3565,07/28/2026 11:54:32,16.13,33454.08
3566,07/28/2026 12:09:32,15.78,30351.36
3567,07/28/2026 12:24:32,15.53,22712.32
3568,07/28/2026 12:39:32,15.66,26880.00
3569,07/28/2026 12:54:32,16.08,24668.16
3570,07/28/2026 13:09:32,16.13,30248.96
3571,07/28/2026 13:24:32,16.69,38563.84
3572,07/28/2026 13:39:32,16.51,37376.00
3573,07/28/2026 13:54:32,16.56,41246.72
3574,07/28/2026 14:09:32,16.13,58429.44
3575,07/28/2026 14:24:32,16.17,45322.24
3576,07/28/2026 14:39:32,16.51,33884.16
3577,07/28/2026 14:54:32,16.86,55910.40
3578,07/28/2026 15:09:32,16.73,31897.60
3579,07/28/2026 15:24:32,16.43,34304.00
3580,07/28/2026 15:39:32,16.17,28252.16
3581,07/28/2026 15:54:32,15.96,21360.64
3582,07/28/2026 16:09:32,15.44,28876.80
3583,07/28/2026 16:24:32,15.10,34846.72
3584,07/28/2026 16:39:32,15.06,34887.68
3585,07/28/2026 16:54:32,14.97,32081.92
3586,07/28/2026 17:09:32,14.97,29440.00
3587,07/28/2026 17:24:32,14.11,10588.16
3588,07/28/2026 17:39:32,13.94,10334.72
3589,07/28/2026 17:54:32,13.90,7800.32
3590,07/28/2026 18:09:32,14.28,20198.40
3591,07/28/2026 18:24:32,14.03,13312.00
3592,07/28/2026 18:39:32,13.94,11632.64
3593,07/28/2026 18:54:32,13.77,10705.92
3594,07/28/2026 19:09:32,13.55,6924.80
3595,07/28/2026 19:24:32,13.47,6202.88
3596,07/28/2026 19:39:32,13.43,6023.68
3597,07/28/2026 19:54:32,13.34,4106.24
3598,07/28/2026 20:09:32,13.12,2555.52
3599,07/28/2026 20:24:32,13.04,1815.04
3600,07/28/2026 20:39:32,13.00,1067.84
3601,07/28/2026 20:54:32,12.95,650.88
3602,07/28/2026 21:09:32,12.74,291.68
3603,07/28/2026 21:24:32,12.65,84.88
3604,07/28/2026 21:39:32,13.60,16.17
3605,07/28/2026 21:54:32,14.07,2.07
3606,07/28/2026 22:09:32,14.24,0.20
3607,07/28/2026 22:24:32,13.68,0.00
3608,07/28/2026 22:39:32,13.12,0.00
3609,07/28/2026 22:54:32,13.04,0.00
3610,07/28/2026 23:09:32,13.25,0.00
3611,07/28/2026 23:24:32,13.08,0.00
3612,07/28/2026 23:39:32,13.12,0.00
3613,07/28/2026 23:54:32,12.95,0.00
3614,07/29/2026 00:09:32,12.91,0.00
3615,07/29/2026 00:24:32,12.91,0.00
3616,07/29/2026 00:39:32,13.00,0.00
3617,07/29/2026 00:54:32,13.17,0.00
3618,07/29/2026 01:09:32,13.04,0.00
3619,07/29/2026 01:24:32,12.91,0.00
3620,07/29/2026 01:39:32,12.82,0.00
3621,07/29/2026 01:54:32,12.74,0.00
3622,07/29/2026 02:09:32,12.74,0.00
3623,07/29/2026 02:24:32,12.65,0.20
3624,07/29/2026 02:39:32,12.61,0.00
3625,07/29/2026 02:54:32,12.57,0.00
3626,07/29/2026 03:09:32,12.44,0.00
3627,07/29/2026 03:24:32,12.35,0.00
3628,07/29/2026 03:39:32,11.79,0.00
3629,07/29/2026 03:54:32,11.15,0.00
3630,07/29/2026 04:09:32,9.52,0.00
3631,07/29/2026 04:24:32,8.58,0.00
3632,07/29/2026 04:39:32,7.55,1.65
3633,07/29/2026 04:54:32,7.59,11.84
3634,07/29/2026 05:09:32,7.63,74.42
3635,07/29/2026 05:24:32,7.42,340.32
3636,07/29/2026 05:39:32,8.02,1126.72
3637,07/29/2026 05:54:32,9.48,2663.68
3638,07/29/2026 06:09:32,11.07,5184.00
3639,07/29/2026 06:24:32,11.37,7746.56
3640,07/29/2026 06:39:32,13.21,11110.40
3641,07/29/2026 06:54:32,15.10,13690.88
3642,07/29/2026 07:09:32,17.50,18104.32
3643,07/29/2026 07:24:32,18.14,19932.16
3644,07/29/2026 07:39:32,15.48,10155.52
3645,07/29/2026 07:54:32,13.98,23797.76
3646,07/29/2026 08:09:32,17.84,14136.32
3647,07/29/2026 08:24:32,13.64,24524.80
3648,07/29/2026 08:39:32,13.38,26695.68
3649,07/29/2026 08:54:32,12.91,15360.00
3650,07/29/2026 09:09:32,12.82,13219.84
3651,07/29/2026 09:24:32,13.47,26572.80
3652,07/29/2026 09:39:32,12.95,13936.64
3653,07/29/2026 09:54:32,13.34,36300.80
3654,07/29/2026 10:09:32,13.64,33792.00
3655,07/29/2026 10:24:32,13.81,28026.88
3656,07/29/2026 10:39:32,13.77,27791.36
3657,07/29/2026 10:54:32,13.81,25210.88
3658,07/29/2026 11:09:32,13.98,31641.60
3659,07/29/2026 11:24:32,14.07,28999.68
3660,07/29/2026 11:39:32,14.20,31600.64
3661,07/29/2026 11:54:32,14.41,18933.76
3662,07/29/2026 12:09:32,14.54,33474.56
3663,07/29/2026 12:24:32,14.63,31068.16
3664,07/29/2026 12:39:32,14.63,33341.44
3665,07/29/2026 12:54:32,14.67,34365.44
3666,07/29/2026 13:09:32,14.93,40468.48
3667,07/29/2026 13:24:32,15.23,44687.36
3668,07/29/2026 13:39:32,15.27,45547.52
3669,07/29/2026 13:54:32,15.40,25374.72
3670,07/29/2026 14:09:32,15.53,44195.84
3671,07/29/2026 14:24:32,15.74,54149.12
3672,07/29/2026 14:39:32,15.91,42864.64
3673,07/29/2026 14:54:32,16.08,43827.20
3674,07/29/2026 15:09:32,16.08,47616.00
3675,07/29/2026 15:24:32,16.21,40222.72
3676,07/29/2026 15:39:32,16.17,30597.12
3677,07/29/2026 15:54:32,16.34,42455.04
3678,07/29/2026 16:09:32,16.77,36300.80
3679,07/29/2026 16:24:32,16.86,36546.56
3680,07/29/2026 16:39:32,16.77,27432.96
3681,07/29/2026 16:54:32,16.99,37160.96
3682,07/29/2026 17:09:32,16.77,18959.36
3683,07/29/2026 17:24:32,16.39,22026.24
3684,07/29/2026 17:39:32,16.26,35399.68
3685,07/29/2026 17:54:32,16.39,16455.68
3686,07/29/2026 18:09:32,16.34,15825.92
3687,07/29/2026 18:24:32,16.13,13306.88
3688,07/29/2026 18:39:32,16.08,9392.64
3689,07/29/2026 18:54:32,15.91,8092.16
3690,07/29/2026 19:09:32,15.87,8842.24
3691,07/29/2026 19:24:32,15.91,6389.76
3692,07/29/2026 19:39:32,15.83,7639.04
3693,07/29/2026 19:54:32,15.74,3710.72
3694,07/29/2026 20:09:32,15.61,2693.12
3695,07/29/2026 20:24:32,15.48,1809.28
3696,07/29/2026 20:39:32,15.36,1168.32
3697,07/29/2026 20:54:32,15.10,594.88
3698,07/29/2026 21:09:32,14.93,260.16
3699,07/29/2026 21:24:32,14.71,68.76
3700,07/29/2026 21:39:32,14.63,11.24
3701,07/29/2026 21:54:32,14.67,1.24
3702,07/29/2026 22:09:32,14.67,0.00
3703,07/29/2026 22:24:32,14.75,0.00
3704,07/29/2026 22:39:32,14.67,0.00
3705,07/29/2026 22:54:32,14.75,0.00
3706,07/29/2026 23:09:32,14.58,0.00
3707,07/29/2026 23:24:32,14.24,0.00
3708,07/29/2026 23:39:32,14.11,0.00
3709,07/29/2026 23:54:32,14.15,0.00
3710,07/30/2026 00:09:32,14.11,0.00
3711,07/30/2026 00:24:32,14.11,0.00
3712,07/30/2026 00:39:32,13.98,0.00
3713,07/30/2026 00:54:32,14.03,0.00
3714,07/30/2026 01:09:32,13.90,0.00
3715,07/30/2026 01:24:32,13.85,0.00
3716,07/30/2026 01:39:32,13.85,0.00
3717,07/30/2026 01:54:32,13.81,0.00
3718,07/30/2026 02:09:32,13.77,0.00
3719,07/30/2026 02:24:32,13.81,0.00
3720,07/30/2026 02:39:32,13.77,0.00
3721,07/30/2026 02:54:32,13.73,0.00
3722,07/30/2026 03:09:32,13.68,0.00
3723,07/30/2026 03:24:32,13.64,0.00
3724,07/30/2026 03:39:32,13.68,0.00
3725,07/30/2026 03:54:32,13.38,0.00
3726,07/30/2026 04:09:32,13.21,0.00
3727,07/30/2026 04:24:32,12.22,0.00
3728,07/30/2026 04:39:32,11.84,0.82
3729,07/30/2026 04:54:32,11.45,5.41
3730,07/30/2026 05:09:32,10.81,41.66
3731,07/30/2026 05:24:32,11.71,213.92
3732,07/30/2026 05:39:32,11.28,659.84
3733,07/30/2026 05:54:32,13.00,2053.12
3734,07/30/2026 06:09:32,15.01,3654.40
3735,07/30/2026 06:24:32,15.91,5383.68
3736,07/30/2026 06:39:32,16.73,7016.96
3737,07/30/2026 06:54:32,19.39,8616.96
3738,07/30/2026 07:09:32,19.09,9976.32
3739,07/30/2026 07:24:32,20.16,11315.20
3740,07/30/2026 07:39:32,20.16,13271.04
3741,07/30/2026 07:54:32,20.63,14832.64
3742,07/30/2026 08:09:32,20.85,16481.28
3743,07/30/2026 08:24:32,20.76,18529.28
3744,07/30/2026 08:39:32,21.19,20797.44
3745,07/30/2026 08:54:32,21.75,23398.40
3746,07/30/2026 09:09:32,21.23,24862.72
3747,07/30/2026 09:24:32,17.03,35307.52
3748,07/30/2026 09:39:32,15.83,28866.56
3749,07/30/2026 09:54:32,15.66,26726.40
3750,07/30/2026 10:09:32,15.40,28375.04
3751,07/30/2026 10:24:32,15.31,21012.48
3752,07/30/2026 10:39:32,15.53,13240.32
3753,07/30/2026 10:54:32,15.61,31272.96
3754,07/30/2026 11:09:32,15.74,18380.80
3755,07/30/2026 11:24:32,15.96,13921.28
3756,07/30/2026 11:39:32,15.96,22773.76
3757,07/30/2026 11:54:32,16.17,39372.80
3758,07/30/2026 12:09:32,16.34,32491.52
3759,07/30/2026 12:24:32,16.26,51527.68
3760,07/30/2026 12:39:32,16.56,28231.68
3761,07/30/2026 12:54:32,16.81,19128.32
3762,07/30/2026 13:09:32,17.07,15738.88
3763,07/30/2026 13:24:32,17.03,36669.44
3764,07/30/2026 13:39:32,17.33,23797.76
3765,07/30/2026 13:54:32,17.29,16936.96
3766,07/30/2026 14:09:32,17.63,26009.60
3767,07/30/2026 14:24:32,17.84,15979.52
3768,07/30/2026 14:39:32,18.36,25006.08
3769,07/30/2026 14:54:32,18.49,26480.64
3770,07/30/2026 15:09:32,18.40,40960.00
3771,07/30/2026 15:24:32,20.07,32378.88
3772,07/30/2026 15:39:32,20.20,41277.44
3773,07/30/2026 15:54:32,19.90,34232.32
3774,07/30/2026 16:09:32,20.68,49254.40
3775,07/30/2026 16:24:32,22.13,60416.00
3776,07/30/2026 16:39:32,19.56,52060.16
3777,07/30/2026 16:54:32,23.29,58982.40
3778,07/30/2026 17:09:32,22.31,56135.68
3779,07/30/2026 17:24:32,21.02,25579.52
3780,07/30/2026 17:39:32,20.42,58060.80
3781,07/30/2026 17:54:32,20.59,61685.76
3782,07/30/2026 18:09:32,18.44,14356.48
3783,07/30/2026 18:24:32,20.42,39761.92
3784,07/30/2026 18:39:32,19.13,19799.04
3785,07/30/2026 18:54:32,19.17,23449.60
3786,07/30/2026 19:09:32,18.40,16926.72
3787,07/30/2026 19:24:32,18.87,19486.72
3788,07/30/2026 19:39:32,17.41,4627.20
3789,07/30/2026 19:54:32,17.50,6315.52
3790,07/30/2026 20:09:32,17.07,3466.24
3791,07/30/2026 20:24:32,16.94,2336.64
3792,07/30/2026 20:39:32,16.81,1234.56
3793,07/30/2026 20:54:32,16.69,529.44
3794,07/30/2026 21:09:32,16.60,261.84
3795,07/30/2026 21:24:32,16.60,62.44
3796,07/30/2026 21:39:32,16.64,12.23
3797,07/30/2026 21:54:32,16.56,1.45
3798,07/30/2026 22:09:32,16.60,0.00
3799,07/30/2026 22:24:32,16.56,0.00
3800,07/30/2026 22:39:32,16.51,0.00
3801,07/30/2026 22:54:32,16.39,0.00
3802,07/30/2026 23:09:32,16.17,0.00
3803,07/30/2026 23:24:32,16.34,0.00
3804,07/30/2026 23:39:32,16.39,0.00
3805,07/30/2026 23:54:32,16.39,0.00
3806,07/31/2026 00:09:32,16.43,0.00
3807,07/31/2026 00:24:32,16.39,0.00
3808,07/31/2026 00:39:32,16.39,0.00
3809,07/31/2026 00:54:32,16.39,0.00
3810,07/31/2026 01:09:32,16.26,0.00
3811,07/31/2026 01:24:32,16.21,0.00
3812,07/31/2026 01:39:32,16.13,0.00
3813,07/31/2026 01:54:32,16.04,0.00
3814,07/31/2026 02:09:32,15.96,0.00
3815,07/31/2026 02:24:32,15.91,0.00
3816,07/31/2026 02:39:32,15.91,0.00
3817,07/31/2026 02:54:32,15.91,0.00
3818,07/31/2026 03:09:32,15.78,0.00
3819,07/31/2026 03:24:32,15.61,0.00
3820,07/31/2026 03:39:32,15.70,0.00
3821,07/31/2026 03:54:32,15.83,0.00
3822,07/31/2026 04:09:32,15.78,0.00
3823,07/31/2026 04:24:32,15.66,0.00
3824,07/31/2026 04:39:32,15.74,0.00
3825,07/31/2026 04:54:32,15.70,1.45
3826,07/31/2026 05:09:32,15.61,16.45
3827,07/31/2026 05:24:32,15.53,87.56
3828,07/31/2026 05:39:32,15.44,120.76
3829,07/31/2026 05:54:32,15.40,101.56
3830,07/31/2026 06:09:32,15.40,275.04
3831,07/31/2026 06:24:32,15.36,567.52
3832,07/31/2026 06:39:32,15.40,920.32
3833,07/31/2026 06:54:32,15.36,921.28
3834,07/31/2026 07:09:32,15.36,1633.28
3835,07/31/2026 07:24:32,15.36,2207.36
3836,07/31/2026 07:39:32,15.61,9625.60
3837,07/31/2026 07:54:32,16.00,12170.24
3838,07/31/2026 08:09:32,15.78,5905.92
3839,07/31/2026 08:24:32,15.66,6543.36
3840,07/31/2026 08:39:32,15.83,9392.64
3841,07/31/2026 08:54:32,15.87,7516.16
3842,07/31/2026 09:09:32,16.26,15974.40
3843,07/31/2026 09:24:32,16.43,15728.64
3844,07/31/2026 09:39:32,16.39,18442.24
3845,07/31/2026 09:54:32,16.77,19973.12
3846,07/31/2026 10:09:32,16.99,11893.76
3847,07/31/2026 10:24:32,17.20,18780.16
3848,07/31/2026 10:39:32,17.16,15959.04
3849,07/31/2026 10:54:32,16.99,17300.48
3850,07/31/2026 11:09:32,16.26,24371.20
3851,07/31/2026 11:24:32,16.34,19164.16
3852,07/31/2026 11:39:32,16.69,20776.96
3853,07/31/2026 11:54:32,16.39,24166.40
3854,07/31/2026 12:09:32,16.21,18923.52
3855,07/31/2026 12:24:32,15.14,17909.76
3856,07/31/2026 12:39:32,14.84,18472.96
3857,07/31/2026 12:54:32,14.07,15641.60
3858,07/31/2026 13:09:32,12.82,19082.24
3859,07/31/2026 13:24:32,15.14,15119.36
3860,07/31/2026 13:39:32,15.53,18810.88
3861,07/31/2026 13:54:32,15.61,20111.36
3862,07/31/2026 14:09:32,15.53,18396.16
3863,07/31/2026 14:24:32,15.57,13762.56
3864,07/31/2026 14:39:32,15.44,16675.84
3865,07/31/2026 14:54:32,15.57,13916.16
3866,07/31/2026 15:09:32,15.40,9400.32
3867,07/31/2026 15:24:32,15.14,7488.00
3868,07/31/2026 15:39:32,15.31,9597.44
3869,07/31/2026 15:54:32,15.36,9280.00
3870,07/31/2026 16:09:32,15.61,8808.96
3871,07/31/2026 16:24:32,15.61,7700.48
3872,07/31/2026 16:39:32,15.53,5885.44
3873,07/31/2026 16:54:32,15.44,7336.96
3874,07/31/2026 17:09:32,15.23,4829.44
3875,07/31/2026 17:24:32,15.06,4504.32
3876,07/31/2026 17:39:32,14.93,3447.04
3877,07/31/2026 17:54:32,14.71,3804.16
3878,07/31/2026 18:09:32,14.75,3238.40
3879,07/31/2026 18:24:32,14.54,2739.20
3880,07/31/2026 18:39:32,14.37,2504.32
3881,07/31/2026 18:54:32,14.50,2535.68
3882,07/31/2026 19:09:32,14.50,2030.08
3883,07/31/2026 19:24:32,14.41,1399.68
3884,07/31/2026 19:39:32,14.28,1107.84
3885,07/31/2026 19:54:32,14.24,951.04
3886,07/31/2026 20:09:32,14.28,459.36
3887,07/31/2026 20:24:32,14.20,303.28
3888,07/31/2026 20:39:32,14.07,184.24
3889,07/31/2026 20:54:32,13.94,119.92
3890,07/31/2026 21:09:32,13.73,50.32
3891,07/31/2026 21:24:32,13.73,17.44
3892,07/31/2026 21:39:32,13.81,1.45
3893,07/31/2026 21:54:32,13.68,0.00
3894,07/31/2026 22:09:32,13.64,0.00
3895,07/31/2026 22:24:32,13.68,0.00
3896,07/31/2026 22:39:32,13.55,0.00
3897,07/31/2026 22:54:32,13.47,0.00
3898,07/31/2026 23:09:32,13.47,0.00
3899,07/31/2026 23:24:32,13.30,0.00
3900,07/31/2026 23:39:32,13.21,0.00
3901,07/31/2026 23:54:32,13.17,0.00
3902,08/01/2026 00:09:32,13.12,0.00
3903,08/01/2026 00:24:32,13.04,0.00
3904,08/01/2026 00:39:32,13.04,0.00
3905,08/01/2026 00:54:32,13.17,0.00
3906,08/01/2026 01:09:32,13.30,0.00
3907,08/01/2026 01:24:32,13.38,0.00
3908,08/01/2026 01:39:32,13.38,0.00
3909,08/01/2026 01:54:32,13.34,0.00
3910,08/01/2026 02:09:32,13.34,0.00
3911,08/01/2026 02:24:32,13.34,0.00
3912,08/01/2026 02:39:32,13.34,0.00
3913,08/01/2026 02:54:32,13.30,0.00
3914,08/01/2026 03:09:32,13.34,0.00
3915,08/01/2026 03:24:32,13.25,0.00
3916,08/01/2026 03:39:32,13.21,0.00
3917,08/01/2026 03:54:32,13.21,0.00
3918,08/01/2026 04:09:32,13.21,0.20
3919,08/01/2026 04:24:32,13.12,0.00
3920,08/01/2026 04:39:32,13.04,0.00
3921,08/01/2026 04:54:32,13.00,0.41
3922,08/01/2026 05:09:32,13.00,4.76
3923,08/01/2026 05:24:32,12.95,32.03
3924,08/01/2026 05:39:32,12.95,97.52
3925,08/01/2026 05:54:32,12.87,257.84
3926,08/01/2026 06:09:32,12.82,314.08
3927,08/01/2026 06:24:32,12.82,1496.32
3928,08/01/2026 06:39:32,12.82,2560.64
3929,08/01/2026 06:54:32,12.05,4650.24
3930,08/01/2026 07:09:32,11.75,6103.04
3931,08/01/2026 07:24:32,11.15,6855.68
3932,08/01/2026 07:39:32,11.19,7633.92
3933,08/01/2026 07:54:32,11.32,9413.12
3934,08/01/2026 08:09:32,11.97,13875.20
3935,08/01/2026 08:24:32,12.40,13562.88
3936,08/01/2026 08:39:32,13.94,19066.88
3937,08/01/2026 08:54:32,14.58,19880.96
3938,08/01/2026 09:09:32,15.44,23224.32
3939,08/01/2026 09:24:32,18.87,23050.24
3940,08/01/2026 09:39:32,16.21,32942.08
3941,08/01/2026 09:54:32,14.03,4725.76
3942,08/01/2026 10:09:32,14.15,6563.84
3943,08/01/2026 10:24:32,14.45,7623.68
3944,08/01/2026 10:39:32,14.58,11555.84
3945,08/01/2026 10:54:32,14.58,8005.12
3946,08/01/2026 11:09:32,14.67,14356.48
3947,08/01/2026 11:24:32,14.75,10490.88
3948,08/01/2026 11:39:32,14.75,10705.92
3949,08/01/2026 11:54:32,14.50,17377.28
3950,08/01/2026 12:09:32,14.67,24453.12
3951,08/01/2026 12:24:32,14.50,11576.32
3952,08/01/2026 12:39:32,14.15,9121.28
3953,08/01/2026 12:54:32,14.28,5747.20
3954,08/01/2026 13:09:32,14.41,6215.68
3955,08/01/2026 13:24:32,14.37,4181.76
3956,08/01/2026 13:39:32,14.50,6860.80
3957,08/01/2026 13:54:32,14.50,12538.88
3958,08/01/2026 14:09:32,14.58,17704.96
3959,08/01/2026 14:24:32,14.75,20608.00
3960,08/01/2026 14:39:32,15.36,23603.20
3961,08/01/2026 14:54:32,15.14,17116.16
3962,08/01/2026 15:09:32,15.18,25395.20
3963,08/01/2026 15:24:32,15.61,12047.36
3964,08/01/2026 15:39:32,15.70,16291.84
3965,08/01/2026 15:54:32,15.78,9359.36
3966,08/01/2026 16:09:32,15.87,10757.12
3967,08/01/2026 16:24:32,15.78,9425.92
3968,08/01/2026 16:39:32,15.66,6146.56
3969,08/01/2026 16:54:32,15.48,6832.64
3970,08/01/2026 17:09:32,15.40,9067.52
3971,08/01/2026 17:24:32,15.23,5442.56
3972,08/01/2026 17:39:32,15.18,3687.68
3973,08/01/2026 17:54:32,15.14,3572.48
3974,08/01/2026 18:09:32,15.01,5230.08
3975,08/01/2026 18:24:32,15.01,3203.84
3976,08/01/2026 18:39:32,14.80,2508.80
3977,08/01/2026 18:54:32,14.67,2351.36
3978,08/01/2026 19:09:32,14.50,1900.16
3979,08/01/2026 19:24:32,14.50,1305.28
3980,08/01/2026 19:39:32,14.71,1080.32
3981,08/01/2026 19:54:32,14.54,939.52
3982,08/01/2026 20:09:32,14.41,777.60
3983,08/01/2026 20:24:32,14.45,608.64
3984,08/01/2026 20:39:32,14.37,437.44
3985,08/01/2026 20:54:32,14.20,224.32
3986,08/01/2026 21:09:32,13.98,84.16
3987,08/01/2026 21:24:32,13.90,19.33
3988,08/01/2026 21:39:32,13.81,2.69
3989,08/01/2026 21:54:32,13.81,0.20
3990,08/01/2026 22:09:32,13.77,0.00
3991,08/01/2026 22:24:32,13.77,0.00
3992,08/01/2026 22:39:32,13.68,0.20
3993,08/01/2026 22:54:32,13.68,0.00
3994,08/01/2026 23:09:32,13.68,0.00
3995,08/01/2026 23:24:32,13.85,0.00
3996,08/01/2026 23:39:32,13.85,0.00
3997,08/01/2026 23:54:32,13.94,0.00
3998,08/02/2026 00:09:32,13.98,0.00
3999,08/02/2026 00:24:32,13.98,0.00
4000,08/02/2026 00:39:32,13.94,0.00
4001,08/02/2026 00:54:32,13.94,0.00
4002,08/02/2026 01:09:32,13.94,0.00
4003,08/02/2026 01:24:32,13.90,0.00
4004,08/02/2026 01:39:32,13.85,0.00
4005,08/02/2026 01:54:32,13.81,0.00
4006,08/02/2026 02:09:32,13.64,0.00
4007,08/02/2026 02:24:32,13.68,0.00
4008,08/02/2026 02:39:32,13.77,0.00
4009,08/02/2026 02:54:32,13.77,0.00
4010,08/02/2026 03:09:32,13.68,0.00
4011,08/02/2026 03:24:32,13.68,0.00
4012,08/02/2026 03:39:32,13.34,0.00
4013,08/02/2026 03:54:32,13.38,0.00
4014,08/02/2026 04:09:32,13.38,0.00
4015,08/02/2026 04:24:32,13.34,0.00
4016,08/02/2026 04:39:32,13.25,0.00
4017,08/02/2026 04:54:32,13.12,0.20
4018,08/02/2026 05:09:32,13.17,3.52
4019,08/02/2026 05:24:32,13.12,23.09
4020,08/02/2026 05:39:32,13.08,98.36
4021,08/02/2026 05:54:32,13.08,251.04
4022,08/02/2026 06:09:32,13.04,452.64
4023,08/02/2026 06:24:32,13.25,848.64
4024,08/02/2026 06:39:32,13.25,904.64
4025,08/02/2026 06:54:32,13.21,2044.80
4026,08/02/2026 07:09:32,13.25,5867.52
4027,08/02/2026 07:24:32,14.03,13173.76
4028,08/02/2026 07:39:32,15.70,16972.80
4029,08/02/2026 07:54:32,16.69,19184.64
4030,08/02/2026 08:09:32,17.84,22282.24
4031,08/02/2026 08:24:32,19.35,25241.60
4032,08/02/2026 08:39:32,20.63,28487.68
4033,08/02/2026 08:54:32,22.35,31918.08
4034,08/02/2026 09:09:32,22.86,34334.72
4035,08/02/2026 09:24:32,21.32,35235.84
4036,08/02/2026 09:39:32,20.80,36751.36
4037,08/02/2026 09:54:32,20.63,38686.72
4038,08/02/2026 10:09:32,21.19,40581.12
4039,08/02/2026 10:24:32,17.89,46571.52
4040,08/02/2026 10:39:32,14.50,2795.52
4041,08/02/2026 10:54:32,13.98,4829.44
4042,08/02/2026 11:09:32,13.77,4035.84
4043,08/02/2026 11:24:32,13.94,3604.48
4044,08/02/2026 11:39:32,13.90,3412.48
4045,08/02/2026 11:54:32,13.55,2677.76
4046,08/02/2026 12:09:32,13.38,3671.04
4047,08/02/2026 12:24:32,13.47,3456.00
4048,08/02/2026 12:39:32,13.60,4000.00
4049,08/02/2026 12:54:32,13.68,3541.76
4050,08/02/2026 13:09:32,13.81,4208.64
4051,08/02/2026 13:24:32,14.03,3087.36
4052,08/02/2026 13:39:32,14.37,3810.56
4053,08/02/2026 13:54:32,14.71,4043.52
4054,08/02/2026 14:09:32,14.45,3370.24
4055,08/02/2026 14:24:32,14.54,3783.68
4056,08/02/2026 14:39:32,14.80,3883.52
4057,08/02/2026 14:54:32,14.75,3393.28
4058,08/02/2026 15:09:32,14.93,2862.08
4059,08/02/2026 15:24:32,15.06,3321.60
4060,08/02/2026 15:39:32,15.27,2804.48
4061,08/02/2026 15:54:32,15.44,3618.56
4062,08/02/2026 16:09:32,15.48,3760.64
4063,08/02/2026 16:24:32,15.40,4325.12
4064,08/02/2026 16:39:32,15.70,4590.08
4065,08/02/2026 16:54:32,15.74,3429.12
4066,08/02/2026 17:09:32,15.83,4218.88
4067,08/02/2026 17:24:32,16.04,6771.20
4068,08/02/2026 17:39:32,16.21,2824.96
4069,08/02/2026 17:54:32,15.96,3159.04
4070,08/02/2026 18:09:32,15.83,9080.32
4071,08/02/2026 18:24:32,15.74,3637.76
4072,08/02/2026 18:39:32,15.87,6082.56
4073,08/02/2026 18:54:32,15.44,5882.88
4074,08/02/2026 19:09:32,15.74,9287.68
4075,08/02/2026 19:24:32,15.87,9088.00
4076,08/02/2026 19:39:32,15.83,6589.44
4077,08/02/2026 19:54:32,15.57,4408.32
4078,08/02/2026 20:09:32,14.88,1553.92
4079,08/02/2026 20:24:32,15.01,1950.08
4080,08/02/2026 20:39:32,14.75,1285.12
4081,08/02/2026 20:54:32,14.50,334.08
4082,08/02/2026 21:09:32,14.24,141.08
4083,08/02/2026 21:24:32,13.08,31.66
4084,08/02/2026 21:39:32,11.88,4.37
4085,08/02/2026 21:54:32,12.70,0.41
4086,08/02/2026 22:09:32,13.81,0.00
4087,08/02/2026 22:24:32,13.68,0.00
4088,08/02/2026 22:39:32,13.55,0.00
4089,08/02/2026 22:54:32,13.38,0.00
4090,08/02/2026 23:09:32,13.34,0.00
4091,08/02/2026 23:24:32,13.30,0.00
4092,08/02/2026 23:39:32,13.30,0.00
4093,08/02/2026 23:54:32,13.25,0.00
4094,08/03/2026 00:09:32,13.21,0.00
4095,08/03/2026 00:24:32,13.51,0.00
4096,08/03/2026 00:39:32,13.81,0.00
4097,08/03/2026 00:54:32,13.94,0.00
4098,08/03/2026 01:09:32,14.03,0.00
4099,08/03/2026 01:24:32,14.03,0.00
4100,08/03/2026 01:39:32,14.07,0.00
4101,08/03/2026 01:54:32,14.03,0.00
4102,08/03/2026 02:09:32,14.03,0.00
4103,08/03/2026 02:24:32,14.03,0.20
4104,08/03/2026 02:39:32,13.98,0.00
4105,08/03/2026 02:54:32,13.98,0.00
4106,08/03/2026 03:09:32,13.94,0.00
4107,08/03/2026 03:24:32,13.94,0.00
4108,08/03/2026 03:39:32,13.85,0.00
4109,08/03/2026 03:54:32,13.85,0.00
4110,08/03/2026 04:09:32,13.85,0.00
4111,08/03/2026 04:24:32,13.64,0.00
4112,08/03/2026 04:39:32,13.43,0.00
4113,08/03/2026 04:54:32,13.47,0.82
4114,08/03/2026 05:09:32,12.18,8.34
4115,08/03/2026 05:24:32,9.39,79.30
4116,08/03/2026 05:39:32,7.68,298.88
4117,08/03/2026 05:54:32,8.11,945.28
4118,08/03/2026 06:09:32,10.68,1859.20
4119,08/03/2026 06:24:32,11.19,2782.72
4120,08/03/2026 06:39:32,12.70,3883.52
4121,08/03/2026 06:54:32,14.88,5227.52
4122,08/03/2026 07:09:32,16.73,6533.12
4123,08/03/2026 07:24:32,17.37,8025.60
4124,08/03/2026 07:39:32,18.74,9392.64
4125,08/03/2026 07:54:32,19.30,10680.32
4126,08/03/2026 08:09:32,21.02,11960.32
4127,08/03/2026 08:24:32,23.25,13312.00
4128,08/03/2026 08:39:32,20.59,15150.08
4129,08/03/2026 08:54:32,18.62,17039.36
4130,08/03/2026 09:09:32,18.83,19568.64
4131,08/03/2026 09:24:32,18.32,20720.64
4132,08/03/2026 09:39:32,17.97,20684.80
4133,08/03/2026 09:54:32,18.62,21186.56
4134,08/03/2026 10:09:32,18.83,22056.96
4135,08/03/2026 10:24:32,20.80,23029.76
4136,08/03/2026 10:39:32,20.59,23756.80
4137,08/03/2026 10:54:32,21.19,24299.52
4138,08/03/2026 11:09:32,21.88,24432.64
4139,08/03/2026 11:24:32,21.23,25200.64
4140,08/03/2026 11:39:32,20.12,29859.84
4141,08/03/2026 11:54:32,18.57,37867.52
4142,08/03/2026 12:09:32,17.59,38461.44
4143,08/03/2026 12:24:32,16.17,23367.68
4144,08/03/2026 12:39:32,16.00,32942.08
4145,08/03/2026 12:54:32,15.87,22016.00
4146,08/03/2026 13:09:32,15.96,27637.76
4147,08/03/2026 13:24:32,16.00,22845.44
4148,08/03/2026 13:39:32,16.04,24883.20
4149,08/03/2026 13:54:32,16.17,33351.68
4150,08/03/2026 14:09:32,16.34,18600.96
4151,08/03/2026 14:24:32,16.26,20264.96
4152,08/03/2026 14:39:32,16.30,20480.00
4153,08/03/2026 14:54:32,16.43,22231.04
4154,08/03/2026 15:09:32,16.43,18785.28
4155,08/03/2026 15:24:32,16.60,17894.40
4156,08/03/2026 15:39:32,16.60,14202.88
4157,08/03/2026 15:54:32,16.51,14315.52
4158,08/03/2026 16:09:32,16.51,28446.72
4159,08/03/2026 16:24:32,16.86,29276.16
4160,08/03/2026 16:39:32,17.20,10088.96
4161,08/03/2026 16:54:32,17.46,25282.56
4162,08/03/2026 17:09:32,17.50,19573.76
4163,08/03/2026 17:24:32,17.67,17280.00
4164,08/03/2026 17:39:32,18.14,11781.12
4165,08/03/2026 17:54:32,19.60,24586.24
4166,08/03/2026 18:09:32,18.92,6707.20
4167,08/03/2026 18:24:32,18.74,6172.16
4168,08/03/2026 18:39:32,19.00,5608.96
4169,08/03/2026 18:54:32,18.23,4958.72
4170,08/03/2026 19:09:32,18.62,4285.44
4171,08/03/2026 19:24:32,18.36,3883.52
4172,08/03/2026 19:39:32,18.23,3183.36
4173,08/03/2026 19:54:32,16.04,2773.76
4174,08/03/2026 20:09:32,14.75,1870.72
4175,08/03/2026 20:24:32,13.55,1061.44
4176,08/03/2026 20:39:32,12.65,699.84
4177,08/03/2026 20:54:32,10.81,259.36
4178,08/03/2026 21:09:32,10.08,81.68
4179,08/03/2026 21:24:32,9.56,18.27
4180,08/03/2026 21:39:32,9.61,2.28
4181,08/03/2026 21:54:32,9.44,0.00
4182,08/03/2026 22:09:32,8.83,0.00
4183,08/03/2026 22:24:32,9.44,0.00
4184,08/03/2026 22:39:32,9.18,0.00
4185,08/03/2026 22:54:32,9.61,0.00
4186,08/03/2026 23:09:32,9.95,0.00
4187,08/03/2026 23:24:32,10.21,0.00
4188,08/03/2026 23:39:32,13.81,0.00
4189,08/03/2026 23:54:32,17.29,0.00
4190,08/04/2026 00:09:32,17.24,0.00
4191,08/04/2026 00:24:32,17.16,0.00
4192,08/04/2026 00:39:32,17.16,0.00
4193,08/04/2026 00:54:32,17.07,0.00
4194,08/04/2026 01:09:32,16.94,0.00
4195,08/04/2026 01:24:32,16.90,0.00
4196,08/04/2026 01:39:32,16.86,0.00
4197,08/04/2026 01:54:32,16.81,0.00
4198,08/04/2026 02:09:32,16.73,0.00
4199,08/04/2026 02:24:32,16.64,0.00
4200,08/04/2026 02:39:32,16.51,0.00
4201,08/04/2026 02:54:32,16.34,0.00
4202,08/04/2026 03:09:32,16.26,0.00
4203,08/04/2026 03:24:32,16.17,0.00
4204,08/04/2026 03:39:32,16.08,0.00
4205,08/04/2026 03:54:32,16.04,0.00
4206,08/04/2026 04:09:32,15.87,0.00
4207,08/04/2026 04:24:32,15.83,0.00
4208,08/04/2026 04:39:32,15.78,0.00
4209,08/04/2026 04:54:32,15.66,0.00
4210,08/04/2026 05:09:32,15.57,2.07
4211,08/04/2026 05:24:32,15.53,46.22
4212,08/04/2026 05:39:32,15.44,260.32
4213,08/04/2026 05:54:32,15.40,574.56
4214,08/04/2026 06:09:32,15.10,1120.96
4215,08/04/2026 06:24:32,13.43,1165.76
4216,08/04/2026 06:39:32,13.64,4129.28
4217,08/04/2026 06:54:32,14.37,3927.04
4218,08/04/2026 07:09:32,14.93,3214.08
4219,08/04/2026 07:24:32,14.71,2248.96
4220,08/04/2026 07:39:32,15.23,4060.16
4221,08/04/2026 07:54:32,16.30,7920.64
4222,08/04/2026 08:09:32,16.17,7024.64
4223,08/04/2026 08:24:32,16.43,11479.04
4224,08/04/2026 08:39:32,16.90,10368.00
4225,08/04/2026 08:54:32,17.46,15308.80
4226,08/04/2026 09:09:32,17.76,18268.16
4227,08/04/2026 09:24:32,19.56,26634.24
4228,08/04/2026 09:39:32,21.15,41472.00
4229,08/04/2026 09:54:32,19.99,24616.96
4230,08/04/2026 10:09:32,20.29,27576.32
4231,08/04/2026 10:24:32,18.70,29839.36
4232,08/04/2026 10:39:32,18.06,31815.68
4233,08/04/2026 10:54:32,16.56,13849.60
4234,08/04/2026 11:09:32,15.23,6656.00
4235,08/04/2026 11:24:32,15.78,7836.16
4236,08/04/2026 11:39:32,15.83,15948.80
4237,08/04/2026 11:54:32,16.13,21166.08
4238,08/04/2026 12:09:32,15.70,10905.60
4239,08/04/2026 12:24:32,15.83,18611.20
4240,08/04/2026 12:39:32,15.61,10685.44
4241,08/04/2026 12:54:32,15.18,7063.04
4242,08/04/2026 13:09:32,16.00,38963.20
4243,08/04/2026 13:24:32,16.08,28989.44
4244,08/04/2026 13:39:32,15.36,5294.08
4245,08/04/2026 13:54:32,15.48,9871.36
4246,08/04/2026 14:09:32,16.00,24872.96
4247,08/04/2026 14:24:32,15.91,22190.08
4248,08/04/2026 14:39:32,16.04,29009.92
4249,08/04/2026 14:54:32,15.61,12206.08
4250,08/04/2026 15:09:32,15.83,18923.52
4251,08/04/2026 15:24:32,15.91,16481.28
4252,08/04/2026 15:39:32,15.91,18186.24
4253,08/04/2026 15:54:32,16.21,27914.24
4254,08/04/2026 16:09:32,15.78,10380.80
4255,08/04/2026 16:24:32,16.60,36300.80
4256,08/04/2026 16:39:32,16.34,14607.36
4257,08/04/2026 16:54:32,16.60,26368.00
4258,08/04/2026 17:09:32,15.96,5286.40
4259,08/04/2026 17:24:32,15.78,9625.60
4260,08/04/2026 17:39:32,16.39,8796.16
4261,08/04/2026 17:54:32,16.00,6991.36
4262,08/04/2026 18:09:32,15.74,2508.80
4263,08/04/2026 18:24:32,15.83,1370.24
4264,08/04/2026 18:39:32,15.66,1280.96
4265,08/04/2026 18:54:32,15.83,1677.44
4266,08/04/2026 19:09:32,15.78,1814.40
4267,08/04/2026 19:24:32,15.78,3708.16
4268,08/04/2026 19:39:32,15.78,4806.40
4269,08/04/2026 19:54:32,16.00,4852.48
4270,08/04/2026 20:09:32,15.87,4798.72
4271,08/04/2026 20:24:32,15.57,1664.00
4272,08/04/2026 20:39:32,15.66,1162.56
4273,08/04/2026 20:54:32,15.78,540.96
4274,08/04/2026 21:09:32,15.78,185.92
4275,08/04/2026 21:24:32,15.57,36.17
4276,08/04/2026 21:39:32,15.57,5.18
4277,08/04/2026 21:54:32,15.53,0.41
4278,08/04/2026 22:09:32,15.48,0.00
4279,08/04/2026 22:24:32,15.96,0.00
4280,08/04/2026 22:39:32,15.74,0.00
4281,08/04/2026 22:54:32,15.53,0.00
4282,08/04/2026 23:09:32,15.44,0.00
4283,08/04/2026 23:24:32,15.57,0.00
4284,08/04/2026 23:39:32,15.70,0.00
4285,08/04/2026 23:54:32,15.70,0.00
4286,08/05/2026 00:09:32,15.74,0.00
4287,08/05/2026 00:24:32,15.66,0.00
4288,08/05/2026 00:39:32,15.61,0.00
4289,08/05/2026 00:54:32,15.48,0.00
4290,08/05/2026 01:09:32,15.40,0.00
4291,08/05/2026 01:24:32,15.36,0.00
4292,08/05/2026 01:39:32,15.27,0.00
4293,08/05/2026 01:54:32,15.18,0.00
4294,08/05/2026 02:09:32,15.14,0.00
4295,08/05/2026 02:24:32,15.01,0.00
4296,08/05/2026 02:39:32,15.01,0.00
4297,08/05/2026 02:54:32,15.01,0.00
4298,08/05/2026 03:09:32,14.84,0.00
4299,08/05/2026 03:24:32,14.84,0.00
4300,08/05/2026 03:39:32,14.84,0.00
4301,08/05/2026 03:54:32,14.80,0.00
4302,08/05/2026 04:09:32,14.75,0.00
4303,08/05/2026 04:24:32,14.75,0.00
4304,08/05/2026 04:39:32,14.71,0.00
4305,08/05/2026 04:54:32,14.75,0.41
4306,08/05/2026 05:09:32,14.75,4.76
4307,08/05/2026 05:24:32,14.71,38.71
4308,08/05/2026 05:39:32,14.71,176.00
4309,08/05/2026 05:54:32,14.63,460.16
4310,08/05/2026 06:09:32,14.63,935.36
4311,08/05/2026 06:24:32,14.67,1405.44
4312,08/05/2026 06:39:32,14.71,2743.04
4313,08/05/2026 06:54:32,14.75,3873.28
4314,08/05/2026 07:09:32,14.88,5478.40
4315,08/05/2026 07:24:32,14.93,8099.84
4316,08/05/2026 07:39:32,15.01,9922.56
4317,08/05/2026 07:54:32,15.10,11432.96
4318,08/05/2026 08:09:32,15.23,10572.80
4319,08/05/2026 08:24:32,15.44,14694.40
4320,08/05/2026 08:39:32,15.48,20172.80
4321,08/05/2026 08:54:32,15.66,20188.16
4322,08/05/2026 09:09:32,15.74,20423.68
4323,08/05/2026 09:24:32,15.87,21678.08
4324,08/05/2026 09:39:32,16.04,26265.60
4325,08/05/2026 09:54:32,16.26,23828.48
4326,08/05/2026 10:09:32,16.51,25886.72
4327,08/05/2026 10:24:32,16.56,31109.12
4328,08/05/2026 10:39:32,16.73,32317.44
4329,08/05/2026 10:54:32,16.86,34836.48
4330,08/05/2026 11:09:32,17.03,40212.48
4331,08/05/2026 11:24:32,17.11,39536.64
4332,08/05/2026 11:39:32,17.07,42311.68
4333,08/05/2026 11:54:32,17.07,47390.72
4334,08/05/2026 12:09:32,17.03,45137.92
4335,08/05/2026 12:24:32,17.03,28487.68
4336,08/05/2026 12:39:32,16.99,38164.48
4337,08/05/2026 12:54:32,16.90,46878.72
4338,08/05/2026 13:09:32,16.77,28968.96
4339,08/05/2026 13:24:32,16.81,46018.56
4340,08/05/2026 13:39:32,16.90,29368.32
4341,08/05/2026 13:54:32,16.69,30515.20
4342,08/05/2026 14:09:32,16.64,31068.16
4343,08/05/2026 14:24:32,16.73,27729.92
4344,08/05/2026 14:39:32,16.77,25600.00
4345,08/05/2026 14:54:32,16.94,30464.00
4346,08/05/2026 15:09:32,17.03,34017.28
4347,08/05/2026 15:24:32,17.07,21196.80
4348,08/05/2026 15:39:32,17.16,26654.72
4349,08/05/2026 15:54:32,17.24,24862.72
4350,08/05/2026 16:09:32,17.24,26603.52
4351,08/05/2026 16:24:32,17.29,31416.32
4352,08/05/2026 16:39:32,17.29,21073.92
4353,08/05/2026 16:54:32,17.33,23152.64
4354,08/05/2026 17:09:32,17.33,21729.28
4355,08/05/2026 17:24:32,17.33,26951.68
4356,08/05/2026 17:39:32,17.33,27770.88
4357,08/05/2026 17:54:32,17.41,19834.88
4358,08/05/2026 18:09:32,17.37,14760.96
4359,08/05/2026 18:24:32,17.33,11857.92
4360,08/05/2026 18:39:32,17.37,21493.76
4361,08/05/2026 18:54:32,17.37,10196.48
4362,08/05/2026 19:09:32,17.37,14115.84
4363,08/05/2026 19:24:32,17.33,6686.72
4364,08/05/2026 19:39:32,17.29,10521.60
4365,08/05/2026 19:54:32,17.20,4616.96
4366,08/05/2026 20:09:32,17.07,3508.48
4367,08/05/2026 20:24:32,16.86,1792.64
4368,08/05/2026 20:39:32,16.77,1045.44
4369,08/05/2026 20:54:32,16.81,570.40
4370,08/05/2026 21:09:32,17.11,174.32
4371,08/05/2026 21:24:32,16.90,29.12
4372,08/05/2026 21:39:32,17.11,3.73
4373,08/05/2026 21:54:32,17.29,0.20
4374,08/05/2026 22:09:32,17.41,0.00
4375,08/05/2026 22:24:32,17.59,0.00
4376,08/05/2026 22:39:32,17.72,0.00
4377,08/05/2026 22:54:32,17.84,0.00
4378,08/05/2026 23:09:32,17.97,0.00
4379,08/05/2026 23:24:32,18.14,0.00
4380,08/05/2026 23:39:32,18.23,0.00
4381,08/05/2026 23:54:32,18.27,0.00
4382,08/06/2026 00:09:32,18.27,0.00
4383,08/06/2026 00:24:32,18.23,0.00
4384,08/06/2026 00:39:32,18.14,0.00
4385,08/06/2026 00:54:32,18.02,0.00
4386,08/06/2026 01:09:32,18.06,0.00
4387,08/06/2026 01:24:32,18.06,0.00
4388,08/06/2026 01:39:32,18.02,0.00
4389,08/06/2026 01:54:32,18.02,0.00
4390,08/06/2026 02:09:32,17.97,0.00
4391,08/06/2026 02:24:32,17.84,0.00
4392,08/06/2026 02:39:32,17.76,0.00
4393,08/06/2026 02:54:32,17.63,0.00
4394,08/06/2026 03:09:32,17.37,0.00
4395,08/06/2026 03:24:32,17.16,0.00
4396,08/06/2026 03:39:32,16.90,0.00
4397,08/06/2026 03:54:32,16.60,0.00
4398,08/06/2026 04:09:32,16.34,0.00
4399,08/06/2026 04:24:32,16.17,0.00
4400,08/06/2026 04:39:32,16.00,0.00
4401,08/06/2026 04:54:32,16.00,0.20
4402,08/06/2026 05:09:32,15.87,3.52
4403,08/06/2026 05:24:32,15.83,28.27
4404,08/06/2026 05:39:32,15.74,128.20
4405,08/06/2026 05:54:32,15.70,388.48
4406,08/06/2026 06:09:32,15.66,840.32
4407,08/06/2026 06:24:32,15.61,1515.52
4408,08/06/2026 06:39:32,15.61,2096.00
4409,08/06/2026 06:54:32,15.70,3618.56
4410,08/06/2026 07:09:32,15.78,3973.12
4411,08/06/2026 07:24:32,15.78,6666.24
4412,08/06/2026 07:39:32,15.87,12359.68
4413,08/06/2026 07:54:32,16.04,11130.88
4414,08/06/2026 08:09:32,16.08,18688.00
4415,08/06/2026 08:24:32,16.21,12149.76
4416,08/06/2026 08:39:32,16.43,16097.28
4417,08/06/2026 08:54:32,16.51,12631.04
4418,08/06/2026 09:09:32,16.69,25896.96
4419,08/06/2026 09:24:32,16.77,32952.32
4420,08/06/2026 09:39:32,16.90,24227.84
4421,08/06/2026 09:54:32,16.99,23316.48
4422,08/06/2026 10:09:32,17.07,25671.68
4423,08/06/2026 10:24:32,17.16,27187.20
4424,08/06/2026 10:39:32,17.50,37345.28
4425,08/06/2026 10:54:32,17.59,38492.16
4426,08/06/2026 11:09:32,17.76,29132.80
4427,08/06/2026 11:24:32,17.76,36280.32
4428,08/06/2026 11:39:32,17.80,39168.00
4429,08/06/2026 11:54:32,17.89,37908.48
4430,08/06/2026 12:09:32,18.02,31897.60
4431,08/06/2026 12:24:32,18.06,51732.48
4432,08/06/2026 12:39:32,17.33,24442.88
4433,08/06/2026 12:54:32,17.84,34007.04
4434,08/06/2026 13:09:32,17.63,32778.24
4435,08/06/2026 13:24:32,18.23,40048.64
4436,08/06/2026 13:39:32,18.44,31334.40
4437,08/06/2026 13:54:32,20.50,46612.48
4438,08/06/2026 14:09:32,18.53,764.80
4439,08/06/2026 14:24:32,20.68,601.60
4440,08/06/2026 14:39:32,33.42,13470.72
4441,08/06/2026 14:54:32,37.96,13516.80
4442,08/06/2026 15:09:32,37.02,11269.12
4443,08/06/2026 15:24:32,37.23,11095.04
4444,08/06/2026 15:39:32,36.76,10716.16
4445,08/06/2026 15:54:32,35.78,10880.00
4446,08/06/2026 16:09:32,34.27,11443.20
4447,08/06/2026 16:24:32,32.47,12421.12
4448,08/06/2026 16:39:32,32.52,16302.08
4449,08/06/2026 16:54:32,32.99,20418.56
4450,08/06/2026 17:09:32,33.37,22026.24
4451,08/06/2026 17:24:32,33.42,21432.32
4452,08/06/2026 17:39:32,32.94,27801.60
4453,08/06/2026 17:54:32,25.14,351.20
4454,08/06/2026 18:09:32,19.30,2.69
4455,08/06/2026 18:24:32,22.43,0.00
4456,08/06/2026 18:39:32,23.46,0.00
4457,08/06/2026 18:54:32,24.06,0.00
4458,08/06/2026 19:09:32,24.45,0.00
4459,08/06/2026 19:24:32,24.62,0.00
4460,08/06/2026 19:39:32,24.58,0.00
4461,08/06/2026 19:54:32,24.36,0.00
4462,08/06/2026 20:09:32,25.82,99.72
4463,08/06/2026 20:24:32,27.20,93.88
4464,08/06/2026 20:39:32,27.50,2.69
4465,08/06/2026 20:54:32,27.45,1.03
4466,08/06/2026 21:09:32,27.28,0.00
4467,08/06/2026 21:24:32,27.11,0.00
4468,08/06/2026 21:39:32,26.90,0.00
4469,08/06/2026 21:54:32,26.77,0.00
4470,08/06/2026 22:09:32,26.55,0.00
4471,08/06/2026 22:24:32,26.42,0.00
4472,08/06/2026 22:39:32,26.30,0.00
4473,08/06/2026 22:54:32,26.12,0.00
4474,08/06/2026 23:09:32,25.99,0.00
4475,08/06/2026 23:24:32,25.87,0.00
4476,08/06/2026 23:39:32,25.74,0.00
4477,08/06/2026 23:54:32,25.65,0.00
4478,08/07/2026 00:09:32,25.57,0.00
4479,08/07/2026 00:24:32,25.39,0.00
4480,08/07/2026 00:39:32,25.35,0.00
4481,08/07/2026 00:54:32,25.22,0.00
4482,08/07/2026 01:09:32,25.14,0.00
4483,08/07/2026 01:24:32,25.05,0.00
4484,08/07/2026 01:39:32,24.97,0.00
4485,08/07/2026 01:54:32,24.88,0.00
4486,08/07/2026 02:09:32,24.79,0.00
4487,08/07/2026 02:24:32,24.71,0.00
4488,08/07/2026 02:39:32,24.62,0.00
4489,08/07/2026 02:54:32,24.58,0.00
4490,08/07/2026 03:09:32,24.45,0.00
4491,08/07/2026 03:24:32,24.36,0.00
4492,08/07/2026 03:39:32,24.32,0.00
4493,08/07/2026 03:54:32,24.24,0.00
4494,08/07/2026 04:09:32,24.15,0.00
4495,08/07/2026 04:24:32,24.02,0.00
4496,08/07/2026 04:39:32,23.98,0.00
4497,08/07/2026 04:54:32,23.89,0.00
4498,08/07/2026 05:09:32,23.81,0.00
4499,08/07/2026 05:24:32,23.72,0.00
4500,08/07/2026 05:39:32,23.64,0.62
4501,08/07/2026 05:54:32,23.55,2.07
4502,08/07/2026 06:09:32,23.55,5.80
4503,08/07/2026 06:24:32,23.51,8.50
4504,08/07/2026 06:39:32,23.42,10.80
4505,08/07/2026 06:54:32,23.38,14.53
4506,08/07/2026 07:09:32,23.29,59.70
4507,08/07/2026 07:24:32,23.34,100.24
4508,08/07/2026 07:39:32,23.38,95.24
4509,08/07/2026 07:54:32,23.42,75.46
4510,08/07/2026 08:09:32,23.42,34.20
4511,08/07/2026 08:24:32,23.38,66.64
4512,08/07/2026 08:39:32,23.34,60.00
4513,08/07/2026 08:54:32,23.38,63.32
4514,08/07/2026 09:09:32,23.38,120.00
4515,08/07/2026 09:24:32,23.72,182.40
4516,08/07/2026 09:39:32,24.19,139.72
4517,08/07/2026 09:54:32,24.49,158.08
4518,08/07/2026 10:09:32,24.75,148.12
4519,08/07/2026 10:24:32,24.97,157.32
4520,08/07/2026 10:39:32,25.09,151.44
4521,08/07/2026 10:54:32,25.18,151.52
4522,08/07/2026 11:09:32,25.22,162.40
4523,08/07/2026 11:24:32,25.18,89.76
